time,APlasma,[APlasma]
0.0,0.0,0.0
0.041666666666666664,1.330489594591996e-09,1.330489594591996e-09
0.08333333333333333,1.0441733076940672e-08,1.0441733076940672e-08
0.125,3.457356886524201e-08,3.457356886524201e-08
0.16666666666666666,8.040536882825238e-08,8.040536882825238e-08
0.20833333333333331,1.5408715920722393e-07,1.5408715920722393e-07
0.25,2.6126923787548224e-07,2.6126923787548224e-07
0.29166666666666663,4.071303018114226e-07,4.071303018114226e-07
0.3333333333333333,5.964042134829719e-07,5.964042134829719e-07
0.375,8.33405488359658e-07,8.33405488359658e-07
0.41666666666666663,1.1220534075604223e-06,1.1220534075604223e-06
0.4583333333333333,1.4658950012305202e-06,1.4658950012305202e-06
0.5,1.8681268852928256e-06,1.8681268852928256e-06
0.5416666666666666,2.331615947203419e-06,2.331615947203419e-06
0.5833333333333333,2.858919057579796e-06,2.858919057579796e-06
0.625,3.4523018748119634e-06,3.4523018748119634e-06
0.6666666666666666,4.113756511043787e-06,4.113756511043787e-06
0.7083333333333333,4.845018274800908e-06,4.845018274800908e-06
0.75,5.647581643031347e-06,5.647581643031347e-06
0.7916666666666666,6.522715494530323e-06,6.522715494530323e-06
0.8333333333333333,7.471477500107799e-06,7.471477500107799e-06
0.875,8.494727688507864e-06,8.494727688507864e-06
0.9166666666666666,9.59314114386456e-06,9.59314114386456e-06
0.9583333333333333,1.0767220656208707e-05,1.0767220656208707e-05
1.0,1.2017308500560498e-05,1.2017308500560498e-05
1.0416666666666665,1.334494066345615e-05,1.334494066345615e-05
1.0833333333333333,1.4756585181684572e-05,1.4756585181684572e-05
1.125,1.6259430588502203e-05,1.6259430588502203e-05
1.1666666666666665,1.7859964499372648e-05,1.7859964499372648e-05
1.2083333333333333,1.9564020164722144e-05,1.9564020164722144e-05
1.25,2.1376832276675573e-05,2.1376832276675573e-05
1.2916666666666665,2.3303070830854874e-05,2.3303070830854874e-05
1.3333333333333333,2.5346876149382054e-05,2.5346876149382054e-05
1.375,2.75118868954965e-05,2.75118868954965e-05
1.4166666666666665,2.980128090503702e-05,2.980128090503702e-05
1.4583333333333333,3.221778397899342e-05,3.221778397899342e-05
1.5,3.47637209238942e-05,3.47637209238942e-05
1.5416666666666665,3.744100432613653e-05,3.744100432613653e-05
1.5833333333333333,4.025119255926766e-05,4.025119255926766e-05
1.625,4.31955189439807e-05,4.31955189439807e-05
1.6666666666666665,4.62748927232441e-05,4.62748927232441e-05
1.7083333333333333,4.948994612533257e-05,4.948994612533257e-05
1.75,5.2841013295252714e-05,5.2841013295252714e-05
1.7916666666666665,5.6328200407973027e-05,5.6328200407973027e-05
1.8333333333333333,5.995137063465779e-05,5.995137063465779e-05
1.875,6.371013638724598e-05,6.371013638724598e-05
1.9166666666666665,6.760397613611695e-05,6.760397613611695e-05
1.9583333333333333,7.163208749338287e-05,7.163208749338287e-05
2.0,7.579357368364705e-05,7.579357368364705e-05
2.0416666666666665,8.00887841193214e-05,8.00887841193214e-05
2.083333333333333,8.452270187966412e-05,8.452270187966412e-05
2.125,8.910126852574159e-05,8.910126852574159e-05
2.1666666666666665,9.382970014222921e-05,9.382970014222921e-05
2.208333333333333,9.871246730473027e-05,9.871246730473027e-05
2.25,0.00010375354163797275,0.00010375354163797275
2.2916666666666665,0.00010895637079505237,0.00010895637079505237
2.333333333333333,0.00011432379749706103,0.00011432379749706103
2.375,0.00011985814120231715,0.00011985814120231715
2.4166666666666665,0.00012556125884441278,0.00012556125884441278
2.458333333333333,0.0001314345849107442,0.0001314345849107442
2.5,0.00013747916012962002,0.00013747916012962002
2.5416666666666665,0.00014369565610735781,0.00014369565610735781
2.583333333333333,0.00015008439559471777,0.00015008439559471777
2.625,0.0001566453792196831,0.0001566453792196831
2.6666666666666665,0.0001633783279803847,0.0001633783279803847
2.708333333333333,0.00017028260473740854,0.00017028260473740854
2.75,0.00017735744981911756,0.00017735744981911756
2.7916666666666665,0.00018460170590774136,0.00018460170590774136
2.833333333333333,0.00019201398266470486,0.00019201398266470486
2.875,0.00019959288370695574,0.00019959288370695574
2.9166666666666665,0.00020733654128991553,0.00020733654128991553
2.958333333333333,0.00021524314229135394,0.00021524314229135394
3.0,0.0002233106383778076,0.0002233106383778076
3.0416666666666665,0.00023153837577892164,0.00023153837577892164
3.083333333333333,0.00023993013661835656,0.00023993013661835656
3.125,0.00024849084089053025,0.00024849084089053025
3.1666666666666665,0.00025722468500822404,0.00025722468500822404
3.208333333333333,0.00026613524080261697,0.00026613524080261697
3.25,0.00027522545280622435,0.00027522545280622435
3.2916666666666665,0.0002844975645897182,0.0002844975645897182
3.333333333333333,0.0002939536408276224,0.0002939536408276224
3.375,0.00030359499773622553,0.00030359499773622553
3.4166666666666665,0.000313422733491511,0.000313422733491511
3.458333333333333,0.00032343734519283513,0.00032343734519283513
3.5,0.0003336389782013384,0.0003336389782013384
3.5416666666666665,0.00034402737066057597,0.00034402737066057597
3.583333333333333,0.0003546019722474941,0.0003546019722474941
3.625,0.0003653619155970315,0.0003653619155970315
3.6666666666666665,0.0003763060524935174,0.0003763060524935174
3.708333333333333,0.00038743301213115536,0.00038743301213115536
3.75,0.000398741143835186,0.000398741143835186
3.7916666666666665,0.000410228598002952,0.000410228598002952
3.833333333333333,0.00042189331830911925,0.00042189331830911925
3.875,0.00043373304879588465,0.00043373304879588465
3.9166666666666665,0.0004457454472058346,0.0004457454472058346
3.958333333333333,0.00045792789633542993,0.00045792789633542993
4.0,0.00047027757108241623,0.00047027757108241623
4.041666666666666,0.00048279324489803016,0.00048279324489803016
4.083333333333333,0.0004954778531825806,0.0004954778531825806
4.125,0.0005083357764656982,0.0005083357764656982
4.166666666666666,0.0005213704462444957,0.0005213704462444957
4.208333333333333,0.0005345848952559315,0.0005345848952559315
4.25,0.0005479815887455156,0.0005479815887455156
4.291666666666666,0.0005615623409412355,0.0005615623409412355
4.333333333333333,0.0005753284211858604,0.0005753284211858604
4.375,0.0005892805882668747,0.0005892805882668747
4.416666666666666,0.0006034194557371034,0.0006034194557371034
4.458333333333333,0.000617744901734254,0.000617744901734254
4.5,0.0006322567653552246,0.0006322567653552246
4.541666666666666,0.0006469542765812437,0.0006469542765812437
4.583333333333333,0.0006618364132685804,0.0006618364132685804
4.625,0.0006769018689580322,0.0006769018689580322
4.666666666666666,0.0006921489430210329,0.0006921489430210329
4.708333333333333,0.0007075758590131923,0.0007075758590131923
4.75,0.000723180437679049,0.000723180437679049
4.791666666666666,0.0007389604729453507,0.0007389604729453507
4.833333333333333,0.0007549134223344031,0.0007549134223344031
4.875,0.0007710366993278169,0.0007710366993278169
4.916666666666666,0.000787327450477737,0.000787327450477737
4.958333333333333,0.0008037827719147571,0.0008037827719147571
5.0,0.000820399538465316,0.000820399538465316
5.041666666666666,0.0008371764434646291,0.0008371764434646291
5.083333333333333,0.000854115647780572,0.000854115647780572
5.125,0.0008712212952655556,0.0008712212952655556
5.166666666666666,0.0008884965636452339,0.0008884965636452339
5.208333333333333,0.0009059439323670206,0.0009059439323670206
5.25,0.0009235656511907282,0.0009235656511907282
5.291666666666666,0.0009413634346985614,0.0009413634346985614
5.333333333333333,0.0009593379688647056,0.0009593379688647056
5.375,0.0009774903355166985,0.0009774903355166985
5.416666666666666,0.0009958203905981186,0.0009958203905981186
5.458333333333333,0.001014327941223172,0.001014327941223172
5.5,0.001033012502648683,0.001033012502648683
5.541666666666666,0.0010518728739069322,0.0010518728739069322
5.583333333333333,0.0010709080268994787,0.0010709080268994787
5.625,0.0010901163384937171,0.0010901163384937171
5.666666666666666,0.0011094958798052565,0.0011094958798052565
5.708333333333333,0.0011290447714589723,0.0011290447714589723
5.75,0.001148760431874183,0.001148760431874183
5.791666666666666,0.0011686407391578821,0.0011686407391578821
5.833333333333333,0.0011886828633475433,0.0011886828633475433
5.875,0.0012088840020142654,0.0012088840020142654
5.916666666666666,0.0012292413416642835,0.0012292413416642835
5.958333333333333,0.0012497515876509113,0.0012497515876509113
6.0,0.0012704115270051502,0.0012704115270051502
6.041666666666666,0.0012912198296521889,0.0012912198296521889
6.083333333333333,0.0013121781129991927,0.0013121781129991927
6.125,0.0013332904950892756,0.0013332904950892756
6.166666666666666,0.0013545600230706657,0.0013545600230706657
6.208333333333333,0.0013759890593331298,0.0013759890593331298
6.25,0.0013975794382690575,0.0013975794382690575
6.291666666666666,0.0014193328735798974,0.0014193328735798974
6.333333333333333,0.0014412501776413058,0.0014412501776413058
6.375,0.0014633320391637887,0.0014633320391637887
6.416666666666666,0.0014855784748589904,0.0014855784748589904
6.458333333333333,0.001507989077848243,0.001507989077848243
6.5,0.0015305633172905961,0.0015305633172905961
6.541666666666666,0.00155329984264632,0.00155329984264632
6.583333333333333,0.0015761976869698156,0.0015761976869698156
6.625,0.0015992547182910148,0.0015992547182910148
6.666666666666666,0.0016224695502236287,0.0016224695502236287
6.708333333333333,0.0016458395447318114,0.0016458395447318114
6.75,0.0016693627961127007,0.0016693627961127007
6.791666666666666,0.0016930363441087354,0.0016930363441087354
6.833333333333333,0.0017168577762212318,0.0017168577762212318
6.875,0.0017408237799436412,0.0017408237799436412
6.916666666666666,0.0017649316385666036,0.0017649316385666036
6.958333333333333,0.0017891782173186485,0.0017891782173186485
7.0,0.0018135599476902032,0.0018135599476902032
7.041666666666666,0.0018380761564522961,0.0018380761564522961
7.083333333333333,0.0018627277175010369,0.0018627277175010369
7.125,0.001887518884140034,0.001887518884140034
7.166666666666666,0.0019124525511657062,0.0019124525511657062
7.208333333333333,0.0019375311544974402,0.0019375311544974402
7.25,0.0019627563580132588,0.0019627563580132588
7.291666666666666,0.001988129607510179,0.001988129607510179
7.333333333333333,0.0020136521586205523,0.0020136521586205523
7.375,0.002039324023972561,0.002039324023972561
7.416666666666666,0.00206514606920241,0.00206514606920241
7.458333333333333,0.0020911170361853485,0.0020911170361853485
7.5,0.002117237188556516,0.002117237188556516
7.541666666666666,0.0021435044596247997,0.0021435044596247997
7.583333333333333,0.002169918437434265,0.002169918437434265
7.625,0.00219647652312219,0.00219647652312219
7.666666666666666,0.0022231776665752956,0.0022231776665752956
7.708333333333333,0.0022500188800617803,0.0022500188800617803
7.75,0.0022769984825683548,0.0022769984825683548
7.791666666666666,0.0023041133897538954,0.0023041133897538954
7.833333333333333,0.002331361186719657,0.002331361186719657
7.875,0.0023587387519415468,0.0023587387519415468
7.916666666666666,0.0023862431084133817,0.0023862431084133817
7.958333333333333,0.002413871051973112,0.002413871051973112
8.0,0.0024416192028030447,0.0024416192028030447
8.041666666666666,0.002469486634944072,0.002469486634944072
8.083333333333332,0.0024974745663998536,0.0024974745663998536
8.125,0.002525587128649406,0.002525587128649406
8.166666666666666,0.002553827098260482,0.002553827098260482
8.208333333333332,0.0025821969547498835,0.0025821969547498835
8.25,0.0026106986495932636,0.0026106986495932636
8.291666666666666,0.0026393328747973863,0.0026393328747973863
8.333333333333332,0.0026681013884788545,0.0026681013884788545
8.375,0.0026970044687365468,0.0026970044687365468
8.416666666666666,0.0027260419469739856,0.0027260419469739856
8.458333333333332,0.002755214434953145,0.002755214434953145
8.5,0.002784519940507445,0.002784519940507445
8.541666666666666,0.0028139589154596144,0.0028139589154596144
8.583333333333332,0.0028435284580911255,0.0028435284580911255
8.625,0.0028732281049244305,0.0028732281049244305
8.666666666666666,0.002903055441058222,0.002903055441058222
8.708333333333332,0.002933008299158409,0.002933008299158409
8.75,0.0029630846527863757,0.0029630846527863757
8.791666666666666,0.0029932813798700473,0.0029932813798700473
8.833333333333332,0.003023596405395549,0.003023596405395549
8.875,0.003054026111647788,0.003054026111647788
8.916666666666666,0.003084568058159185,0.003084568058159185
8.958333333333332,0.003115218693683953,0.003115218693683953
9.0,0.0031459748646009322,0.0031459748646009322
9.041666666666666,0.003176835776634877,0.003176835776634877
9.083333333333332,0.003207802500177613,0.003207802500177613
9.125,0.0032388791642153506,0.0032388791642153506
9.166666666666666,0.0032700685452503467,0.0032700685452503467
9.208333333333332,0.003301373149423817,0.003301373149423817
9.25,0.003332794859502163,0.003332794859502163
9.291666666666666,0.0033643352815487196,0.0033643352815487196
9.333333333333332,0.0033959942919056735,0.0033959942919056735
9.375,0.0034277737734680833,0.0034277737734680833
9.416666666666666,0.0034596733090204402,0.0034596733090204402
9.458333333333332,0.0034916923641091038,0.0034916923641091038
9.5,0.003523831553966173,0.003523831553966173
9.541666666666666,0.003556088063550846,0.003556088063550846
9.583333333333332,0.00358846220061942,0.00358846220061942
9.625,0.003620951534770551,0.003620951534770551
9.666666666666666,0.003653554217984448,0.003653554217984448
9.708333333333332,0.0036862687525768133,0.0036862687525768133
9.75,0.0037190917766925704,0.0037190917766925704
9.791666666666666,0.0037520217481925014,0.0037520217481925014
9.833333333333332,0.0037850552648887575,0.0037850552648887575
9.875,0.0038181897230705293,0.0038181897230705293
9.916666666666666,0.003851422305418556,0.003851422305418556
9.958333333333332,0.0038847493551293325,0.0038847493551293325
10.0,0.003918168192788343,0.003918168192788343
10.041666666666666,0.003951677777644976,0.003951677777644976
10.083333333333332,0.003985279131181566,0.003985279131181566
10.125,0.004018976570332111,0.004018976570332111
10.166666666666666,0.004052772841244855,0.004052772841244855
10.208333333333332,0.004086670407970908,0.004086670407970908
10.25,0.004120671321861206,0.004120671321861206
10.291666666666666,0.00415477674348066,0.00415477674348066
10.333333333333332,0.004188988235553664,0.004188988235553664
10.375,0.004223305860631307,0.004223305860631307
10.416666666666666,0.00425773026792726,0.00425773026792726
10.458333333333332,0.004292260839507531,0.004292260839507531
10.5,0.004326896675690617,0.004326896675690617
10.541666666666666,0.00436163642083833,0.00436163642083833
10.583333333333332,0.004396479609613621,0.004396479609613621
10.625,0.0044314253041218355,0.0044314253041218355
10.666666666666666,0.004466469613546136,0.004466469613546136
10.708333333333332,0.0045016120516918,0.0045016120516918
10.75,0.004536850899007891,0.004536850899007891
10.791666666666666,0.004572183276190958,0.004572183276190958
10.833333333333332,0.004607605965150244,0.004607605965150244
10.875,0.004643116684887301,0.004643116684887301
10.916666666666666,0.004678712443693727,0.004678712443693727
10.958333333333332,0.0047143900889631465,0.0047143900889631465
11.0,0.004750146210989485,0.004750146210989485
11.041666666666666,0.004785979194919774,0.004785979194919774
11.083333333333332,0.004821890878473968,0.004821890878473968
11.125,0.004857885605412769,0.004857885605412769
11.166666666666666,0.0048939663580173515,0.0048939663580173515
11.208333333333332,0.004930135317829176,0.004930135317829176
11.25,0.004966394580885144,0.004966394580885144
11.291666666666666,0.005002745719395702,0.005002745719395702
11.333333333333332,0.005039189538551566,0.005039189538551566
11.375,0.005075727142554372,0.005075727142554372
11.416666666666666,0.0051123582370570745,0.0051123582370570745
11.458333333333332,0.005149083162618983,0.005149083162618983
11.5,0.005185900846029606,0.005185900846029606
11.541666666666666,0.005222810486416282,0.005222810486416282
11.583333333333332,0.005259810015996704,0.005259810015996704
11.625,0.005296898771211915,0.005296898771211915
11.666666666666666,0.005334075742098071,0.005334075742098071
11.708333333333332,0.005371337309891896,0.005371337309891896
11.75,0.005408681866432834,0.005408681866432834
11.791666666666666,0.005446107709445404,0.005446107709445404
11.833333333333332,0.005483612516761926,0.005483612516761926
11.875,0.005521192302665843,0.005521192302665843
11.916666666666666,0.005558844815269845,0.005558844815269845
11.958333333333332,0.005596566948041494,0.005596566948041494
12.0,0.005634355509918614,0.005634355509918614
12.041666666666666,0.005672209155269172,0.005672209155269172
12.083333333333332,0.00571012945963693,0.00571012945963693
12.125,0.005748120674912269,0.005748120674912269
12.166666666666666,0.005786185941987955,0.005786185941987955
12.208333333333332,0.005824327307571129,0.005824327307571129
12.25,0.0058625470112499195,0.0058625470112499195
12.291666666666666,0.00590084656708411,0.00590084656708411
12.333333333333332,0.005939226920056018,0.005939226920056018
12.375,0.005977688870429883,0.005977688870429883
12.416666666666666,0.006016232785703128,0.006016232785703128
12.458333333333332,0.006054858253305417,0.006054858253305417
12.5,0.006093565244668156,0.006093565244668156
12.541666666666666,0.0061323522687295835,0.0061323522687295835
12.583333333333332,0.0061712186329800685,0.0061712186329800685
12.625,0.006210161625092919,0.006210161625092919
12.666666666666666,0.006249180416909543,0.006249180416909543
12.708333333333332,0.0062882736699846975,0.0062882736699846975
12.75,0.00632743857102884,0.00632743857102884
12.791666666666666,0.006366672105167619,0.006366672105167619
12.833333333333332,0.006405972714778731,0.006405972714778731
12.875,0.006445338036117927,0.006445338036117927
12.916666666666666,0.006484764474476256,0.006484764474476256
12.958333333333332,0.006524249022291379,0.006524249022291379
13.0,0.006563788690149808,0.006563788690149808
13.041666666666666,0.006603382594342271,0.006603382594342271
13.083333333333332,0.006643031944922769,0.006643031944922769
13.125,0.006682741182750243,0.006682741182750243
13.166666666666666,0.00672251320743173,0.00672251320743173
13.208333333333332,0.0067623503712708,0.0067623503712708
13.25,0.00680225471841168,0.00680225471841168
13.291666666666666,0.006842227803626834,0.006842227803626834
13.333333333333332,0.006882271000007618,0.006882271000007618
13.375,0.0069223841857158925,0.0069223841857158925
13.416666666666666,0.006962568707246184,0.006962568707246184
13.458333333333332,0.00700282379342063,0.00700282379342063
13.5,0.0070431492444032245,0.0070431492444032245
13.541666666666666,0.007083544544937034,0.007083544544937034
13.583333333333332,0.007124007843284843,0.007124007843284843
13.625,0.007164538544509012,0.007164538544509012
13.666666666666666,0.007205133359529103,0.007205133359529103
13.708333333333332,0.007245791322590171,0.007245791322590171
13.75,0.007286510809640387,0.007286510809640387
13.791666666666666,0.007327289514539668,0.007327289514539668
13.833333333333332,0.00736812349367582,0.00736812349367582
13.875,0.007409011207376144,0.007409011207376144
13.916666666666666,0.0074499500800006314,0.0074499500800006314
13.958333333333332,0.007490937027051998,0.007490937027051998
14.0,0.007531968384899943,0.007531968384899943
14.041666666666666,0.007573043850487799,0.007573043850487799
14.083333333333332,0.007614164426061073,0.007614164426061073
14.125,0.007655334746923604,0.007655334746923604
14.166666666666666,0.007696557580363979,0.007696557580363979
14.208333333333332,0.007737835596795633,0.007737835596795633
14.25,0.007779170274806986,0.007779170274806986
14.291666666666666,0.007820563636589568,0.007820563636589568
14.333333333333332,0.007862016657037224,0.007862016657037224
14.375,0.007903530480052346,0.007903530480052346
14.416666666666666,0.00794510519994811,0.00794510519994811
14.458333333333332,0.007986740204836373,0.007986740204836373
14.5,0.008028435190282578,0.008028435190282578
14.541666666666666,0.008070190555509458,0.008070190555509458
14.583333333333332,0.008112003039665404,0.008112003039665404
14.625,0.008153873060193929,0.008153873060193929
14.666666666666666,0.008195799084936017,0.008195799084936017
14.708333333333332,0.008237777775110611,0.008237777775110611
14.75,0.008279808495294553,0.008279808495294553
14.791666666666666,0.00832188825058529,0.00832188825058529
14.833333333333332,0.008364014235663396,0.008364014235663396
14.875,0.00840618470976309,0.00840618470976309
14.916666666666666,0.008448395654647034,0.008448395654647034
14.958333333333332,0.00849064479118045,0.00849064479118045
15.0,0.008532929228385763,0.008532929228385763
15.041666666666666,0.008575248156101351,0.008575248156101351
15.083333333333332,0.008617602705247383,0.008617602705247383
15.125,0.008659997709131373,0.008659997709131373
15.166666666666666,0.008702435945343156,0.008702435945343156
15.208333333333332,0.00874491997724168,0.00874491997724168
15.25,0.00878745126302309,0.00878745126302309
15.291666666666666,0.008830031795799354,0.008830031795799354
15.333333333333332,0.008872662757918,0.008872662757918
15.375,0.008915345017549573,0.008915345017549573
15.416666666666666,0.008958078992582354,0.008958078992582354
15.458333333333332,0.009000864829011667,0.009000864829011667
15.5,0.009043700757621363,0.009043700757621363
15.541666666666666,0.009086587203954038,0.009086587203954038
15.583333333333332,0.009129523684994183,0.009129523684994183
15.625,0.009172506928702693,0.009172506928702693
15.666666666666666,0.00921553714417697,0.00921553714417697
15.708333333333332,0.009258612352690553,0.009258612352690553
15.75,0.009301729209905059,0.009301729209905059
15.791666666666666,0.009344886871909435,0.009344886871909435
15.833333333333332,0.009388082202085554,0.009388082202085554
15.875,0.009431312200873055,0.009431312200873055
15.916666666666666,0.00947457500009451,0.00947457500009451
15.958333333333332,0.009517866722274207,0.009517866722274207
16.0,0.009561184656255791,0.009561184656255791
16.041666666666664,0.009604528739986507,0.009604528739986507
16.083333333333332,0.0096478998388348,0.0096478998388348
16.125,0.009691302990626165,0.009691302990626165
16.166666666666664,0.009734740612422396,0.009734740612422396
16.208333333333332,0.009778215222467258,0.009778215222467258
16.25,0.009821728870701724,0.009821728870701724
16.291666666666664,0.009865282947437892,0.009865282947437892
16.333333333333332,0.009908879024516315,0.009908879024516315
16.375,0.00995251759743736,0.00995251759743736
16.416666666666664,0.00999619970692641,0.00999619970692641
16.458333333333332,0.01003992472487055,0.01003992472487055
16.5,0.010083692769362199,0.010083692769362199
16.541666666666664,0.010127501801747698,0.010127501801747698
16.583333333333332,0.010171352231213864,0.010171352231213864
16.625,0.010215242707433481,0.010215242707433481
16.666666666666664,0.010259170278603956,0.010259170278603956
16.708333333333332,0.010303134863434078,0.010303134863434078
16.75,0.010347133618830101,0.010347133618830101
16.791666666666664,0.010391163060783137,0.010391163060783137
16.833333333333332,0.010435222133052518,0.010435222133052518
16.875,0.01047930884168198,0.01047930884168198
16.916666666666664,0.010523420677121436,0.010523420677121436
16.958333333333332,0.010567552567734947,0.010567552567734947
17.0,0.010611703026071303,0.010611703026071303
17.041666666666664,0.010655872533503143,0.010655872533503143
17.083333333333332,0.010700061279655886,0.010700061279655886
17.125,0.010744274157076898,0.010744274157076898
17.166666666666664,0.010788513544832158,0.010788513544832158
17.208333333333332,0.010832781962501191,0.010832781962501191
17.25,0.010877081845679646,0.010877081845679646
17.291666666666664,0.010921414067119595,0.010921414067119595
17.333333333333332,0.01096578035053817,0.01096578035053817
17.375,0.011010181525759274,0.011010181525759274
17.416666666666664,0.011054617997150362,0.011054617997150362
17.458333333333332,0.01109909012361248,0.01109909012361248
17.5,0.011143597282762922,0.011143597282762922
17.541666666666664,0.011188138601463175,0.011188138601463175
17.583333333333332,0.011232712551089038,0.011232712551089038
17.625,0.011277319257532907,0.011277319257532907
17.666666666666664,0.011321956277449802,0.011321956277449802
17.708333333333332,0.011366621415101573,0.011366621415101573
17.75,0.011411314163717597,0.011411314163717597
17.791666666666664,0.011456030778549066,0.011456030778549066
17.833333333333332,0.011500768385095518,0.011500768385095518
17.875,0.011545525600185461,0.011545525600185461
17.916666666666664,0.011590300309168073,0.011590300309168073
17.958333333333332,0.011635090148433058,0.011635090148433058
18.0,0.011679889379819404,0.011679889379819404
18.041666666666664,0.011724700835632715,0.011724700835632715
18.083333333333332,0.011769524527208268,0.011769524527208268
18.125,0.011814364587823475,0.011814364587823475
18.166666666666664,0.011859223962057852,0.011859223962057852
18.208333333333332,0.011904105579644952,0.011904105579644952
18.25,0.01194901145171635,0.01194901145171635
18.291666666666664,0.01199394280741907,0.01199394280741907
18.333333333333332,0.012038901158542533,0.012038901158542533
18.375,0.012083887133495227,0.012083887133495227
18.416666666666664,0.01212890165672136,0.01212890165672136
18.458333333333332,0.012173944314916687,0.012173944314916687
18.5,0.012219015426158388,0.012219015426158388
18.541666666666664,0.012264112333527753,0.012264112333527753
18.583333333333332,0.012309235664732921,0.012309235664732921
18.625,0.01235438523968478,0.01235438523968478
18.666666666666664,0.012399557154080814,0.012399557154080814
18.708333333333332,0.012444750665152944,0.012444750665152944
18.75,0.012489965201060247,0.012489965201060247
18.791666666666664,0.012535197367329859,0.012535197367329859
18.833333333333332,0.012580444044566054,0.012580444044566054
18.875,0.012625704265712266,0.012625704265712266
18.916666666666664,0.012670975107716219,0.012670975107716219
18.958333333333332,0.012716252213175449,0.012716252213175449
19.0,0.012761533998220049,0.012761533998220049
19.041666666666664,0.012806819989791624,0.012806819989791624
19.083333333333332,0.012852111763696042,0.012852111763696042
19.125,0.012897413404227204,0.012897413404227204
19.166666666666664,0.012942727794780038,0.012942727794780038
19.208333333333332,0.012988057703045853,0.012988057703045853
19.25,0.013033405635954383,0.013033405635954383
19.291666666666664,0.013078772316047094,0.013078772316047094
19.333333333333332,0.013124159484520124,0.013124159484520124
19.375,0.01316956788936801,0.01316956788936801
19.416666666666664,0.013214997909849278,0.013214997909849278
19.458333333333332,0.013260450164754176,0.013260450164754176
19.5,0.01330592380843672,0.01330592380843672
19.541666666666664,0.013351418596223517,0.013351418596223517
19.583333333333332,0.013396932001263689,0.013396932001263689
19.625,0.01344246449459252,0.01344246449459252
19.666666666666664,0.013488015686003043,0.013488015686003043
19.708333333333332,0.013533580269388933,0.013533580269388933
19.75,0.013579158877702606,0.013579158877702606
19.791666666666664,0.013624750221596933,0.013624750221596933
19.833333333333332,0.013670350205319622,0.013670350205319622
19.875,0.0137159562524477,0.0137159562524477
19.916666666666664,0.01376156702760044,0.01376156702760044
19.958333333333332,0.013807179375196066,0.013807179375196066
20.0,0.013852788996760968,0.013852788996760968
20.041666666666664,0.013898397007274346,0.013898397007274346
20.083333333333332,0.013944004949914744,0.013944004949914744
20.125,0.01398961685504205,0.01398961685504205
20.166666666666664,0.014035235545453198,0.014035235545453198
20.208333333333332,0.014080863690970924,0.014080863690970924
20.25,0.014126504063221605,0.014126504063221605
20.291666666666664,0.014172157270112019,0.014172157270112019
20.333333333333332,0.014217824910226069,0.014217824910226069
20.375,0.014263507924318993,0.014263507924318993
20.416666666666664,0.014309206559701306,0.014309206559701306
20.458333333333332,0.014354921397483312,0.014354921397483312
20.5,0.014400652039434884,0.014400652039434884
20.541666666666664,0.014446397938345594,0.014446397938345594
20.583333333333332,0.014492157724936035,0.014492157724936035
20.625,0.01453792948998704,0.01453792948998704
20.666666666666664,0.014583713372916536,0.014583713372916536
20.708333333333332,0.014629508120880838,0.014629508120880838
20.75,0.014675308867723018,0.014675308867723018
20.791666666666664,0.014721115953741924,0.014721115953741924
20.833333333333332,0.014766927908304951,0.014766927908304951
20.875,0.0148127398918268,0.0148127398918268
20.916666666666664,0.014858550003774467,0.014858550003774467
20.958333333333332,0.01490435649689625,0.01490435649689625
21.0,0.014950155970033872,0.014950155970033872
21.041666666666664,0.014995947245446992,0.014995947245446992
21.083333333333332,0.015041733233986186,0.015041733233986186
21.125,0.015087517855392592,0.015087517855392592
21.166666666666664,0.015133303817954335,0.015133303817954335
21.208333333333332,0.015179093764518726,0.015179093764518726
21.25,0.015224890270328776,0.015224890270328776
21.291666666666664,0.015270694714724713,0.015270694714724713
21.333333333333332,0.015316507876512184,0.015316507876512184
21.375,0.015362331045675363,0.015362331045675363
21.416666666666664,0.015408164736949958,0.015408164736949958
21.458333333333332,0.015454008764491649,0.015454008764491649
21.5,0.015499863864899618,0.015499863864899618
21.541666666666664,0.015545728311333135,0.015545728311333135
21.583333333333332,0.0155916024031017,0.0155916024031017
21.625,0.015637483166032147,0.015637483166032147
21.666666666666664,0.01568336980796115,0.01568336980796115
21.708333333333332,0.015729261934632116,0.015729261934632116
21.75,0.015775157285451428,0.015775157285451428
21.791666666666664,0.015821051740004827,0.015821051740004827
21.833333333333332,0.01586694522485561,0.01586694522485561
21.875,0.015912836104684903,0.015912836104684903
21.916666666666664,0.015958718746740874,0.015958718746740874
21.958333333333332,0.016004592068082482,0.016004592068082482
22.0,0.016050453861376532,0.016050453861376532
22.041666666666664,0.016096302534698716,0.016096302534698716
22.083333333333332,0.01614214125627169,0.01614214125627169
22.125,0.016187973730809737,0.016187973730809737
22.166666666666664,0.016233802590994148,0.016233802590994148
22.208333333333332,0.016279630482709435,0.016279630482709435
22.25,0.016325459819541328,0.016325459819541328
22.291666666666664,0.01637129258507495,0.01637129258507495
22.333333333333332,0.016417129068490396,0.016417129068490396
22.375,0.016462970621905416,0.016462970621905416
22.416666666666664,0.016508817882392533,0.016508817882392533
22.458333333333332,0.01655467061850262,0.01655467061850262
22.5,0.016600529099910465,0.016600529099910465
22.541666666666664,0.016646393041412567,0.016646393041412567
22.583333333333332,0.01669226088844746,0.01669226088844746
22.625,0.016738132653897342,0.016738132653897342
22.666666666666664,0.01678400552115091,0.01678400552115091
22.708333333333332,0.016829878945522993,0.016829878945522993
22.75,0.016875750461693366,0.016875750461693366
22.791666666666664,0.016921617950757854,0.016921617950757854
22.833333333333332,0.01696747927966598,0.01696747927966598
22.875,0.017013330917153867,0.017013330917153867
22.916666666666664,0.017059170972097172,0.017059170972097172
22.958333333333332,0.017104997085864423,0.017104997085864423
23.0,0.017150806938288615,0.017150806938288615
23.041666666666664,0.017196598185448116,0.017196598185448116
23.083333333333332,0.01724237533202132,0.01724237533202132
23.125,0.017288141848367508,0.017288141848367508
23.166666666666664,0.017333900310454977,0.017333900310454977
23.208333333333332,0.017379653376649255,0.017379653376649255
23.25,0.01742540337657339,0.01742540337657339
23.291666666666664,0.017471152629701458,0.017471152629701458
23.333333333333332,0.017516901333238508,0.017516901333238508
23.375,0.017562650476837707,0.017562650476837707
23.416666666666664,0.01760840086606095,0.01760840086606095
23.458333333333332,0.01765415280808735,0.01765415280808735
23.5,0.017699905539007115,0.017699905539007115
23.541666666666664,0.017745659740391738,0.017745659740391738
23.583333333333332,0.01779141355460683,0.01779141355460683
23.625,0.01783716640427083,0.01783716640427083
23.666666666666664,0.017882917286761973,0.017882917286761973
23.708333333333332,0.017928663490209912,0.017928663490209912
23.75,0.01797440431824809,0.01797440431824809
23.791666666666664,0.01802013662195268,0.01802013662195268
23.833333333333332,0.01806585864615378,0.01806585864615378
23.875,0.018111567861984434,0.018111567861984434
23.916666666666664,0.01815726070853423,0.01815726070853423
23.958333333333332,0.01820293516922374,0.01820293516922374
24.0,0.018248588749759827,0.018248588749759827
24.041666666666664,0.01829422007097409,0.01829422007097409
24.083333333333332,0.018339833552588634,0.018339833552588634
24.125,0.01838543241314322,0.01838543241314322
24.166666666666664,0.01843101919858022,0.01843101919858022
24.208333333333332,0.018476596591393155,0.018476596591393155
24.25,0.018522166956834587,0.018522166956834587
24.291666666666664,0.018567732536073207,0.018567732536073207
24.333333333333332,0.018613293828794234,0.018613293828794234
24.375,0.018658851425503373,0.018658851425503373
24.416666666666664,0.018704406206326307,0.018704406206326307
24.458333333333332,0.018749958706534384,0.018749958706534384
24.5,0.018795508094135938,0.018795508094135938
24.541666666666664,0.018841054424726104,0.018841054424726104
24.583333333333332,0.018886597550636774,0.018886597550636774
24.625,0.018932134912505942,0.018932134912505942
24.666666666666664,0.018977666625039007,0.018977666625039007
24.708333333333332,0.019023190413727083,0.019023190413727083
24.75,0.019068704149747224,0.019068704149747224
24.791666666666664,0.019114206728203954,0.019114206728203954
24.833333333333332,0.019159694483218196,0.019159694483218196
24.875,0.01920516597443087,0.01920516597443087
24.916666666666664,0.019250618258746768,0.019250618258746768
24.958333333333332,0.019296047819577212,0.019296047819577212
25.0,0.019341452505884846,0.019341452505884846
25.041666666666664,0.01938683106954874,0.01938683106954874
25.083333333333332,0.0194321884528722,0.0194321884528722
25.125,0.019477527612597533,0.019477527612597533
25.166666666666664,0.01952285109213564,0.01952285109213564
25.208333333333332,0.019568161653774493,0.019568161653774493
25.25,0.019613461809720425,0.019613461809720425
25.291666666666664,0.019658753019975283,0.019658753019975283
25.333333333333332,0.01970403681192434,0.01970403681192434
25.375,0.019749313330628748,0.019749313330628748
25.416666666666664,0.01979458332944833,0.01979458332944833
25.458333333333332,0.01983984728565654,0.01983984728565654
25.5,0.01988510521869931,0.01988510521869931
25.541666666666664,0.019930355844404068,0.019930355844404068
25.583333333333332,0.019975599758702348,0.019975599758702348
25.625,0.020020835175420255,0.020020835175420255
25.666666666666664,0.020066060496309775,0.020066060496309775
25.708333333333332,0.02011127544703366,0.02011127544703366
25.75,0.02015647636455698,0.02015647636455698
25.791666666666664,0.020201662328491393,0.020201662328491393
25.833333333333332,0.02024683134980897,0.02024683134980897
25.875,0.02029197982399098,0.02029197982399098
25.916666666666664,0.02033710619097142,0.02033710619097142
25.958333333333332,0.020382207181837923,0.020382207181837923
26.0,0.02042727941684979,0.02042727941684979
26.041666666666664,0.02047232174863881,0.02047232174863881
26.083333333333332,0.020517339928481676,0.020517339928481676
26.125,0.020562336648054926,0.020562336648054926
26.166666666666664,0.020607314476306916,0.020607314476306916
26.208333333333332,0.020652276536799682,0.020652276536799682
26.25,0.020697224518401777,0.020697224518401777
26.291666666666664,0.020742160250077493,0.020742160250077493
26.333333333333332,0.020787085637495564,0.020787085637495564
26.375,0.020832000660150295,0.020832000660150295
26.416666666666664,0.020876905805975596,0.020876905805975596
26.458333333333332,0.020921801558016734,0.020921801558016734
26.5,0.020966688379769845,0.020966688379769845
26.541666666666664,0.021011564676603634,0.021011564676603634
26.583333333333332,0.021056430525850763,0.021056430525850763
26.625,0.02110128584124211,0.02110128584124211
26.666666666666664,0.021146127116371663,0.021146127116371663
26.708333333333332,0.021190954490775717,0.021190954490775717
26.75,0.02123576634335774,0.02123576634335774
26.791666666666664,0.021280559070341074,0.021280559070341074
26.833333333333332,0.021325331846346267,0.021325331846346267
26.875,0.021370081971229655,0.021370081971229655
26.916666666666664,0.0214148061571513,0.0214148061571513
26.958333333333332,0.02145950264720688,0.02145950264720688
27.0,0.021504167789956317,0.021504167789956317
27.041666666666664,0.02154879917048827,0.02154879917048827
27.083333333333332,0.021593403765162705,0.021593403765162705
27.125,0.021637984003141382,0.021637984003141382
27.166666666666664,0.021682542606859503,0.021682542606859503
27.208333333333332,0.02172708266944184,0.02172708266944184
27.25,0.02177160550266015,0.02177160550266015
27.291666666666664,0.02181611321314058,0.02181611321314058
27.333333333333332,0.021860607857660405,0.021860607857660405
27.375,0.02190508937878892,0.02190508937878892
27.416666666666664,0.021949558168485345,0.021949558168485345
27.458333333333332,0.021994014514751584,0.021994014514751584
27.5,0.022038458859504298,0.022038458859504298
27.541666666666664,0.022082890705671408,0.022082890705671408
27.583333333333332,0.022127308438356186,0.022127308438356186
27.625,0.022171712563599,0.022171712563599
27.666666666666664,0.022216101269521078,0.022216101269521078
27.708333333333332,0.022260472108339802,0.022260472108339802
27.75,0.02230482484714251,0.02230482484714251
27.791666666666664,0.02234915660608649,0.02234915660608649
27.833333333333332,0.02239346476117228,0.02239346476117228
27.875,0.022437748094479935,0.022437748094479935
27.916666666666664,0.022482003085374246,0.022482003085374246
27.958333333333332,0.02252622709848107,0.02252622709848107
28.0,0.022570418065909228,0.022570418065909228
28.041666666666664,0.022614571903101753,0.022614571903101753
28.083333333333332,0.02265869662756888,0.02265869662756888
28.125,0.022702794413444336,0.022702794413444336
28.166666666666664,0.02274686836693802,0.02274686836693802
28.208333333333332,0.022790920848391145,0.022790920848391145
28.25,0.022834953551043133,0.022834953551043133
28.291666666666664,0.022878968726798676,0.022878968726798676
28.333333333333332,0.02292296813966456,0.02292296813966456
28.375,0.022966952064977293,0.022966952064977293
28.416666666666664,0.02301092081340976,0.02301092081340976
28.458333333333332,0.02305487440027662,0.02305487440027662
28.5,0.023098813248527326,0.023098813248527326
28.541666666666664,0.02314273768159352,0.02314273768159352
28.583333333333332,0.023186645034465905,0.023186645034465905
28.625,0.02323053587137965,0.02323053587137965
28.666666666666664,0.023274409894372267,0.023274409894372267
28.708333333333332,0.023318262898172633,0.023318262898172633
28.75,0.023362094944184383,0.023362094944184383
28.791666666666664,0.02340590486409981,0.02340590486409981
28.833333333333332,0.023449687990291814,0.023449687990291814
28.875,0.023493443574498396,0.023493443574498396
28.916666666666664,0.02353716964195899,0.02353716964195899
28.958333333333332,0.023580861662855702,0.023580861662855702
29.0,0.02362451803188125,0.02362451803188125
29.041666666666664,0.023668135242284564,0.023668135242284564
29.083333333333332,0.023711721291888838,0.023711721291888838
29.125,0.023755278111371445,0.023755278111371445
29.166666666666664,0.02379880916652332,0.02379880916652332
29.208333333333332,0.02384231614240251,0.02384231614240251
29.25,0.023885801112116318,0.023885801112116318
29.291666666666664,0.023929266653109484,0.023929266653109484
29.333333333333332,0.02397271359589914,0.02397271359589914
29.375,0.02401614313856748,0.02401614313856748
29.416666666666664,0.024059555302588034,0.024059555302588034
29.458333333333332,0.024102950107810887,0.024102950107810887
29.5,0.02414632764872378,0.02414632764872378
29.541666666666664,0.02418968829389978,0.02418968829389978
29.583333333333332,0.0242330307336531,0.0242330307336531
29.625,0.02427635344036783,0.02427635344036783
29.666666666666664,0.024319656740155363,0.024319656740155363
29.708333333333332,0.02436293859535568,0.02436293859535568
29.75,0.02440619600934922,0.02440619600934922
29.791666666666664,0.024449428748245405,0.024449428748245405
29.833333333333332,0.02449263439150743,0.02449263439150743
29.875,0.02453580913062003,0.02453580913062003
29.916666666666664,0.024578951936308078,0.024578951936308078
29.958333333333332,0.024622060122764147,0.024622060122764147
30.0,0.024665129608865636,0.024665129608865636
30.041666666666664,0.024708157907231118,0.024708157907231118
30.083333333333332,0.024751153257134728,0.024751153257134728
30.125,0.02479411736074407,0.02479411736074407
30.166666666666664,0.024837054016175183,0.024837054016175183
30.208333333333332,0.024879964295024898,0.024879964295024898
30.25,0.024922850641832077,0.024922850641832077
30.291666666666664,0.024965715831040264,0.024965715831040264
30.333333333333332,0.02500856003904918,0.02500856003904918
30.375,0.025051385076471675,0.025051385076471675
30.416666666666664,0.025094190797647846,0.025094190797647846
30.458333333333332,0.02513697733531499,0.02513697733531499
30.5,0.025179744346377157,0.025179744346377157
30.541666666666664,0.02522249228257842,0.02522249228257842
30.583333333333332,0.025265220934242657,0.025265220934242657
30.625,0.02530792717435858,0.02530792717435858
30.666666666666664,0.025350611744833308,0.025350611744833308
30.708333333333332,0.025393274094785697,0.025393274094785697
30.75,0.025435909412874578,0.025435909412874578
30.791666666666664,0.025478517801519378,0.025478517801519378
30.833333333333332,0.02552109790103676,0.02552109790103676
30.875,0.02556364545856848,0.02556364545856848
30.916666666666664,0.025606158585522454,0.025606158585522454
30.958333333333332,0.025648635546969292,0.025648635546969292
31.0,0.025691072664747724,0.025691072664747724
31.041666666666664,0.02573346614163103,0.02573346614163103
31.083333333333332,0.025775825148167345,0.025775825148167345
31.125,0.02581815115701817,0.02581815115701817
31.166666666666664,0.025860448160884987,0.025860448160884987
31.208333333333332,0.02590271684546294,0.02590271684546294
31.25,0.025944960290935994,0.025944960290935994
31.291666666666664,0.02598718032738295,0.02598718032738295
31.333333333333332,0.026029377743233367,0.026029377743233367
31.375,0.026071554366055117,0.026071554366055117
31.416666666666664,0.026113709979166705,0.026113709979166705
31.458333333333332,0.026155844893260727,0.026155844893260727
31.5,0.02619795828457358,0.02619795828457358
31.541666666666664,0.026240050699789116,0.026240050699789116
31.583333333333332,0.026282122241100627,0.026282122241100627
31.625,0.026324170272030854,0.026324170272030854
31.666666666666664,0.026366194127993084,0.026366194127993084
31.708333333333332,0.026408193718241955,0.026408193718241955
31.75,0.02645016644652453,0.02645016644652453
31.791666666666664,0.026492109255050997,0.026492109255050997
31.833333333333332,0.026534021794940296,0.026534021794940296
31.875,0.02657590179016433,0.02657590179016433
31.916666666666664,0.026617744707430273,0.026617744707430273
31.958333333333332,0.026659549602027585,0.026659549602027585
32.0,0.026701314208329174,0.026701314208329174
32.041666666666664,0.02674303285080682,0.02674303285080682
32.08333333333333,0.0267847157339803,0.0267847157339803
32.125,0.026826364212341323,0.026826364212341323
32.166666666666664,0.02686798207182854,0.02686798207182854
32.20833333333333,0.026909570080055692,0.026909570080055692
32.25,0.026951131721927913,0.026951131721927913
32.291666666666664,0.026992667999161165,0.026992667999161165
32.33333333333333,0.027034180297367587,0.027034180297367587
32.375,0.027075670332199264,0.027075670332199264
32.416666666666664,0.027117137888498226,0.027117137888498226
32.45833333333333,0.027158583261239613,0.027158583261239613
32.5,0.027200005828224176,0.027200005828224176
32.541666666666664,0.027241405547183663,0.027241405547183663
32.58333333333333,0.0272827826847564,0.0272827826847564
32.625,0.027324135951553707,0.027324135951553707
32.666666666666664,0.027365462663103187,0.027365462663103187
32.70833333333333,0.027406763345703338,0.027406763345703338
32.75,0.027448037025852905,0.027448037025852905
32.791666666666664,0.02748927850607775,0.02748927850607775
32.83333333333333,0.027530488027624252,0.027530488027624252
32.875,0.02757166401589809,0.02757166401589809
32.916666666666664,0.027612802182586424,0.027612802182586424
32.95833333333333,0.027653900182589074,0.027653900182589074
33.0,0.027694956300693012,0.027694956300693012
33.041666666666664,0.027735965609691576,0.027735965609691576
33.08333333333333,0.027776938060846395,0.027776938060846395
33.125,0.027817874903896745,0.027817874903896745
33.166666666666664,0.027858779722102527,0.027858779722102527
33.20833333333333,0.027899653390358752,0.027899653390358752
33.25,0.02794049971496654,0.02794049971496654
33.291666666666664,0.027981319006997078,0.027981319006997078
33.33333333333333,0.028022113371868215,0.028022113371868215
33.375,0.028062883794493256,0.028062883794493256
33.416666666666664,0.028103630652698903,0.028103630652698903
33.45833333333333,0.02814435403872485,0.02814435403872485
33.5,0.028185053615250002,0.028185053615250002
33.541666666666664,0.028225728687585324,0.028225728687585324
33.58333333333333,0.028266379705879363,0.028266379705879363
33.625,0.02830700647289298,0.02830700647289298
33.666666666666664,0.028347604753713496,0.028347604753713496
33.70833333333333,0.028388175496739068,0.028388175496739068
33.75,0.028428717914650976,0.028428717914650976
33.791666666666664,0.028469228339819963,0.028469228339819963
33.83333333333333,0.02850970442605482,0.02850970442605482
33.875,0.02855014547610519,0.02855014547610519
33.916666666666664,0.02859054902608942,0.02859054902608942
33.95833333333333,0.028630910281820646,0.028630910281820646
34.0,0.028671228276856288,0.028671228276856288
34.041666666666664,0.028711498626535922,0.028711498626535922
34.08333333333333,0.02875173119848145,0.02875173119848145
34.125,0.028791927150653564,0.028791927150653564
34.166666666666664,0.028832089869904855,0.028832089869904855
34.20833333333333,0.02887222035971729,0.02887222035971729
34.25,0.028912322670255893,0.028912322670255893
34.291666666666664,0.0289523965491501,0.0289523965491501
34.33333333333333,0.02899244473490579,0.02899244473490579
34.375,0.029032467498650145,0.029032467498650145
34.416666666666664,0.02907246578136354,0.02907246578136354
34.45833333333333,0.0291124394952522,0.0291124394952522
34.5,0.029152388615082948,0.029152388615082948
34.541666666666664,0.0291923117996145,0.0291923117996145
34.58333333333333,0.0292322096757977,0.0292322096757977
34.625,0.029272082174233136,0.029272082174233136
34.666666666666664,0.029311926126420137,0.029311926126420137
34.70833333333333,0.0293517405313597,0.0293517405313597
34.75,0.0293915252691841,0.0293915252691841
34.791666666666664,0.029431278429056035,0.029431278429056035
34.83333333333333,0.029470995244686233,0.029470995244686233
34.875,0.029510675763751125,0.029510675763751125
34.916666666666664,0.029550318273317937,0.029550318273317937
34.95833333333333,0.02958991795096077,0.02958991795096077
35.0,0.029629472746955324,0.029629472746955324
35.041666666666664,0.02966897907490935,0.02966897907490935
35.08333333333333,0.029708446869053627,0.029708446869053627
35.125,0.029747877207911572,0.029747877207911572
35.166666666666664,0.02978727329018843,0.02978727329018843
35.20833333333333,0.029826636490470387,0.029826636490470387
35.25,0.029865970356320465,0.029865970356320465
35.291666666666664,0.02990527486347841,0.02990527486347841
35.33333333333333,0.029944553018217118,0.029944553018217118
35.375,0.02998380456876415,0.02998380456876415
35.416666666666664,0.030023030826964264,0.030023030826964264
35.45833333333333,0.030062231596953485,0.030062231596953485
35.5,0.030101407109101246,0.030101407109101246
35.541666666666664,0.030140555596943796,0.030140555596943796
35.58333333333333,0.030179677660603733,0.030179677660603733
35.625,0.030218773242995163,0.030218773242995163
35.666666666666664,0.030257840523277697,0.030257840523277697
35.70833333333333,0.030296876484372365,0.030296876484372365
35.75,0.030335881654489135,0.030335881654489135
35.791666666666664,0.030374855117132532,0.030374855117132532
35.83333333333333,0.03041379137880972,0.03041379137880972
35.875,0.030452689991975406,0.030452689991975406
35.916666666666664,0.03049154949399834,0.03049154949399834
35.95833333333333,0.03053036683466731,0.03053036683466731
36.0,0.030569137528610336,0.030569137528610336
36.041666666666664,0.030607858984458725,0.030607858984458725
36.08333333333333,0.030646541299310073,0.030646541299310073
36.125,0.030685185483865375,0.030685185483865375
36.166666666666664,0.030723794558542405,0.030723794558542405
36.20833333333333,0.03076237034537294,0.03076237034537294
36.25,0.030800915637127203,0.030800915637127203
36.291666666666664,0.030839430930357268,0.030839430930357268
36.33333333333333,0.030877919312874064,0.030877919312874064
36.375,0.03091638016846,0.03091638016846
36.416666666666664,0.030954815028623957,0.030954815028623957
36.45833333333333,0.03099322364377967,0.03099322364377967
36.5,0.031031606225269022,0.031031606225269022
36.541666666666664,0.031069961430673435,0.031069961430673435
36.58333333333333,0.031108289014011557,0.031108289014011557
36.625,0.03114658919882384,0.03114658919882384
36.666666666666664,0.0311848612781781,0.0311848612781781
36.70833333333333,0.03122310063671086,0.03122310063671086
36.75,0.03126130827811958,0.03126130827811958
36.791666666666664,0.031299483228683776,0.031299483228683776
36.83333333333333,0.031337621927531825,0.031337621927531825
36.875,0.031375721137445654,0.031375721137445654
36.916666666666664,0.03141378033687621,0.03141378033687621
36.95833333333333,0.03145179769761998,0.03145179769761998
37.0,0.03148976726300616,0.03148976726300616
37.041666666666664,0.03152768685870094,0.03152768685870094
37.08333333333333,0.03156556684117861,0.03156556684117861
37.125,0.03160340816415966,0.03160340816415966
37.166666666666664,0.03164121368080362,0.03164121368080362
37.20833333333333,0.03167898562961662,0.03167898562961662
37.25,0.03171672611507206,0.03171672611507206
37.291666666666664,0.03175443628387714,0.03175443628387714
37.33333333333333,0.031792118759720434,0.031792118759720434
37.375,0.031829773171102464,0.031829773171102464
37.416666666666664,0.03186740099310106,0.03186740099310106
37.45833333333333,0.031905001962070696,0.031905001962070696
37.5,0.03194257627148127,0.03194257627148127
37.541666666666664,0.03198012300557551,0.03198012300557551
37.58333333333333,0.03201764110705826,0.03201764110705826
37.625,0.03205513106239917,0.03205513106239917
37.666666666666664,0.03209259266347283,0.03209259266347283
37.70833333333333,0.03213002128668103,0.03213002128668103
37.75,0.03216741703553592,0.03216741703553592
37.791666666666664,0.032204779293423275,0.032204779293423275
37.83333333333333,0.03224210601130004,0.03224210601130004
37.875,0.03227939187377972,0.03227939187377972
37.916666666666664,0.03231663700823813,0.03231663700823813
37.95833333333333,0.03235383953626772,0.03235383953626772
38.0,0.03239099529971336,0.03239099529971336
38.041666666666664,0.03242809957938088,0.03242809957938088
38.08333333333333,0.03246516389586522,0.03246516389586522
38.125,0.032502189155953654,0.032502189155953654
38.166666666666664,0.03253917805733994,0.03253917805733994
38.20833333333333,0.032576133224249765,0.032576133224249765
38.25,0.03261305613641622,0.03261305613641622
38.291666666666664,0.03264994865575188,0.03264994865575188
38.33333333333333,0.032686812596871374,0.032686812596871374
38.375,0.032723648234921354,0.032723648234921354
38.416666666666664,0.03276045678472093,0.03276045678472093
38.45833333333333,0.032797238016033424,0.032797238016033424
38.5,0.0328339920989491,0.0328339920989491
38.541666666666664,0.03287071853359355,0.03287071853359355
38.58333333333333,0.03290741550326567,0.03290741550326567
38.625,0.03294408373344243,0.03294408373344243
38.666666666666664,0.03298072297602061,0.03298072297602061
38.70833333333333,0.033017329988849965,0.033017329988849965
38.75,0.03305390277051861,0.03305390277051861
38.791666666666664,0.03309044142668168,0.03309044142668168
38.83333333333333,0.03312694488209463,0.03312694488209463
38.875,0.033163406896226794,0.033163406896226794
38.916666666666664,0.03319982743461655,0.03319982743461655
38.95833333333333,0.03323620476641632,0.03323620476641632
39.0,0.03327253608698249,0.03327253608698249
39.041666666666664,0.03330881481983317,0.03330881481983317
39.08333333333333,0.033345053350226216,0.033345053350226216
39.125,0.03338125254726323,0.03338125254726323
39.166666666666664,0.0334174149653689,0.0334174149653689
39.20833333333333,0.033453543584466006,0.033453543584466006
39.25,0.03348963931951401,0.03348963931951401
39.291666666666664,0.03352570466540597,0.03352570466540597
39.33333333333333,0.03356174073382459,0.03356174073382459
39.375,0.033597748496426084,0.033597748496426084
39.416666666666664,0.033633728544911846,0.033633728544911846
39.45833333333333,0.033669681050071176,0.033669681050071176
39.5,0.03370560604312806,0.03370560604312806
39.541666666666664,0.03374150342037369,0.03374150342037369
39.58333333333333,0.03377737066758141,0.03377737066758141
39.625,0.03381320872202395,0.03381320872202395
39.666666666666664,0.03384901729838636,0.03384901729838636
39.70833333333333,0.03388479432862813,0.03388479432862813
39.75,0.03392053607151101,0.03392053607151101
39.791666666666664,0.033956243203791134,0.033956243203791134
39.83333333333333,0.03399191460522336,0.03399191460522336
39.875,0.034027545783043504,0.034027545783043504
39.916666666666664,0.034063134145126954,0.034063134145126954
39.95833333333333,0.03409867885084147,0.03409867885084147
40.0,0.03413417793398558,0.03413417793398558
40.041666666666664,0.03416962381660096,0.03416962381660096
40.08333333333333,0.03420502941518789,0.03420502941518789
40.125,0.03424039548199422,0.03424039548199422
40.166666666666664,0.0342757244697084,0.0342757244697084
40.20833333333333,0.034311019685103895,0.034311019685103895
40.25,0.03434628153435454,0.03434628153435454
40.291666666666664,0.034381513070187796,0.034381513070187796
40.33333333333333,0.03441671479656476,0.03441671479656476
40.375,0.034451888273554214,0.034451888273554214
40.416666666666664,0.034487033599559666,0.034487033599559666
40.45833333333333,0.03452215122641387,0.03452215122641387
40.5,0.03455724109096002,0.03455724109096002
40.541666666666664,0.03459230333932229,0.03459230333932229
40.58333333333333,0.03462733518965749,0.03462733518965749
40.625,0.03466233739941385,0.03466233739941385
40.666666666666664,0.03469730976971301,0.03469730976971301
40.70833333333333,0.03473225122578182,0.03473225122578182
40.75,0.03476715660074284,0.03476715660074284
40.791666666666664,0.03480202701432124,0.03480202701432124
40.83333333333333,0.03483686130469338,0.03483686130469338
40.875,0.03487165639930127,0.03487165639930127
40.916666666666664,0.0349064076986733,0.0349064076986733
40.95833333333333,0.034941115026439554,0.034941115026439554
41.0,0.03497577637800827,0.03497577637800827
41.041666666666664,0.03501038484091433,0.03501038484091433
41.08333333333333,0.03504495306236138,0.03504495306236138
41.125,0.035079481629816445,0.035079481629816445
41.166666666666664,0.03511397260675927,0.03511397260675927
41.20833333333333,0.035148428699585774,0.035148428699585774
41.25,0.035182852284216984,0.035182852284216984
41.291666666666664,0.03521724423033569,0.03521724423033569
41.33333333333333,0.03525160707177762,0.03525160707177762
41.375,0.03528594213926068,0.03528594213926068
41.416666666666664,0.03532024989786592,0.03532024989786592
41.45833333333333,0.03535453156427908,0.03535453156427908
41.5,0.03538878361728037,0.03538878361728037
41.541666666666664,0.035423008053275064,0.035423008053275064
41.58333333333333,0.035457205467614133,0.035457205467614133
41.625,0.03549137399464856,0.03549137399464856
41.666666666666664,0.03552550983993296,0.03552550983993296
41.70833333333333,0.03555961472141097,0.03555961472141097
41.75,0.035593688102221,0.035593688102221
41.791666666666664,0.03562772460573751,0.03562772460573751
41.83333333333333,0.03566172293399399,0.03566172293399399
41.875,0.035695682449569825,0.035695682449569825
41.916666666666664,0.0357296010922127,0.0357296010922127
41.95833333333333,0.035763472923293474,0.035763472923293474
42.0,0.03579729754818783,0.03579729754818783
42.041666666666664,0.03583106955772173,0.03583106955772173
42.08333333333333,0.0358648011644282,0.0358648011644282
42.125,0.03589849280432911,0.03589849280432911
42.166666666666664,0.035932146562265184,0.035932146562265184
42.20833333333333,0.035965765300201465,0.035965765300201465
42.25,0.03599935108215481,0.03599935108215481
42.291666666666664,0.036032905124767874,0.036032905124767874
42.33333333333333,0.03606642962079508,0.03606642962079508
42.375,0.036099926137059854,0.036099926137059854
42.416666666666664,0.03613339517283443,0.03613339517283443
42.45833333333333,0.03616683790387805,0.03616683790387805
42.5,0.03620025130790785,0.03620025130790785
42.541666666666664,0.036233636397032275,0.036233636397032275
42.58333333333333,0.036266994055088465,0.036266994055088465
42.625,0.03630032372749506,0.03630032372749506
42.666666666666664,0.03633361980508656,0.03633361980508656
42.70833333333333,0.036366884580834744,0.036366884580834744
42.75,0.03640011747745111,0.03640011747745111
42.791666666666664,0.03643331495362067,0.03643331495362067
42.83333333333333,0.03646647310157685,0.03646647310157685
42.875,0.036499592178885126,0.036499592178885126
42.916666666666664,0.0365326705582457,0.0365326705582457
42.95833333333333,0.03656570279009045,0.03656570279009045
43.0,0.036598687108902773,0.036598687108902773
43.041666666666664,0.03663161890823729,0.03663161890823729
43.08333333333333,0.03666451043248676,0.03666451043248676
43.125,0.03669736198655875,0.03669736198655875
43.166666666666664,0.03673017567486257,0.03673017567486257
43.20833333333333,0.03676295448897012,0.03676295448897012
43.25,0.036795700205058866,0.036795700205058866
43.291666666666664,0.036828414348420276,0.036828414348420276
43.33333333333333,0.0368610987890756,0.0368610987890756
43.375,0.03689375527542327,0.03689375527542327
43.416666666666664,0.03692638439108487,0.03692638439108487
43.45833333333333,0.036958987042469034,0.036958987042469034
43.5,0.03699156115958718,0.03699156115958718
43.541666666666664,0.03702410640484284,0.03702410640484284
43.58333333333333,0.03705662404055219,0.03705662404055219
43.625,0.03708911457598476,0.03708911457598476
43.666666666666664,0.037121571042053304,0.037121571042053304
43.70833333333333,0.03715399603764201,0.03715399603764201
43.75,0.03718638898131996,0.03718638898131996
43.791666666666664,0.037218747854487595,0.037218747854487595
43.83333333333333,0.03725106665720523,0.03725106665720523
43.875,0.03728334631801794,0.03728334631801794
43.916666666666664,0.03731558516825118,0.03731558516825118
43.95833333333333,0.03734777930647052,0.03734777930647052
44.0,0.03737992477618344,0.03737992477618344
44.041666666666664,0.03741201793160299,0.03741201793160299
44.08333333333333,0.037444071055059064,0.037444071055059064
44.125,0.037476084336902665,0.037476084336902665
44.166666666666664,0.03750805990251294,0.03750805990251294
44.20833333333333,0.0375400008546709,0.0375400008546709
44.25,0.03757190871231882,0.03757190871231882
44.291666666666664,0.037603785270040435,0.037603785270040435
44.33333333333333,0.03763563211801342,0.03763563211801342
44.375,0.03766745114597302,0.03766745114597302
44.416666666666664,0.037699243019851766,0.037699243019851766
44.45833333333333,0.03773100840384722,0.03773100840384722
44.5,0.037762746064206834,0.037762746064206834
44.541666666666664,0.037794454500294304,0.037794454500294304
44.58333333333333,0.037826135271475075,0.037826135271475075
44.625,0.03785778884083287,0.03785778884083287
44.666666666666664,0.0378894099607326,0.0378894099607326
44.70833333333333,0.03792099862827604,0.03792099862827604
44.75,0.0379525551883937,0.0379525551883937
44.791666666666664,0.03798407887216608,0.03798407887216608
44.83333333333333,0.0380155620371839,0.0380155620371839
44.875,0.038047006097891134,0.038047006097891134
44.916666666666664,0.038078409345368505,0.038078409345368505
44.95833333333333,0.03810976912143479,0.03810976912143479
45.0,0.038141079785280446,0.038141079785280446
45.041666666666664,0.03817233839364582,0.03817233839364582
45.08333333333333,0.03820355727457993,0.03820355727457993
45.125,0.03823473651882615,0.03823473651882615
45.166666666666664,0.038265878274973616,0.038265878274973616
45.20833333333333,0.038296985742156175,0.038296985742156175
45.25,0.038328060211954486,0.038328060211954486
45.291666666666664,0.03835910371373976,0.03835910371373976
45.33333333333333,0.038390117598103166,0.038390117598103166
45.375,0.03842110386381318,0.03842110386381318
45.416666666666664,0.03845206325736424,0.03845206325736424
45.45833333333333,0.038482996228441806,0.038482996228441806
45.5,0.03851390227375354,0.03851390227375354
45.541666666666664,0.03854477890081305,0.03854477890081305
45.58333333333333,0.0385756278954871,0.0385756278954871
45.625,0.0386064496768647,0.0386064496768647
45.666666666666664,0.038637240496346884,0.038637240496346884
45.70833333333333,0.038667998124362925,0.038667998124362925
45.75,0.03869872367712519,0.03869872367712519
45.791666666666664,0.038729416445351834,0.038729416445351834
45.83333333333333,0.03876007039469831,0.03876007039469831
45.875,0.03879068440270761,0.03879068440270761
45.916666666666664,0.03882125767962132,0.03882125767962132
45.95833333333333,0.0388517884786228,0.0388517884786228
46.0,0.03888227012209963,0.03888227012209963
46.041666666666664,0.03891269993548355,0.03891269993548355
46.08333333333333,0.03894309037038492,0.03894309037038492
46.125,0.038973441431948225,0.038973441431948225
46.166666666666664,0.03900375532261228,0.03900375532261228
46.20833333333333,0.039034035239960185,0.039034035239960185
46.25,0.039064282360562815,0.039064282360562815
46.291666666666664,0.039094498889976514,0.039094498889976514
46.33333333333333,0.039124685974628766,0.039124685974628766
46.375,0.03915484569614286,0.03915484569614286
46.416666666666664,0.039184978878859016,0.039184978878859016
46.45833333333333,0.03921508578420548,0.03921508578420548
46.5,0.03924516654403135,0.03924516654403135
46.541666666666664,0.03927521782737043,0.03927521782737043
46.58333333333333,0.03930524158526461,0.03930524158526461
46.625,0.0393352381954311,0.0393352381954311
46.666666666666664,0.03936520521289862,0.03936520521289862
46.70833333333333,0.03939513850821731,0.03939513850821731
46.75,0.0394250398359826,0.0394250398359826
46.791666666666664,0.0394549084473817,0.0394549084473817
46.83333333333333,0.03948473993864723,0.03948473993864723
46.875,0.03951453082057781,0.03951453082057781
46.916666666666664,0.03954428112720894,0.03954428112720894
46.95833333333333,0.03957398907635095,0.03957398907635095
47.0,0.03960364949888872,0.03960364949888872
47.041666666666664,0.03963325762495244,0.03963325762495244
47.08333333333333,0.03966282675936452,0.03966282675936452
47.125,0.03969235683487952,0.03969235683487952
47.166666666666664,0.03972185017178895,0.03972185017178895
47.20833333333333,0.039751309768951255,0.039751309768951255
47.25,0.03978073689812997,0.03978073689812997
47.291666666666664,0.03981013385257904,0.03981013385257904
47.33333333333333,0.039839501605135844,0.039839501605135844
47.375,0.03986884229894777,0.03986884229894777
47.416666666666664,0.0398981568325383,0.0398981568325383
47.45833333333333,0.039927445303222335,0.039927445303222335
47.5,0.03995670839264776,0.03995670839264776
47.541666666666664,0.0399859420673802,0.0399859420673802
47.58333333333333,0.04001514839044024,0.04001514839044024
47.625,0.040044327700759365,0.040044327700759365
47.666666666666664,0.04007347868628281,0.04007347868628281
47.70833333333333,0.04010259560045677,0.04010259560045677
47.75,0.040131680722762866,0.040131680722762866
47.791666666666664,0.04016073326741879,0.04016073326741879
47.83333333333333,0.04018975021755,0.04018975021755
47.875,0.04021872612263951,0.04021872612263951
47.916666666666664,0.0402476616744456,0.0402476616744456
47.95833333333333,0.04027655505781135,0.04027655505781135
48.0,0.04030540235596128,0.04030540235596128
48.041666666666664,0.04033419711266835,0.04033419711266835
48.08333333333333,0.040362953298429094,0.040362953298429094
48.125,0.04039167078600432,0.04039167078600432
48.166666666666664,0.04042035200796078,0.04042035200796078
48.20833333333333,0.04044899977639038,0.04044899977639038
48.25,0.040477615457813136,0.040477615457813136
48.291666666666664,0.040506201417230124,0.040506201417230124
48.33333333333333,0.04053475848012155,0.04053475848012155
48.375,0.040563288833760924,0.040563288833760924
48.416666666666664,0.04059179344653245,0.04059179344653245
48.45833333333333,0.04062027227351121,0.04062027227351121
48.5,0.04064872647010218,0.04064872647010218
48.541666666666664,0.04067715142030918,0.04067715142030918
48.58333333333333,0.04070554925320029,0.04070554925320029
48.625,0.04073392027134968,0.04073392027134968
48.666666666666664,0.04076226414687134,0.04076226414687134
48.70833333333333,0.04079057376000448,0.04079057376000448
48.75,0.04081885181844715,0.04081885181844715
48.791666666666664,0.04084709750183437,0.04084709750183437
48.83333333333333,0.04087530897087136,0.04087530897087136
48.875,0.040903479158181925,0.040903479158181925
48.916666666666664,0.0409316092738595,0.0409316092738595
48.95833333333333,0.040959697472001774,0.040959697472001774
49.0,0.04098774087187375,0.04098774087187375
49.041666666666664,0.041015731675333095,0.041015731675333095
49.08333333333333,0.041043684358857094,0.041043684358857094
49.125,0.04107159874676571,0.04107159874676571
49.166666666666664,0.04109947737863632,0.04109947737863632
49.20833333333333,0.04112732289106908,0.04112732289106908
49.25,0.04115513674420528,0.04115513674420528
49.291666666666664,0.0411829213611006,0.0411829213611006
49.33333333333333,0.04121067744235001,0.04121067744235001
49.375,0.04123840720518869,0.04123840720518869
49.416666666666664,0.041266111683160515,0.041266111683160515
49.45833333333333,0.04129379070874503,0.04129379070874503
49.5,0.04132144553456545,0.04132144553456545
49.541666666666664,0.04134907199446557,0.04134907199446557
49.58333333333333,0.041376671316982756,0.041376671316982756
49.625,0.04140424407963504,0.04140424407963504
49.666666666666664,0.04143179055089304,0.04143179055089304
49.70833333333333,0.04145930322288802,0.04145930322288802
49.75,0.04148678437426977,0.04148678437426977
49.791666666666664,0.04151423341066733,0.04151423341066733
49.83333333333333,0.041541649479337535,0.041541649479337535
49.875,0.04156902422259026,0.04156902422259026
49.916666666666664,0.041596359217682136,0.041596359217682136
49.95833333333333,0.04162365260151163,0.04162365260151163
50.0,0.041650902347061876,0.041650902347061876
50.041666666666664,0.04167809960364343,0.04167809960364343
50.08333333333333,0.041705259218090235,0.041705259218090235
50.125,0.04173238097697375,0.04173238097697375
50.166666666666664,0.04175946752191889,0.04175946752191889
50.20833333333333,0.04178652132462202,0.04178652132462202
50.25,0.04181354393717414,0.04181354393717414
50.291666666666664,0.04184053782895337,0.04184053782895337
50.33333333333333,0.04186750359490828,0.04186750359490828
50.375,0.04189444347074435,0.04189444347074435
50.416666666666664,0.04192135855030898,0.04192135855030898
50.45833333333333,0.041948248561017754,0.041948248561017754
50.5,0.04197511474087987,0.04197511474087987
50.541666666666664,0.04200195362205148,0.04200195362205148
50.58333333333333,0.042028765342474156,0.042028765342474156
50.625,0.04205555080883421,0.04205555080883421
50.666666666666664,0.04208231025758644,0.04208231025758644
50.70833333333333,0.04210903752079957,0.04210903752079957
50.75,0.04213573283091379,0.04213573283091379
50.791666666666664,0.042162396337422345,0.042162396337422345
50.83333333333333,0.042189027157237706,0.042189027157237706
50.875,0.04221561847876845,0.04221561847876845
50.916666666666664,0.04224216955980735,0.04224216955980735
50.95833333333333,0.04226867938501841,0.04226867938501841
51.0,0.042295146052956166,0.042295146052956166
51.041666666666664,0.04232156110672455,0.04232156110672455
51.08333333333333,0.04234793901669268,0.04234793901669268
51.125,0.042374279541387345,0.042374279541387345
51.166666666666664,0.042400585419885006,0.042400585419885006
51.20833333333333,0.042426858969048215,0.042426858969048215
51.25,0.0424531018309144,0.0424531018309144
51.291666666666664,0.04247931651130873,0.04247931651130873
51.33333333333333,0.04250550351605216,0.04250550351605216
51.375,0.04253166509025514,0.04253166509025514
51.416666666666664,0.0425578023100251,0.0425578023100251
51.45833333333333,0.04258391503322331,0.04258391503322331
51.5,0.04261000426038075,0.04261000426038075
51.541666666666664,0.042636067227124166,0.042636067227124166
51.58333333333333,0.04266210310081534,0.04266210310081534
51.625,0.042688113069897726,0.042688113069897726
51.666666666666664,0.04271409734086442,0.04271409734086442
51.70833333333333,0.042740050941481984,0.042740050941481984
51.75,0.042765972298497885,0.042765972298497885
51.791666666666664,0.04279186220748375,0.04279186220748375
51.83333333333333,0.04281771975698214,0.04281771975698214
51.875,0.04284353948955112,0.04284353948955112
51.916666666666664,0.04286931866339534,0.04286931866339534
51.95833333333333,0.04289505697915858,0.04289505697915858
52.0,0.042920752510352815,0.042920752510352815
52.041666666666664,0.042946397442602306,0.042946397442602306
52.08333333333333,0.04297200574854648,0.04297200574854648
52.125,0.04299757716762381,0.04299757716762381
52.166666666666664,0.04302311453200303,0.04302311453200303
52.20833333333333,0.04304862001303369,0.04304862001303369
52.25,0.04307409534036367,0.04307409534036367
52.291666666666664,0.04309954304777315,0.04309954304777315
52.33333333333333,0.04312496356605126,0.04312496356605126
52.375,0.043150359142347425,0.043150359142347425
52.416666666666664,0.04317573083247401,0.04317573083247401
52.45833333333333,0.043201078632095075,0.043201078632095075
52.5,0.043226403308148,0.043226403308148
52.541666666666664,0.04325170273628307,0.04325170273628307
52.58333333333333,0.04327697522033877,0.04327697522033877
52.625,0.0433022221886749,0.0433022221886749
52.666666666666664,0.043327443819659014,0.043327443819659014
52.70833333333333,0.04335263620956738,0.04335263620956738
52.75,0.043377796189981714,0.043377796189981714
52.791666666666664,0.0434029251175808,0.0434029251175808
52.83333333333333,0.04342802205430613,0.04342802205430613
52.875,0.04345308272984833,0.04345308272984833
52.916666666666664,0.04347810267883952,0.04347810267883952
52.95833333333333,0.04350308220511901,0.04350308220511901
53.0,0.043528019358761764,0.043528019358761764
53.041666666666664,0.04355290690737075,0.04355290690737075
53.08333333333333,0.043577758364463995,0.043577758364463995
53.125,0.04360257345860723,0.04360257345860723
53.166666666666664,0.043627355110927704,0.043627355110927704
53.20833333333333,0.04365210535591089,0.04365210535591089
53.25,0.043676826008241305,0.043676826008241305
53.291666666666664,0.04370151962236545,0.04370151962236545
53.33333333333333,0.04372618656608877,0.04372618656608877
53.375,0.04375082908264151,0.04375082908264151
53.416666666666664,0.04377544821064043,0.04377544821064043
53.45833333333333,0.04380004407274568,0.04380004407274568
53.5,0.04382461722310453,0.04382461722310453
53.541666666666664,0.04384916611460883,0.04384916611460883
53.58333333333333,0.043873688283033806,0.043873688283033806
53.625,0.04389818535979021,0.04389818535979021
53.666666666666664,0.04392265749677534,0.04392265749677534
53.70833333333333,0.043947101746495756,0.043947101746495756
53.75,0.043971513529829934,0.043971513529829934
53.791666666666664,0.04399589469068894,0.04399589469068894
53.83333333333333,0.0440202442660103,0.0440202442660103
53.875,0.04404455902714924,0.04404455902714924
53.916666666666664,0.04406883302349924,0.04406883302349924
53.95833333333333,0.04409306706556019,0.04409306706556019
54.0,0.044117259181417644,0.044117259181417644
54.041666666666664,0.044141402668444844,0.044141402668444844
54.08333333333333,0.044165510612640714,0.044165510612640714
54.125,0.04418958274151361,0.04418958274151361
54.166666666666664,0.04421362205890305,0.04421362205890305
54.20833333333333,0.0442376304712697,0.0442376304712697
54.25,0.044261609875619314,0.044261609875619314
54.291666666666664,0.04428556284085322,0.04428556284085322
54.33333333333333,0.04430948970582306,0.04430948970582306
54.375,0.04433339263394256,0.04433339263394256
54.416666666666664,0.04435727272035698,0.04435727272035698
54.45833333333333,0.044381130180998554,0.044381130180998554
54.5,0.04440496537617289,0.04440496537617289
54.541666666666664,0.04442877727955726,0.04442877727955726
54.58333333333333,0.044452562743968874,0.044452562743968874
54.625,0.04447632357146236,0.04447632357146236
54.666666666666664,0.044500059888988495,0.044500059888988495
54.70833333333333,0.04452376960606654,0.04452376960606654
54.75,0.04454744689465572,0.04454744689465572
54.791666666666664,0.04457109402166694,0.04457109402166694
54.83333333333333,0.044594710000501844,0.044594710000501844
54.875,0.04461829251736832,0.04461829251736832
54.916666666666664,0.04464183434234735,0.04464183434234735
54.95833333333333,0.0446653367099906,0.0446653367099906
55.0,0.04468879762772084,0.04468879762772084
55.041666666666664,0.044712210877503954,0.044712210877503954
55.08333333333333,0.0447355891447703,0.0447355891447703
55.125,0.04475893216386966,0.04475893216386966
55.166666666666664,0.044782243016533864,0.044782243016533864
55.20833333333333,0.04480552348909724,0.04480552348909724
55.25,0.044828775558090984,0.044828775558090984
55.291666666666664,0.044852001801600434,0.044852001801600434
55.33333333333333,0.044875202550480324,0.044875202550480324
55.375,0.04489837984822439,0.04489837984822439
55.416666666666664,0.04492153488501999,0.04492153488501999
55.45833333333333,0.044944667948718695,0.044944667948718695
55.5,0.04496777922302334,0.04496777922302334
55.541666666666664,0.04499086815164774,0.04499086815164774
55.58333333333333,0.045013930980311735,0.045013930980311735
55.625,0.045036969653271856,0.045036969653271856
55.666666666666664,0.04505998427394608,0.04505998427394608
55.70833333333333,0.04508297352108798,0.04508297352108798
55.75,0.04510593045977977,0.04510593045977977
55.791666666666664,0.04512885772405741,0.04512885772405741
55.83333333333333,0.04515175430514541,0.04515175430514541
55.875,0.04517461869343933,0.04517461869343933
55.916666666666664,0.04519744255775839,0.04519744255775839
55.95833333333333,0.04522022748601329,0.04522022748601329
56.0,0.04524297146618727,0.04524297146618727
56.041666666666664,0.045265668725607354,0.045265668725607354
56.08333333333333,0.04528833157300101,0.04528833157300101
56.125,0.04531095975364386,0.04531095975364386
56.166666666666664,0.04533355642569392,0.04533355642569392
56.20833333333333,0.045356123261706356,0.045356123261706356
56.25,0.04537866231490816,0.04537866231490816
56.291666666666664,0.04540117616811116,0.04540117616811116
56.33333333333333,0.045423665146745,0.045423665146745
56.375,0.04544613118647441,0.04544613118647441
56.416666666666664,0.04546857555932966,0.04546857555932966
56.45833333333333,0.04549099862158798,0.04549099862158798
56.5,0.04551340039601276,0.04551340039601276
56.541666666666664,0.0455357807507493,0.0455357807507493
56.58333333333333,0.04555813539202341,0.04555813539202341
56.625,0.045580466381366765,0.045580466381366765
56.666666666666664,0.04560277379997958,0.04560277379997958
56.70833333333333,0.045625057018105424,0.045625057018105424
56.75,0.04564730811877908,0.04564730811877908
56.791666666666664,0.04566953005453104,0.04566953005453104
56.83333333333333,0.0456917217956693,0.0456917217956693
56.875,0.04571388231250187,0.04571388231250187
56.916666666666664,0.04573600300944503,0.04573600300944503
56.95833333333333,0.04575808508446068,0.04575808508446068
57.0,0.045780126734827606,0.045780126734827606
57.041666666666664,0.045802122599046355,0.045802122599046355
57.08333333333333,0.04582408462955259,0.04582408462955259
57.125,0.04584601258619125,0.04584601258619125
57.166666666666664,0.045867909702092056,0.045867909702092056
57.20833333333333,0.04588977754196766,0.04588977754196766
57.25,0.045911618232913634,0.045911618232913634
57.291666666666664,0.045933434358710466,0.045933434358710466
57.33333333333333,0.045955226241551864,0.045955226241551864
57.375,0.045976995719946116,0.045976995719946116
57.416666666666664,0.04599874413637744,0.04599874413637744
57.45833333333333,0.04602047191204892,0.04602047191204892
57.5,0.04604217892300023,0.04604217892300023
57.541666666666664,0.04606386542083211,0.04606386542083211
57.58333333333333,0.046085526632509734,0.046085526632509734
57.625,0.046107164715022575,0.046107164715022575
57.666666666666664,0.04612877972857727,0.04612877972857727
57.70833333333333,0.046150371665971315,0.046150371665971315
57.75,0.0461719317380034,0.0461719317380034
57.791666666666664,0.04619346317334769,0.04619346317334769
57.83333333333333,0.04621496492256636,0.04621496492256636
57.875,0.04623643593622163,0.04623643593622163
57.916666666666664,0.0462578687330627,0.0462578687330627
57.95833333333333,0.04627926282396211,0.04627926282396211
58.0,0.04630061703166505,0.04630061703166505
58.041666666666664,0.04632192637594486,0.04632192637594486
58.08333333333333,0.046343202470510346,0.046343202470510346
58.125,0.04636444509301209,0.04636444509301209
58.166666666666664,0.046385657550105194,0.046385657550105194
58.20833333333333,0.04640684130421497,0.04640684130421497
58.25,0.046427998553506204,0.046427998553506204
58.291666666666664,0.04644913187957124,0.04644913187957124
58.33333333333333,0.04647024160322629,0.04647024160322629
58.375,0.04649132947526279,0.04649132947526279
58.416666666666664,0.04651239689877964,0.04651239689877964
58.45833333333333,0.04653344435645462,0.04653344435645462
58.5,0.04655447159049723,0.04655447159049723
58.541666666666664,0.04657547919913978,0.04657547919913978
58.58333333333333,0.046596461983757845,0.046596461983757845
58.625,0.04661742217772537,0.04661742217772537
58.666666666666664,0.046638359821395865,0.046638359821395865
58.70833333333333,0.046659274955122856,0.046659274955122856
58.75,0.04668015955554778,0.04668015955554778
58.791666666666664,0.04670101554921424,0.04670101554921424
58.83333333333333,0.04672184238181469,0.04672184238181469
58.875,0.046742638985253625,0.046742638985253625
58.916666666666664,0.04676339888286305,0.04676339888286305
58.95833333333333,0.04678412007942108,0.04678412007942108
59.0,0.04680480194901059,0.04680480194901059
59.041666666666664,0.04682543986641962,0.04682543986641962
59.08333333333333,0.046846045121856986,0.046846045121856986
59.125,0.0468666175136391,0.0468666175136391
59.166666666666664,0.04688716042050704,0.04688716042050704
59.20833333333333,0.04690767520779742,0.04690767520779742
59.25,0.046928164141993814,0.046928164141993814
59.291666666666664,0.046948629799858824,0.046948629799858824
59.33333333333333,0.04696907250240414,0.04696907250240414
59.375,0.046989493921068874,0.046989493921068874
59.416666666666664,0.04700989551105641,0.04700989551105641
59.45833333333333,0.0470302778131564,0.0470302778131564
59.5,0.047050640447436495,0.047050640447436495
59.541666666666664,0.04707098432566114,0.04707098432566114
59.58333333333333,0.04709130387144355,0.04709130387144355
59.625,0.04711160137788869,0.04711160137788869
59.666666666666664,0.047131876866559785,0.047131876866559785
59.70833333333333,0.0471521303590201,0.0471521303590201
59.75,0.04717235471880516,0.04717235471880516
59.791666666666664,0.04719255050236354,0.04719255050236354
59.83333333333333,0.04721271766345398,0.04721271766345398
59.875,0.04723285511633539,0.04723285511633539
59.916666666666664,0.04725295729144744,0.04725295729144744
59.95833333333333,0.047273020847220355,0.047273020847220355
60.0,0.04729304564408981,0.04729304564408981
60.041666666666664,0.047313027388703494,0.047313027388703494
60.08333333333333,0.047332977061074796,0.047332977061074796
60.125,0.047352894482700546,0.047352894482700546
60.166666666666664,0.047372783102972806,0.047372783102972806
60.20833333333333,0.04739264419500882,0.04739264419500882
60.25,0.0474124800909226,0.0474124800909226
60.291666666666664,0.0474322933604475,0.0474322933604475
60.33333333333333,0.04745208432611717,0.04745208432611717
60.375,0.04747185458744594,0.04747185458744594
60.416666666666664,0.04749160564437164,0.04749160564437164
60.45833333333333,0.04751133809254758,0.04751133809254758
60.5,0.04753105144049472,0.04753105144049472
60.541666666666664,0.047550746794679556,0.047550746794679556
60.58333333333333,0.04757041851077452,0.04757041851077452
60.625,0.047590068659904776,0.047590068659904776
60.666666666666664,0.047609697334897526,0.047609697334897526
60.70833333333333,0.04762930453951715,0.04762930453951715
60.75,0.0476488839511281,0.0476488839511281
60.791666666666664,0.047668434876344395,0.047668434876344395
60.83333333333333,0.047687957728479426,0.047687957728479426
60.875,0.04770745140508875,0.04770745140508875
60.916666666666664,0.047726911157003116,0.047726911157003116
60.95833333333333,0.04774633243751362,0.04774633243751362
61.0,0.04776571553636427,0.04776571553636427
61.041666666666664,0.04778505647155028,0.04778505647155028
61.08333333333333,0.047804365924619605,0.047804365924619605
61.125,0.04782364374244614,0.04782364374244614
61.166666666666664,0.04784289344364191,0.04784289344364191
61.20833333333333,0.04786211621366784,0.04786211621366784
61.25,0.04788131444765326,0.04788131444765326
61.291666666666664,0.04790049070648164,0.04790049070648164
61.33333333333333,0.047919645315322355,0.047919645315322355
61.375,0.04793877980837329,0.04793877980837329
61.416666666666664,0.04795789572391688,0.04795789572391688
61.45833333333333,0.047976993709354675,0.047976993709354675
61.5,0.047996073171264815,0.047996073171264815
61.541666666666664,0.04801513522441326,0.04801513522441326
61.58333333333333,0.048034174673402534,0.048034174673402534
61.625,0.04805319287587407,0.04805319287587407
61.666666666666664,0.0480721901564639,0.0480721901564639
61.70833333333333,0.048091166502062924,0.048091166502062924
61.75,0.04811011633799918,0.04811011633799918
61.791666666666664,0.04812903782893533,0.04812903782893533
61.83333333333333,0.04814793180447355,0.04814793180447355
61.875,0.04816679714634417,0.04816679714634417
61.916666666666664,0.04818562984850274,0.04818562984850274
61.95833333333333,0.04820442428410336,0.04820442428410336
62.0,0.048223181122062454,0.048223181122062454
62.041666666666664,0.0482418966734674,0.0482418966734674
62.08333333333333,0.04826058133184096,0.04826058133184096
62.125,0.04827923497133937,0.04827923497133937
62.166666666666664,0.04829786117836666,0.04829786117836666
62.20833333333333,0.04831646105500738,0.04831646105500738
62.25,0.0483350370745028,0.0483350370745028
62.291666666666664,0.048353591734495334,0.048353591734495334
62.33333333333333,0.048372125416615626,0.048372125416615626
62.375,0.048390639578004914,0.048390639578004914
62.416666666666664,0.04840913578974401,0.04840913578974401
62.45833333333333,0.04842761474801036,0.04842761474801036
62.5,0.048446075766147005,0.048446075766147005
62.541666666666664,0.04846451996519453,0.04846451996519453
62.58333333333333,0.04848294256632348,0.04848294256632348
62.625,0.04850134426896534,0.04850134426896534
62.666666666666664,0.048519725608340336,0.048519725608340336
62.70833333333333,0.048538086555330505,0.048538086555330505
62.75,0.048556422223753296,0.048556422223753296
62.791666666666664,0.04857472973326031,0.04857472973326031
62.83333333333333,0.048593010291094405,0.048593010291094405
62.875,0.048611262763979854,0.048611262763979854
62.916666666666664,0.048629483820036665,0.048629483820036665
62.95833333333333,0.048647666863106745,0.048647666863106745
63.0,0.04866581289715773,0.04866581289715773
63.041666666666664,0.04868391851004399,0.04868391851004399
63.08333333333333,0.048701993816648116,0.048701993816648116
63.125,0.04872003872004716,0.04872003872004716
63.166666666666664,0.04873805687301209,0.04873805687301209
63.20833333333333,0.048756049298269245,0.048756049298269245
63.25,0.04877401857119668,0.04877401857119668
63.291666666666664,0.048791967045551235,0.048791967045551235
63.33333333333333,0.04880989523962382,0.04880989523962382
63.375,0.04882780451228658,0.04882780451228658
63.416666666666664,0.048845696462599696,0.048845696462599696
63.45833333333333,0.04886357183269256,0.04886357183269256
63.5,0.04888142985057119,0.04888142985057119
63.541666666666664,0.048899271641779214,0.048899271641779214
63.58333333333333,0.048917092814445874,0.048917092814445874
63.625,0.048934893460115564,0.048934893460115564
63.666666666666664,0.04895267430544695,0.04895267430544695
63.70833333333333,0.04897043530612186,0.04897043530612186
63.75,0.04898817221065423,0.04898817221065423
63.791666666666664,0.049005881180936545,0.049005881180936545
63.83333333333333,0.04902356376727479,0.04902356376727479
63.875,0.0490412188221523,0.0490412188221523
63.916666666666664,0.04905884362620418,0.04905884362620418
63.95833333333333,0.04907643071236445,0.04907643071236445
64.0,0.049093981380774906,0.049093981380774906
64.04166666666666,0.04911149248138431,0.04911149248138431
64.08333333333333,0.04912897385895985,0.04912897385895985
64.125,0.04914642544689324,0.04914642544689324
64.16666666666666,0.04916385096290161,0.04916385096290161
64.20833333333333,0.049181251354127035,0.049181251354127035
64.25,0.049198629292272034,0.049198629292272034
64.29166666666666,0.04921598699657813,0.04921598699657813
64.33333333333333,0.049233325112282435,0.049233325112282435
64.375,0.049250644908148185,0.049250644908148185
64.41666666666666,0.04926794800702433,0.04926794800702433
64.45833333333333,0.04928523519431883,0.04928523519431883
64.5,0.049302505619866675,0.049302505619866675
64.54166666666666,0.04931976041216746,0.04931976041216746
64.58333333333333,0.04933699553919559,0.04933699553919559
64.625,0.0493542105304634,0.0493542105304634
64.66666666666666,0.04937140628678608,0.04937140628678608
64.70833333333333,0.04938858274940207,0.04938858274940207
64.75,0.0494057362527952,0.0494057362527952
64.79166666666666,0.04942286207974786,0.04942286207974786
64.83333333333333,0.049439962092649434,0.049439962092649434
64.875,0.04945703513045752,0.04945703513045752
64.91666666666666,0.04947407903112609,0.04947407903112609
64.95833333333333,0.049491085544177055,0.049491085544177055
65.0,0.0495080562316315,0.0495080562316315
65.04166666666666,0.04952498819228233,0.04952498819228233
65.08333333333333,0.04954189100860073,0.04954189100860073
65.125,0.049558764645464756,0.049558764645464756
65.16666666666666,0.04957561288411964,0.04957561288411964
65.20833333333333,0.04959243659967418,0.04959243659967418
65.25,0.04960923855474677,0.04960923855474677
65.29166666666666,0.049626020842688606,0.049626020842688606
65.33333333333333,0.049642784226800955,0.049642784226800955
65.375,0.04965952989309666,0.04965952989309666
65.41666666666666,0.04967625948456563,0.04967625948456563
65.45833333333333,0.04969297382736915,0.04969297382736915
65.5,0.049709671999678406,0.049709671999678406
65.54166666666666,0.04972635513160099,0.04972635513160099
65.58333333333333,0.04974301952609235,0.04974301952609235
65.625,0.04975966419247516,0.04975966419247516
65.66666666666666,0.04977629019010472,0.04977629019010472
65.70833333333333,0.0497928974464855,0.0497928974464855
65.75,0.049809482837848584,0.049809482837848584
65.79166666666666,0.0498260408388949,0.0498260408388949
65.83333333333333,0.04984257359629172,0.04984257359629172
65.875,0.04985907993614067,0.04985907993614067
65.91666666666666,0.049875558204205014,0.049875558204205014
65.95833333333333,0.049891999444519934,0.049891999444519934
66.0,0.0499084054506927,0.0499084054506927
66.04166666666666,0.04992477355833103,0.04992477355833103
66.08333333333333,0.04994111309485659,0.04994111309485659
66.125,0.0499574240629837,0.0499574240629837
66.16666666666666,0.04997371028992878,0.04997371028992878
66.20833333333333,0.04998997259825397,0.04998997259825397
66.25,0.0500062138310757,0.0500062138310757
66.29166666666666,0.05002243596380279,0.05002243596380279
66.33333333333333,0.050038639869669145,0.050038639869669145
66.375,0.050054826658583525,0.050054826658583525
66.41666666666666,0.050070997990499425,0.050070997990499425
66.45833333333333,0.05008715472995128,0.05008715472995128
66.5,0.050103295889358745,0.050103295889358745
66.54166666666666,0.050119422599265856,0.050119422599265856
66.58333333333333,0.050135531474784605,0.050135531474784605
66.625,0.05015162104326778,0.05015162104326778
66.66666666666666,0.05016769250848841,0.05016769250848841
66.70833333333333,0.05018374578488269,0.05018374578488269
66.75,0.05019977825023161,0.05019977825023161
66.79166666666666,0.05021578363540045,0.05021578363540045
66.83333333333333,0.050231764346341516,0.050231764346341516
66.875,0.05024771919692822,0.05024771919692822
66.91666666666666,0.05026364699625642,0.05026364699625642
66.95833333333333,0.05027953815237209,0.05027953815237209
67.0,0.05029539466368133,0.05029539466368133
67.04166666666666,0.050311214091632465,0.050311214091632465
67.08333333333333,0.05032700551537606,0.05032700551537606
67.125,0.050342768990211256,0.050342768990211256
67.16666666666666,0.050358508346024004,0.050358508346024004
67.20833333333333,0.050374224397873923,0.050374224397873923
67.25,0.05038992005071617,0.05038992005071617
67.29166666666666,0.05040559716935025,0.05040559716935025
67.33333333333333,0.05042125672948837,0.05042125672948837
67.375,0.05043689977094808,0.05043689977094808
67.41666666666666,0.05045252796787761,0.05045252796787761
67.45833333333333,0.05046814222094471,0.05046814222094471
67.5,0.050483741482192784,0.050483741482192784
67.54166666666666,0.050499326881586974,0.050499326881586974
67.58333333333333,0.05051489532542028,0.05051489532542028
67.625,0.050530444894024876,0.050530444894024876
67.66666666666666,0.05054597692280975,0.05054597692280975
67.70833333333333,0.050561491313768074,0.050561491313768074
67.75,0.050576985909633915,0.050576985909633915
67.79166666666666,0.05059245375563999,0.05059245375563999
67.83333333333333,0.050607897494525475,0.050607897494525475
67.875,0.050623315928524606,0.050623315928524606
67.91666666666666,0.050638707859871665,0.050638707859871665
67.95833333333333,0.05065406441322032,0.05065406441322032
68.0,0.050669386477533225,0.050669386477533225
68.04166666666666,0.05068467226021441,0.05068467226021441
68.08333333333333,0.05069993059854057,0.05069993059854057
68.125,0.050715161600297674,0.050715161600297674
68.16666666666666,0.050730369098781654,0.050730369098781654
68.20833333333333,0.05074555390237951,0.05074555390237951
68.25,0.050760718974218806,0.050760718974218806
68.29166666666666,0.0507758660752638,0.0507758660752638
68.33333333333333,0.05079099627686231,0.05079099627686231
68.375,0.050806110554189474,0.050806110554189474
68.41666666666666,0.05082121059317416,0.05082121059317416
68.45833333333333,0.05083629732851247,0.05083629732851247
68.5,0.05085136965676209,0.05085136965676209
68.54166666666666,0.05086642870643207,0.05086642870643207
68.58333333333333,0.050881471655699055,0.050881471655699055
68.625,0.05089649616986799,0.05089649616986799
68.66666666666666,0.05091150370440589,0.05091150370440589
68.70833333333333,0.05092649414945075,0.05092649414945075
68.75,0.050941465779319337,0.050941465779319337
68.79166666666666,0.05095641100642181,0.05095641100642181
68.83333333333333,0.05097133269000231,0.05097133269000231
68.875,0.05098622962120945,0.05098622962120945
68.91666666666666,0.05100110059119183,0.05100110059119183
68.95833333333333,0.05101593740120875,0.05101593740120875
69.0,0.05103073990527553,0.05103073990527553
69.04166666666666,0.051045506915649,0.051045506915649
69.08333333333333,0.05106024703381498,0.05106024703381498
69.125,0.0510749604198267,0.0510749604198267
69.16666666666666,0.05108965091104761,0.05108965091104761
69.20833333333333,0.051104319309947285,0.051104319309947285
69.25,0.0511189686344163,0.0511189686344163
69.29166666666666,0.051133600547853104,0.051133600547853104
69.33333333333333,0.051148216210947964,0.051148216210947964
69.375,0.05116281653918119,0.05116281653918119
69.41666666666666,0.05117740322815706,0.05117740322815706
69.45833333333333,0.051191977202486305,0.051191977202486305
69.5,0.05120653743410408,0.05120653743410408
69.54166666666666,0.05122108492289962,0.05122108492289962
69.58333333333333,0.05123561714328888,0.05123561714328888
69.625,0.05125013137487985,0.05125013137487985
69.66666666666666,0.051264629182698855,0.051264629182698855
69.70833333333333,0.05127911044558237,0.05127911044558237
69.75,0.05129357383894435,0.05129357383894435
69.79166666666666,0.051308011190376625,0.051308011190376625
69.83333333333333,0.05132242555731391,0.05132242555731391
69.875,0.05133681572033994,0.05133681572033994
69.91666666666666,0.05135118046003845,0.05135118046003845
69.95833333333333,0.05136551220477411,0.05136551220477411
70.0,0.051379809854189565,0.051379809854189565
70.04166666666666,0.051394072783744915,0.051394072783744915
70.08333333333333,0.05140830936496407,0.05140830936496407
70.125,0.05142251980983881,0.05142251980983881
70.16666666666666,0.051436707960379885,0.051436707960379885
70.20833333333333,0.05145087461382692,0.05145087461382692
70.25,0.05146502283966216,0.05146502283966216
70.29166666666666,0.051479154209523634,0.051479154209523634
70.33333333333333,0.05149326996765237,0.05149326996765237
70.375,0.05150737097433128,0.05150737097433128
70.41666666666666,0.051521458933004194,0.051521458933004194
70.45833333333333,0.05153553475734497,0.05153553475734497
70.5,0.0515495974957137,0.0515495974957137
70.54166666666666,0.05156364802174423,0.05156364802174423
70.58333333333333,0.05157768408869374,0.05157768408869374
70.625,0.05159170261738175,0.05159170261738175
70.66666666666666,0.05160570527286881,0.05160570527286881
70.70833333333333,0.051619691923211516,0.051619691923211516
70.75,0.05163366161703846,0.05163366161703846
70.79166666666666,0.05164760564081115,0.05164760564081115
70.83333333333333,0.05166152723359822,0.05166152723359822
70.875,0.051675425165908916,0.051675425165908916
70.91666666666666,0.051689298208252514,0.051689298208252514
70.95833333333333,0.05170313937094782,0.05170313937094782
71.0,0.0517169466724422,0.0517169466724422
71.04166666666666,0.05173072001351811,0.05173072001351811
71.08333333333333,0.05174446754135489,0.05174446754135489
71.125,0.05175818951945665,0.05175818951945665
71.16666666666666,0.05177188979499048,0.05177188979499048
71.20833333333333,0.051785569160591335,0.051785569160591335
71.25,0.05179923073437919,0.05179923073437919
71.29166666666666,0.05181287600161668,0.05181287600161668
71.33333333333333,0.05182650628475596,0.05182650628475596
71.375,0.051840122392978555,0.051840122392978555
71.41666666666666,0.05185372603596706,0.05185372603596706
71.45833333333333,0.05186731811737992,0.05186731811737992
71.5,0.05188089775771848,0.05188089775771848
71.54166666666666,0.051894465711795894,0.051894465711795894
71.58333333333333,0.051908019993910655,0.051908019993910655
71.625,0.05192155719081462,0.05192155719081462
71.66666666666666,0.05193507905895222,0.05193507905895222
71.70833333333333,0.051948585456092336,0.051948585456092336
71.75,0.05196207577853185,0.05196207577853185
71.79166666666666,0.051975540811429674,0.051975540811429674
71.83333333333333,0.05198898396049744,0.05198898396049744
71.875,0.05200240398663238,0.05200240398663238
71.91666666666666,0.05201579965073169,0.05201579965073169
71.95833333333333,0.05202916450381196,0.05202916450381196
72.0,0.05204249574969841,0.05204249574969841
72.04166666666666,0.05205579377996138,0.05205579377996138
72.08333333333333,0.05206906652287765,0.05206906652287765
72.125,0.05208231429295085,0.05208231429295085
72.16666666666666,0.052095540942948826,0.052095540942948826
72.20833333333333,0.05210874726146997,0.05210874726146997
72.25,0.05212193641251741,0.05212193641251741
72.29166666666666,0.052135109799980844,0.052135109799980844
72.33333333333333,0.05214826881959332,0.05214826881959332
72.375,0.05216141423317156,0.05216141423317156
72.41666666666666,0.052174547755241725,0.052174547755241725
72.45833333333333,0.052187670280275426,0.052187670280275426
72.5,0.05220078099691176,0.05220078099691176
72.54166666666666,0.05221388054806016,0.05221388054806016
72.58333333333333,0.052226967192603585,0.052226967192603585
72.625,0.05224003720596527,0.05224003720596527
72.66666666666666,0.052253092428110784,0.052253092428110784
72.70833333333333,0.052266132706986344,0.052266132706986344
72.75,0.052279157763113836,0.052279157763113836
72.79166666666666,0.05229215791671489,0.05229215791671489
72.83333333333333,0.05230513672655169,0.05230513672655169
72.875,0.05231809294434603,0.05231809294434603
72.91666666666666,0.052331025321819685,0.052331025321819685
72.95833333333333,0.05234392791292892,0.05234392791292892
73.0,0.05235679716753706,0.05235679716753706
73.04166666666666,0.05236963393644771,0.05236963393644771
73.08333333333333,0.052382445934332014,0.052382445934332014
73.125,0.052395233526103493,0.052395233526103493
73.16666666666666,0.05240800057051495,0.05240800057051495
73.20833333333333,0.052420747852644556,0.052420747852644556
73.25,0.05243347857980871,0.05243347857980871
73.29166666666666,0.05244619407917443,0.05244619407917443
73.33333333333333,0.052458895815199656,0.052458895815199656
73.375,0.05247158450574896,0.05247158450574896
73.41666666666666,0.052484261868976784,0.052484261868976784
73.45833333333333,0.0524969287909143,0.0524969287909143
73.5,0.05250958452459531,0.05250958452459531
73.54166666666666,0.052522229607464506,0.052522229607464506
73.58333333333333,0.05253486252776222,0.05253486252776222
73.625,0.05254747927051654,0.05254747927051654
73.66666666666666,0.052560081752063365,0.052560081752063365
73.70833333333333,0.05257266981096586,0.05257266981096586
73.75,0.05258524328578714,0.05258524328578714
73.79166666666666,0.052597792618990294,0.052597792618990294
73.83333333333333,0.0526103209561149,0.0526103209561149
73.875,0.05262282722476481,0.05262282722476481
73.91666666666666,0.0526353101678989,0.0526353101678989
73.95833333333333,0.05264776430781443,0.05264776430781443
74.0,0.05266018539575283,0.05266018539575283
74.04166666666666,0.05267257471286465,0.05267257471286465
74.08333333333333,0.052684939765387795,0.052684939765387795
74.125,0.05269728096798825,0.05269728096798825
74.16666666666666,0.052709602185734034,0.052709602185734034
74.20833333333333,0.05272190420065141,0.05272190420065141
74.25,0.052734190260968955,0.052734190260968955
74.29166666666666,0.05274646162146181,0.05274646162146181
74.33333333333333,0.0527587198110949,0.0527587198110949
74.375,0.052770965506903286,0.052770965506903286
74.41666666666666,0.05278320042961229,0.05278320042961229
74.45833333333333,0.052795425457486174,0.052795425457486174
74.5,0.05280763990444981,0.05280763990444981
74.54166666666666,0.05281984420848498,0.05281984420848498
74.58333333333333,0.05283203707307975,0.05283203707307975
74.625,0.05284421421216555,0.05284421421216555
74.66666666666666,0.052856377611939065,0.052856377611939065
74.70833333333333,0.05286852710199659,0.05286852710199659
74.75,0.05288066251193439,0.05288066251193439
74.79166666666666,0.05289277475845293,0.05289277475845293
74.83333333333333,0.052904866241097706,0.052904866241097706
74.875,0.05291693617092998,0.05291693617092998
74.91666666666666,0.05292898328253617,0.05292898328253617
74.95833333333333,0.05294100253479645,0.05294100253479645
75.0,0.052952989030901045,0.052952989030901045
75.04166666666666,0.05296494445584251,0.05296494445584251
75.08333333333333,0.05297687611249291,0.05297687611249291
75.125,0.05298878446455399,0.05298878446455399
75.16666666666666,0.053000673383688426,0.053000673383688426
75.20833333333333,0.05301254364929574,0.05301254364929574
75.25,0.053024398548272796,0.053024398548272796
75.29166666666666,0.053036239267037426,0.053036239267037426
75.33333333333333,0.05304806739515497,0.05304806739515497
75.375,0.053059883571690517,0.053059883571690517
75.41666666666666,0.05307168951902127,0.05307168951902127
75.45833333333333,0.053083486108253475,0.053083486108253475
75.5,0.05309527271092288,0.05309527271092288
75.54166666666666,0.053107049671144775,0.053107049671144775
75.58333333333333,0.053118815894573485,0.053118815894573485
75.625,0.05313056684184598,0.05313056684184598
75.66666666666666,0.05314230456309167,0.05314230456309167
75.70833333333333,0.05315402887933414,0.05315402887933414
75.75,0.05316573961159694,0.05316573961159694
75.79166666666666,0.05317742812275315,0.05317742812275315
75.83333333333333,0.0531890961121148,0.0531890961121148
75.875,0.053200743055914566,0.053200743055914566
75.91666666666666,0.0532123676807359,0.0532123676807359
75.95833333333333,0.053223965352862154,0.053223965352862154
76.0,0.053235530573691466,0.053235530573691466
76.04166666666666,0.05324706540769715,0.05324706540769715
76.08333333333333,0.05325857695935994,0.05325857695935994
76.125,0.053270065740648936,0.053270065740648936
76.16666666666666,0.05328153563005507,0.05328153563005507
76.20833333333333,0.053292987404736515,0.053292987404736515
76.25,0.05330442438815904,0.05330442438815904
76.29166666666666,0.05331584770214735,0.05331584770214735
76.33333333333333,0.05332725899324326,0.05332725899324326
76.375,0.05333865886516497,0.05333865886516497
76.41666666666666,0.0533500490411441,0.0533500490411441
76.45833333333333,0.05336143038568035,0.05336143038568035
76.5,0.053372802324846175,0.053372802324846175
76.54166666666666,0.05338416511411479,0.05338416511411479
76.58333333333333,0.05339551784916302,0.05339551784916302
76.625,0.053406855753775954,0.053406855753775954
76.66666666666666,0.053418180936612644,0.053418180936612644
76.70833333333333,0.053429493210497725,0.053429493210497725
76.75,0.053440792388255796,0.053440792388255796
76.79166666666666,0.05345207025287909,0.05345207025287909
76.83333333333333,0.053463327845813244,0.053463327845813244
76.875,0.05347456489159056,0.05347456489159056
76.91666666666666,0.05348578010914182,0.05348578010914182
76.95833333333333,0.05349696924530185,0.05349696924530185
77.0,0.05350812624205501,0.05350812624205501
77.04166666666666,0.053519253520917985,0.053519253520917985
77.08333333333333,0.053530357992871216,0.053530357992871216
77.125,0.05354144021733806,0.05354144021733806
77.16666666666666,0.05355250407983043,0.05355250407983043
77.20833333333333,0.053563550355613616,0.053563550355613616
77.25,0.05357458240275521,0.05357458240275521
77.29166666666666,0.05358560128200484,0.05358560128200484
77.33333333333333,0.05359660869351344,0.05359660869351344
77.375,0.0536076052080625,0.0536076052080625
77.41666666666666,0.05361859254904761,0.05361859254904761
77.45833333333333,0.053629571574862304,0.053629571574862304
77.5,0.05364054176323121,0.05364054176323121
77.54166666666666,0.05365150328586899,0.05365150328586899
77.58333333333333,0.053662455417186235,0.053662455417186235
77.625,0.05367339315932285,0.05367339315932285
77.66666666666666,0.05368431867453901,0.05368431867453901
77.70833333333333,0.0536952317678153,0.0536952317678153
77.75,0.053706132244132294,0.053706132244132294
77.79166666666666,0.053717012282376304,0.053717012282376304
77.83333333333333,0.053727872305414974,0.053727872305414974
77.875,0.05373871227048851,0.05373871227048851
77.91666666666666,0.05374953088920749,0.05374953088920749
77.95833333333333,0.053760324264209756,0.053760324264209756
78.0,0.053771085816948616,0.053771085816948616
78.04166666666666,0.05378181830527442,0.05378181830527442
78.08333333333333,0.05379252845148371,0.05379252845148371
78.125,0.053803216861602846,0.053803216861602846
78.16666666666666,0.053813887428319426,0.053813887428319426
78.20833333333333,0.053824540925320914,0.053824540925320914
78.25,0.05383518074343304,0.05383518074343304
78.29166666666666,0.05384580788562001,0.05384580788562001
78.33333333333333,0.053856424102510854,0.053856424102510854
78.375,0.05386702993416702,0.05386702993416702
78.41666666666666,0.05387762710355171,0.05387762710355171
78.45833333333333,0.0538882164634071,0.0538882164634071
78.5,0.05389879754040226,0.05389879754040226
78.54166666666666,0.05390937042706063,0.05390937042706063
78.58333333333333,0.05391993456602561,0.05391993456602561
78.625,0.053930484751865626,0.053930484751865626
78.66666666666666,0.053941023195944494,0.053941023195944494
78.70833333333333,0.05395154969573588,0.05395154969573588
78.75,0.05396206404871344,0.05396206404871344
78.79166666666666,0.05397255880711253,0.05397255880711253
78.83333333333333,0.053983033811690645,0.053983033811690645
78.875,0.05399348923797314,0.05399348923797314
78.91666666666666,0.05400392379056608,0.05400392379056608
78.95833333333333,0.054014333905077115,0.054014333905077115
79.0,0.0540247125181404,0.0540247125181404
79.04166666666666,0.05403506270479281,0.05403506270479281
79.08333333333333,0.05404539100339417,0.05404539100339417
79.125,0.054055698065690314,0.054055698065690314
79.16666666666666,0.054065987791664244,0.054065987791664244
79.20833333333333,0.0540762609537104,0.0540762609537104
79.25,0.054086520973683695,0.054086520973683695
79.29166666666666,0.05409676879984094,0.05409676879984094
79.33333333333333,0.05410700623037592,0.05410700623037592
79.375,0.054117233776670645,0.054117233776670645
79.41666666666666,0.054127453160742474,0.054127453160742474
79.45833333333333,0.054137665230096006,0.054137665230096006
79.5,0.05414786955780207,0.05414786955780207
79.54166666666666,0.054158066161466865,0.054158066161466865
79.58333333333333,0.05416825464219132,0.05416825464219132
79.625,0.0541784296000076,0.0541784296000076
79.66666666666666,0.054188593291277135,0.054188593291277135
79.70833333333333,0.054198745506287095,0.054198745506287095
79.75,0.05420888603532462,0.05420888603532462
79.79166666666666,0.05421900778297256,0.05421900778297256
79.83333333333333,0.05422911004176178,0.05422911004176178
79.875,0.0542391931921477,0.0542391931921477
79.91666666666666,0.0542492559320318,0.0542492559320318
79.95833333333333,0.05425929500890323,0.05425929500890323
80.0,0.05426930290741131,0.05426930290741131
80.04166666666666,0.05427928300204809,0.05427928300204809
80.08333333333333,0.05428924165191698,0.05428924165191698
80.125,0.054299179553572795,0.054299179553572795
80.16666666666666,0.054309100614382655,0.054309100614382655
80.20833333333333,0.05431900560570461,0.05431900560570461
80.25,0.05432889797879933,0.05432889797879933
80.29166666666666,0.054338778630100774,0.054338778630100774
80.33333333333333,0.05434864940265243,0.05434864940265243
80.375,0.05435851078103845,0.05435851078103845
80.41666666666666,0.05436836448588985,0.05436836448588985
80.45833333333333,0.05437821135985102,0.05437821135985102
80.5,0.054388051020003915,0.054388051020003915
80.54166666666666,0.05439788341304209,0.05439788341304209
80.58333333333333,0.05440770828941241,0.05440770828941241
80.625,0.054417520066699025,0.054417520066699025
80.66666666666666,0.05442732104250967,0.05442732104250967
80.70833333333333,0.05443711100024993,0.05443711100024993
80.75,0.05444688972332533,0.05444688972332533
80.79166666666666,0.05445665044907403,0.05445665044907403
80.83333333333333,0.054466391953328856,0.054466391953328856
80.875,0.05447611480909081,0.05447611480909081
80.91666666666666,0.0544858177078421,0.0544858177078421
80.95833333333333,0.05449549768944826,0.05449549768944826
81.0,0.05450514681680507,0.05450514681680507
81.04166666666666,0.054514768747407585,0.054514768747407585
81.08333333333333,0.05452436966571898,0.05452436966571898
81.125,0.054533950312170634,0.054533950312170634
81.16666666666666,0.05454351460157434,0.05454351460157434
81.20833333333333,0.054553063304482674,0.054553063304482674
81.25,0.05456259990003638,0.05456259990003638
81.29166666666666,0.05457212523555268,0.05457212523555268
81.33333333333333,0.05458164119639164,0.05458164119639164
81.375,0.05459114824207665,0.05459114824207665
81.41666666666666,0.054600648091476356,0.054600648091476356
81.45833333333333,0.05461014158271952,0.05461014158271952
81.5,0.05461962837464979,0.05461962837464979
81.54166666666666,0.05462910834680361,0.05462910834680361
81.58333333333333,0.0546385813904726,0.0546385813904726
81.625,0.05464804175201373,0.05464804175201373
81.66666666666666,0.05465749176685207,0.05465749176685207
81.70833333333333,0.054666931211801925,0.054666931211801925
81.75,0.05467635986367762,0.05467635986367762
81.79166666666666,0.05468577127427428,0.05468577127427428
81.83333333333333,0.05469516373209848,0.05469516373209848
81.875,0.054704537991198864,0.054704537991198864
81.91666666666666,0.05471389273690998,0.05471389273690998
81.95833333333333,0.05472322528341116,0.05472322528341116
82.0,0.05473252729971244,0.05473252729971244
82.04166666666666,0.054741802711020006,0.054741802711020006
82.08333333333333,0.05475105753171067,0.05475105753171067
82.125,0.05476029254514249,0.05476029254514249
82.16666666666666,0.05476951167360663,0.05476951167360663
82.20833333333333,0.054778715687057805,0.054778715687057805
82.25,0.05478790809108274,0.05478790809108274
82.29166666666666,0.05479708968642138,0.05479708968642138
82.33333333333333,0.05480626239838602,0.05480626239838602
82.375,0.0548154266630441,0.0548154266630441
82.41666666666666,0.054824584197182565,0.054824584197182565
82.45833333333333,0.05483373583472963,0.05483373583472963
82.5,0.05484288127417347,0.05484288127417347
82.54166666666666,0.05485202033141686,0.05485202033141686
82.58333333333333,0.054861153030660116,0.054861153030660116
82.625,0.054870273457455064,0.054870273457455064
82.66666666666666,0.05487938398190866,0.05487938398190866
82.70833333333333,0.054888484374520596,0.054888484374520596
82.75,0.05489757440579053,0.05489757440579053
82.79166666666666,0.05490664792486845,0.05490664792486845
82.83333333333333,0.05491570276031824,0.05491570276031824
82.875,0.05492473983655266,0.05492473983655266
82.91666666666666,0.054933757833017245,0.054933757833017245
82.95833333333333,0.05494275432146441,0.05494275432146441
83.0,0.05495172060272949,0.05495172060272949
83.04166666666666,0.05496066085549653,0.05496066085549653
83.08333333333333,0.05496958092854727,0.05496958092854727
83.125,0.05497848164720314,0.05497848164720314
83.16666666666666,0.05498736694124602,0.05498736694124602
83.20833333333333,0.054996237580219175,0.054996237580219175
83.25,0.055005097094806,0.055005097094806
83.29166666666666,0.055013946241554784,0.055013946241554784
83.33333333333333,0.05502278698352082,0.05502278698352082
83.375,0.05503161973479992,0.05503161973479992
83.41666666666666,0.055040446209828064,0.055040446209828064
83.45833333333333,0.05504926723862144,0.05504926723862144
83.5,0.055058082557318706,0.055058082557318706
83.54166666666666,0.05506689192149735,0.05506689192149735
83.58333333333333,0.05507569548085121,0.05507569548085121
83.625,0.055084487169815656,0.055084487169815656
83.66666666666666,0.0550932693903114,0.0550932693903114
83.70833333333333,0.055102041906787136,0.055102041906787136
83.75,0.055110804483691524,0.055110804483691524
83.79166666666666,0.055119551251528426,0.055119551251528426
83.83333333333333,0.05512827960447683,0.05512827960447683
83.875,0.05513699062737582,0.05513699062737582
83.91666666666666,0.05514568299402843,0.05514568299402843
83.95833333333333,0.05515435451822694,0.05515435451822694
84.0,0.05516299615637985,0.05516299615637985
84.04166666666666,0.05517161232737992,0.05517161232737992
84.08333333333333,0.05518020871884183,0.05518020871884183
84.125,0.05518878619707736,0.05518878619707736
84.16666666666666,0.055197348699350446,0.055197348699350446
84.20833333333333,0.055205896994959126,0.055205896994959126
84.25,0.055214434638412316,0.055214434638412316
84.29166666666666,0.05522296234431161,0.05522296234431161
84.33333333333333,0.05523148211138738,0.05523148211138738
84.375,0.05523999433313915,0.05523999433313915
84.41666666666666,0.0552485007214269,0.0552485007214269
84.45833333333333,0.05525700210261952,0.05525700210261952
84.5,0.05526549824862531,0.05526549824862531
84.54166666666666,0.0552739888578075,0.0552739888578075
84.58333333333333,0.05528247419841507,0.05528247419841507
84.625,0.05529094806278598,0.05529094806278598
84.66666666666666,0.055299412882029095,0.055299412882029095
84.70833333333333,0.05530786841479378,0.05530786841479378
84.75,0.05531631441972938,0.05531631441972938
84.79166666666666,0.05532474529370007,0.05532474529370007
84.83333333333333,0.055333158020389926,0.055333158020389926
84.875,0.0553415538358065,0.0553415538358065
84.91666666666666,0.055349931408345564,0.055349931408345564
84.95833333333333,0.05535828877940499,0.05535828877940499
85.0,0.05536661658293251,0.05536661658293251
85.04166666666666,0.055374919465636364,0.055374919465636364
85.08333333333333,0.05538320295832988,0.05538320295832988
85.125,0.05539146796733585,0.05539146796733585
85.16666666666666,0.05539971843737218,0.05539971843737218
85.20833333333333,0.055407955137640595,0.055407955137640595
85.25,0.05541618164527852,0.05541618164527852
85.29166666666666,0.05542439863505193,0.05542439863505193
85.33333333333333,0.05543260813943176,0.05543260813943176
85.375,0.05544081053259534,0.05544081053259534
85.41666666666666,0.05544900752364044,0.05544900752364044
85.45833333333333,0.05545719993553167,0.05545719993553167
85.5,0.055465387574174,0.055465387574174
85.54166666666666,0.05547357008364072,0.05547357008364072
85.58333333333333,0.05548174784424464,0.05548174784424464
85.625,0.055489914514622145,0.055489914514622145
85.66666666666666,0.05549807255266691,0.05549807255266691
85.70833333333333,0.05550622171146899,0.05550622171146899
85.75,0.05551436174411848,0.05551436174411848
85.79166666666666,0.055522487299790174,0.055522487299790174
85.83333333333333,0.05553059497400669,0.05553059497400669
85.875,0.055538686145317887,0.055538686145317887
85.91666666666666,0.055546759476936526,0.055546759476936526
85.95833333333333,0.05555481322444941,0.05555481322444941
86.0,0.05556283771966864,0.05556283771966864
86.04166666666666,0.05557083782553262,0.05557083782553262
86.08333333333333,0.055578818920353545,0.055578818920353545
86.125,0.05558678194948272,0.05558678194948272
86.16666666666666,0.055594730865047834,0.055594730865047834
86.20833333333333,0.0556026664362864,0.0556026664362864
86.25,0.05561059226183513,0.05561059226183513
86.29166666666666,0.05561850897861415,0.05561850897861415
86.33333333333333,0.0556264186510211,0.0556264186510211
86.375,0.05563432163509401,0.05563432163509401
86.41666666666666,0.05564221963701661,0.05564221963701661
86.45833333333333,0.0556501134765729,0.0556501134765729
86.5,0.055658002991990065,0.055658002991990065
86.54166666666666,0.055665887775805355,0.055665887775805355
86.58333333333333,0.05567376831431177,0.05567376831431177
86.625,0.055681638140272216,0.055681638140272216
86.66666666666666,0.055689499736163495,0.055689499736163495
86.70833333333333,0.05569735284974583,0.05569735284974583
86.75,0.05570519722877938,0.05570519722877938
86.79166666666666,0.05571302776156028,0.05571302776156028
86.83333333333333,0.05572084067636568,0.05572084067636568
86.875,0.05572863748623602,0.05572863748623602
86.91666666666666,0.05573641684941534,0.05573641684941534
86.95833333333333,0.05574417722318687,0.05574417722318687
87.0,0.05575190865606488,0.05575190865606488
87.04166666666666,0.055759616216366735,0.055759616216366735
87.08333333333333,0.05576730513413895,0.05576730513413895
87.125,0.05577497639277823,0.05577497639277823
87.16666666666666,0.05578263395176264,0.05578263395176264
87.20833333333333,0.05579027858048293,0.05579027858048293
87.25,0.055797913898010164,0.055797913898010164
87.29166666666666,0.05580554050529322,0.05580554050529322
87.33333333333333,0.05581316049695618,0.05581316049695618
87.375,0.05582077421199601,0.05582077421199601
87.41666666666666,0.05582838335356081,0.05582838335356081
87.45833333333333,0.05583598873845978,0.05583598873845978
87.5,0.055843590235661655,0.055843590235661655
87.54166666666666,0.05585118738876048,0.05585118738876048
87.58333333333333,0.05585878078432792,0.05585878078432792
87.625,0.05586636383655315,0.05586636383655315
87.66666666666666,0.05587393905047925,0.05587393905047925
87.70833333333333,0.055881506168755646,0.055881506168755646
87.75,0.055889064934031736,0.055889064934031736
87.79166666666666,0.055896610461341915,0.055896610461341915
87.83333333333333,0.05590413863131032,0.05590413863131032
87.875,0.055911651083950346,0.055911651083950346
87.91666666666666,0.055919146472741925,0.055919146472741925
87.95833333333333,0.05592662344502871,0.05592662344502871
88.0,0.05593407178349377,0.05593407178349377
88.04166666666666,0.055941496751660595,0.055941496751660595
88.08333333333333,0.055948903435478224,0.055948903435478224
88.125,0.05595629285540765,0.05595629285540765
88.16666666666666,0.05596366897820488,0.05596366897820488
88.20833333333333,0.05597103257351762,0.05597103257351762
88.25,0.055978387279845776,0.055978387279845776
88.29166666666666,0.055985733663935576,0.055985733663935576
88.33333333333333,0.055993073849041536,0.055993073849041536
88.375,0.05600040815814069,0.05600040815814069
88.41666666666666,0.05600773829125051,0.05600773829125051
88.45833333333333,0.05601506506239527,0.05601506506239527
88.5,0.05602238836979126,0.05602238836979126
88.54166666666666,0.05602970771053348,0.05602970771053348
88.58333333333333,0.05603702376612247,0.05603702376612247
88.625,0.056044329838988466,0.056044329838988466
88.66666666666666,0.05605162845489228,0.05605162845489228
88.70833333333333,0.056058919351582005,0.056058919351582005
88.75,0.056066202266805705,0.056066202266805705
88.79166666666666,0.056073472530695515,0.056073472530695515
88.83333333333333,0.05608072569459832,0.05608072569459832
88.875,0.056087963518472714,0.056087963518472714
88.91666666666666,0.05609518465123009,0.05609518465123009
88.95833333333333,0.056102387741781834,0.056102387741781834
89.0,0.056109562856117214,0.056109562856117214
89.04166666666666,0.056116714910492534,0.056116714910492534
89.08333333333333,0.05612384902850007,0.05612384902850007
89.125,0.056130966266688224,0.056130966266688224
89.16666666666666,0.056138070599006634,0.056138070599006634
89.20833333333333,0.05614516279545139,0.05614516279545139
89.25,0.05615224651300159,0.05615224651300159
89.29166666666666,0.056159322285869936,0.056159322285869936
89.33333333333333,0.05616639226444256,0.05616639226444256
89.375,0.05617345675662663,0.05617345675662663
89.41666666666666,0.05618051745923735,0.05618051745923735
89.45833333333333,0.05618757518368941,0.05618757518368941
89.5,0.0561946298560342,0.0561946298560342
89.54166666666666,0.05620168092917259,0.05620168092917259
89.58333333333333,0.056208729174511904,0.056208729174511904
89.625,0.056215767789088725,0.056215767789088725
89.66666666666666,0.056222799317687124,0.056222799317687124
89.70833333333333,0.056229823493354134,0.056229823493354134
89.75,0.056236840049136774,0.056236840049136774
89.79166666666666,0.05624384451931594,0.05624384451931594
89.83333333333333,0.05625083214320695,0.05625083214320695
89.875,0.056257804794139256,0.056257804794139256
89.91666666666666,0.05626476111664268,0.05626476111664268
89.95833333333333,0.05627169975524703,0.05627169975524703
90.0,0.05627861106177646,0.05627861106177646
90.04166666666666,0.05628549960877843,0.05628549960877843
90.08333333333333,0.05629237055734015,0.05629237055734015
90.125,0.056299224999126804,0.056299224999126804
90.16666666666666,0.05630606691518722,0.05630606691518722
90.20833333333333,0.05631289707594587,0.05631289707594587
90.25,0.05631971915596339,0.05631971915596339
90.29166666666666,0.05632653365849582,0.05632653365849582
90.33333333333333,0.056333342759651885,0.056333342759651885
90.375,0.05634014675315374,0.05634014675315374
90.41666666666666,0.056346947332563374,0.056346947332563374
90.45833333333333,0.05635374530684788,0.05635374530684788
90.5,0.056360540628557484,0.056360540628557484
90.54166666666666,0.05636733270857433,0.05636733270857433
90.58333333333333,0.05637412240349366,0.05637412240349366
90.625,0.056380902810909406,0.056380902810909406
90.66666666666666,0.05638767649307495,0.05638767649307495
90.70833333333333,0.056394443178527896,0.056394443178527896
90.75,0.05640120259580584,0.05640120259580584
90.79166666666666,0.05640795047303016,0.05640795047303016
90.83333333333333,0.05641468175368548,0.05641468175368548
90.875,0.056421398418315935,0.056421398418315935
90.91666666666666,0.05642809910724858,0.05642809910724858
90.95833333333333,0.056434782460810476,0.056434782460810476
91.0,0.0564414391017482,0.0564414391017482
91.04166666666666,0.05644807327937399,0.05644807327937399
91.08333333333333,0.05645469018658835,0.05645469018658835
91.125,0.05646129094921061,0.05646129094921061
91.16666666666666,0.05646787955528538,0.05646787955528538
91.20833333333333,0.056474456775735205,0.056474456775735205
91.25,0.05648102630185348,0.05648102630185348
91.29166666666666,0.05648758860742986,0.05648758860742986
91.33333333333333,0.056494145892970395,0.056494145892970395
91.375,0.056500698438837045,0.056500698438837045
91.41666666666666,0.05650724793530554,0.05650724793530554
91.45833333333333,0.05651379518904539,0.05651379518904539
91.5,0.05652034017784078,0.05652034017784078
91.54166666666666,0.056526882272609415,0.056526882272609415
91.58333333333333,0.056533422356341796,0.056533422356341796
91.625,0.056539953595824914,0.056539953595824914
91.66666666666666,0.05654647840628738,0.05654647840628738
91.70833333333333,0.056552996566297066,0.056552996566297066
91.75,0.05655950780006554,0.05655950780006554
91.79166666666666,0.056566008019843274,0.056566008019843274
91.83333333333333,0.0565724918885142,0.0565724918885142
91.875,0.05657896148806816,0.05657896148806816
91.91666666666666,0.05658541545480056,0.05658541545480056
91.95833333333333,0.056591852425006854,0.056591852425006854
92.0,0.05659826327834257,0.05659826327834257
92.04166666666666,0.0566046519599776,0.0566046519599776
92.08333333333333,0.05661102368949513,0.05661102368949513
92.125,0.056617379625915565,0.056617379625915565
92.16666666666666,0.05662372376416813,0.05662372376416813
92.20833333333333,0.05663005687573376,0.05663005687573376
92.25,0.05663638266783544,0.05663638266783544
92.29166666666666,0.05664270158620601,0.05664270158620601
92.33333333333333,0.056649015854501314,0.056649015854501314
92.375,0.056655325740492576,0.056655325740492576
92.41666666666666,0.0566616329311521,0.0566616329311521
92.45833333333333,0.05666793823099082,0.05666793823099082
92.5,0.05667424164182893,0.05667424164182893
92.54166666666666,0.056680542496560876,0.056680542496560876
92.58333333333333,0.05668684168501031,0.05668684168501031
92.625,0.056693132494533505,0.056693132494533505
92.66666666666666,0.05669941714586198,0.05669941714586198
92.70833333333333,0.0567056954831577,0.0567056954831577
92.75,0.056711967226481814,0.056711967226481814
92.79166666666666,0.0567182284630579,0.0567182284630579
92.83333333333333,0.056724473589497906,0.056724473589497906
92.875,0.05673070478382681,0.05673070478382681
92.91666666666666,0.05673692067847224,0.05673692067847224
92.95833333333333,0.056743119905861804,0.056743119905861804
93.0,0.05674929358938057,0.05674929358938057
93.04166666666666,0.05675544538787487,0.05675544538787487
93.08333333333333,0.05676158054298177,0.05676158054298177
93.125,0.056767700245980816,0.056767700245980816
93.16666666666666,0.0567738084985682,0.0567738084985682
93.20833333333333,0.056779906072834785,0.056779906072834785
93.25,0.05678599669117265,0.05678599669117265
93.29166666666666,0.05679208077259231,0.05679208077259231
93.33333333333333,0.05679816056272387,0.05679816056272387
93.375,0.05680423631746643,0.05680423631746643
93.41666666666666,0.05681030972048558,0.05681030972048558
93.45833333333333,0.056816381574262616,0.056816381574262616
93.5,0.05682245190351835,0.05682245190351835
93.54166666666666,0.05682852000495977,0.05682852000495977
93.58333333333333,0.05683458677483589,0.05683458677483589
93.625,0.056840645615387785,0.056840645615387785
93.66666666666666,0.05684669856221729,0.05684669856221729
93.70833333333333,0.05685274552172625,0.05685274552172625
93.75,0.056858786209993586,0.056858786209993586
93.79166666666666,0.05686481688057594,0.05686481688057594
93.83333333333333,0.056870831677306416,0.056870831677306416
93.875,0.05687683286916604,0.05687683286916604
93.91666666666666,0.056882819084871486,0.056882819084871486
93.95833333333333,0.056888788953139424,0.056888788953139424
94.0,0.056894733828678164,0.056894733828678164
94.04166666666666,0.05690065710065404,0.05690065710065404
94.08333333333333,0.056906564028586515,0.056906564028586515
94.125,0.05691245583508454,0.05691245583508454
94.16666666666666,0.05691833652848757,0.05691833652848757
94.20833333333333,0.05692420688154054,0.05692420688154054
94.25,0.056930070631084614,0.056930070631084614
94.29166666666666,0.056935928170670815,0.056935928170670815
94.33333333333333,0.05694178176679617,0.05694178176679617
94.375,0.05694763166415882,0.05694763166415882
94.41666666666666,0.05695347954312623,0.05695347954312623
94.45833333333333,0.05695932620426985,0.05695932620426985
94.5,0.05696517169413526,0.05696517169413526
94.54166666666666,0.056971015274977825,0.056971015274977825
94.58333333333333,0.05697685784909148,0.05697685784909148
94.625,0.05698269292821692,0.05698269292821692
94.66666666666666,0.05698852237168588,0.05698852237168588
94.70833333333333,0.05699434614498089,0.05699434614498089
94.75,0.05700016396035976,0.05700016396035976
94.79166666666666,0.05700597222955868,0.05700597222955868
94.83333333333333,0.05701176485633971,0.05701176485633971
94.875,0.05701754419587091,0.05701754419587091
94.91666666666666,0.05702330887330825,0.05702330887330825
94.95833333333333,0.057029057513807664,0.057029057513807664
95.0,0.0570347816917204,0.0570347816917204
95.04166666666666,0.057040484542079814,0.057040484542079814
95.08333333333333,0.05704617133853662,0.05704617133853662
95.125,0.0570518433341128,0.0570518433341128
95.16666666666666,0.05705750454366246,0.05705750454366246
95.20833333333333,0.05706315574062179,0.05706315574062179
95.25,0.05706880067559897,0.05706880067559897
95.29166666666666,0.05707443971788158,0.05707443971788158
95.33333333333333,0.0570800751537895,0.0570800751537895
95.375,0.057085707217447414,0.057085707217447414
95.41666666666666,0.057091337585943654,0.057091337585943654
95.45833333333333,0.05709696705805112,0.05709696705805112
95.5,0.05710259570112014,0.05710259570112014
95.54166666666666,0.05710822274459704,0.05710822274459704
95.58333333333333,0.057113849096465504,0.057113849096465504
95.625,0.05711946837285999,0.05711946837285999
95.66666666666666,0.057125082265228395,0.057125082265228395
95.70833333333333,0.05713069079515596,0.05713069079515596
95.75,0.05713629367123365,0.05713629367123365
95.79166666666666,0.05714188745567619,0.05714188745567619
95.83333333333333,0.05714746582415354,0.05714746582415354
95.875,0.05715303121353894,0.05715303121353894
95.91666666666666,0.05715858224557148,0.05715858224557148
95.95833333333333,0.05716411754199026,0.05716411754199026
96.0,0.057169628885782836,0.057169628885782836
96.04166666666666,0.05717511917238479,0.05717511917238479
96.08333333333333,0.05718059368620878,0.05718059368620878
96.125,0.05718605370978782,0.05718605370978782
96.16666666666666,0.05719150326435846,0.05719150326435846
96.20833333333333,0.05719694312407867,0.05719694312407867
96.25,0.05720237705267661,0.05720237705267661
96.29166666666666,0.05720780548348432,0.05720780548348432
96.33333333333333,0.057213230851462564,0.057213230851462564
96.375,0.05721865338751507,0.05721865338751507
96.41666666666666,0.05722407418480098,0.05722407418480098
96.45833333333333,0.05722949409505353,0.05722949409505353
96.5,0.05723491322683006,0.05723491322683006
96.54166666666666,0.05724033093869761,0.05724033093869761
96.58333333333333,0.057245748036191035,0.057245748036191035
96.625,0.057251159075146954,0.057251159075146954
96.66666666666666,0.05725656525904291,0.05725656525904291
96.70833333333333,0.057261966567074656,0.057261966567074656
96.75,0.05726736265994426,0.05726736265994426
96.79166666666666,0.05727274772780006,0.05727274772780006
96.83333333333333,0.057278120211032534,0.057278120211032534
96.875,0.05728348034876332,0.05728348034876332
96.91666666666666,0.05728882676979925,0.05728882676979925
96.95833333333333,0.05729415499200846,0.05729415499200846
97.0,0.05729946022472343,0.05729946022472343
97.04166666666666,0.057304744562578475,0.057304744562578475
97.08333333333333,0.05731001346488144,0.05731001346488144
97.125,0.0573152682468569,0.0573152682468569
97.16666666666666,0.05732051293284825,0.05732051293284825
97.20833333333333,0.05732574829684255,0.05732574829684255
97.25,0.05733097811016876,0.05733097811016876
97.29166666666666,0.05733620278080543,0.05733620278080543
97.33333333333333,0.05734142475830245,0.05734142475830245
97.375,0.05734664426597496,0.05734664426597496
97.41666666666666,0.057351862387175406,0.057351862387175406
97.45833333333333,0.05735707997087647,0.05735707997087647
97.5,0.05736229713858006,0.05736229713858006
97.54166666666666,0.057367513218727,0.057367513218727
97.58333333333333,0.05737272901837612,0.05737272901837612
97.625,0.05737793917726701,0.05737793917726701
97.66666666666666,0.05738314475982282,0.05738314475982282
97.70833333333333,0.057388345786958235,0.057388345786958235
97.75,0.05739354191326427,0.05739354191326427
97.79166666666666,0.05739872746487638,0.05739872746487638
97.83333333333333,0.057403900672175434,0.057403900672175434
97.875,0.05740906184655649,0.05740906184655649
97.91666666666666,0.05741420961145336,0.05741420961145336
97.95833333333333,0.057419339618799255,0.057419339618799255
98.0,0.05742444688098831,0.05742444688098831
98.04166666666666,0.05742953364288224,0.05742953364288224
98.08333333333333,0.05743460524716394,0.05743460524716394
98.125,0.05743966303749485,0.05743966303749485
98.16666666666666,0.05744471104324971,0.05744471104324971
98.20833333333333,0.05744975003896079,0.05744975003896079
98.25,0.05745478380645864,0.05745478380645864
98.29166666666666,0.05745981273095069,0.05745981273095069
98.33333333333333,0.0574648392785499,0.0574648392785499
98.375,0.05746986366592367,0.05746986366592367
98.41666666666666,0.05747488697031263,0.05747488697031263
98.45833333333333,0.05747991003933826,0.05747991003933826
98.5,0.057484933008571944,0.057484933008571944
98.54166666666666,0.05748995518053893,0.05748995518053893
98.58333333333333,0.057494977365420454,0.057494977365420454
98.625,0.05749999428194392,0.05749999428194392
98.66666666666666,0.05750500686669863,0.05750500686669863
98.70833333333333,0.05751001518135133,0.05751001518135133
98.75,0.057515018876540244,0.057515018876540244
98.79166666666666,0.05752001240566482,0.05752001240566482
98.83333333333333,0.05752499380382527,0.05752499380382527
98.875,0.057529963452002654,0.057529963452002654
98.91666666666666,0.05753491997000812,0.05753491997000812
98.95833333333333,0.05753985913566867,0.05753985913566867
99.0,0.05754477577746491,0.05754477577746491
99.04166666666666,0.05754967228331839,0.05754967228331839
99.08333333333333,0.05755455388749752,0.05755455388749752
99.125,0.05755942196042997,0.05755942196042997
99.16666666666666,0.05756428053709997,0.05756428053709997
99.20833333333333,0.05756913039279631,0.05756913039279631
99.25,0.05757397532037241,0.05757397532037241
99.29166666666666,0.057578815683745,0.057578815683745
99.33333333333333,0.05758365396559723,0.05758365396559723
99.375,0.057588490377294216,0.057588490377294216
99.41666666666666,0.05759332598872673,0.05759332598872673
99.45833333333333,0.05759816164907811,0.05759816164907811
99.5,0.057602997507027014,0.057602997507027014
99.54166666666666,0.05760783284124097,0.05760783284124097
99.58333333333333,0.05761266846535192,0.05761266846535192
99.625,0.05761749917303407,0.05761749917303407
99.66666666666666,0.05762232578053397,0.05762232578053397
99.70833333333333,0.05762714838855533,0.05762714838855533
99.75,0.057631966644515024,0.057631966644515024
99.79166666666666,0.057636775122216016,0.057636775122216016
99.83333333333333,0.057641571672442715,0.057641571672442715
99.875,0.057646356742502,0.057646356742502
99.91666666666666,0.057651128949180765,0.057651128949180765
99.95833333333333,0.05765588418932318,0.05765588418932318
100.0,0.057660617117995805,0.057660617117995805
