time,APlasma,[APlasma]
0.0,0.0,0.0
0.041666666666666664,4.2156271025509776e-10,4.2156271025509776e-10
0.08333333333333333,3.275815600573793e-09,3.275815600573793e-09
0.125,1.073948718217314e-08,1.073948718217314e-08
0.16666666666666666,2.4729387342934352e-08,2.4729387342934352e-08
0.20833333333333331,4.6922412125850144e-08,4.6922412125850144e-08
0.25,7.877426979157978e-08,7.877426979157978e-08
0.29166666666666663,1.215370195309264e-07,1.215370195309264e-07
0.3333333333333333,1.7627546622439677e-07,1.7627546622439677e-07
0.375,2.4388247603510546e-07,2.4388247603510546e-07
0.41666666666666663,3.2509332316058177e-07,3.2509332316058177e-07
0.4583333333333333,4.20499102477685e-07,4.20499102477685e-07
0.5,5.30559147757109e-07,5.30559147757109e-07
0.5416666666666666,6.556127103539517e-07,6.556127103539517e-07
0.5833333333333333,7.958898241883374e-07,7.958898241883374e-07
0.625,9.515214339148905e-07,9.515214339148905e-07
0.6666666666666666,1.1225487428944505e-06,1.1225487428944505e-06
0.7083333333333333,1.3089320323344664e-06,1.3089320323344664e-06
0.75,1.510558927797852e-06,1.510558927797852e-06
0.7916666666666666,1.7272518727944772e-06,1.7272518727944772e-06
0.8333333333333333,1.9587750524544907e-06,1.9587750524544907e-06
0.875,2.2048409208955513e-06,2.2048409208955513e-06
0.9166666666666666,2.4651162958096155e-06,2.4651162958096155e-06
0.9583333333333333,2.739227963526896e-06,2.739227963526896e-06
1.0,3.026767820051785e-06,3.026767820051785e-06
1.0416666666666665,3.3277222722023077e-06,3.3277222722023077e-06
1.0833333333333333,3.6436287764972964e-06,3.6436287764972964e-06
1.125,3.976182725099871e-06,3.976182725099871e-06
1.1666666666666665,4.326798010810309e-06,4.326798010810309e-06
1.2083333333333333,4.69664241499601e-06,4.69664241499601e-06
1.25,5.086636824880984e-06,5.086636824880984e-06
1.2916666666666665,5.497491355029531e-06,5.497491355029531e-06
1.3333333333333333,5.929727393364793e-06,5.929727393364793e-06
1.375,6.38369265673548e-06,6.38369265673548e-06
1.4166666666666665,6.859574370796523e-06,6.859574370796523e-06
1.4583333333333333,7.357424011955037e-06,7.357424011955037e-06
1.5,7.877132395536023e-06,7.877132395536023e-06
1.5416666666666665,8.41849672956201e-06,8.41849672956201e-06
1.5833333333333333,8.981215532128478e-06,8.981215532128478e-06
1.625,9.56489626016396e-06,9.56489626016396e-06
1.6666666666666665,1.016906057960649e-05,1.016906057960649e-05
1.7083333333333333,1.0793162608522265e-05,1.0793162608522265e-05
1.75,1.1436575654005492e-05,1.1436575654005492e-05
1.7916666666666665,1.2098638922725853e-05,1.2098638922725853e-05
1.8333333333333333,1.2778618337868431e-05,1.2778618337868431e-05
1.875,1.3475763928017165e-05,1.3475763928017165e-05
1.9166666666666665,1.418927947330433e-05,1.418927947330433e-05
1.9583333333333333,1.491834662670547e-05,1.491834662670547e-05
2.0,1.566213328450376e-05,1.566213328450376e-05
2.0416666666666665,1.642020448795837e-05,1.642020448795837e-05
2.083333333333333,1.719367856876397e-05,1.719367856876397e-05
2.125,1.798386726589905e-05,1.798386726589905e-05
2.1666666666666665,1.879181805593931e-05,1.879181805593931e-05
2.208333333333333,1.9618334310273814e-05,1.9618334310273814e-05
2.25,2.046399465621836e-05,2.046399465621836e-05
2.2916666666666665,2.132917103398566e-05,2.132917103398566e-05
2.333333333333333,2.221406045109646e-05,2.221406045109646e-05
2.375,2.3118703808436665e-05,2.3118703808436665e-05
2.4166666666666665,2.404300282005831e-05,2.404300282005831e-05
2.458333333333333,2.498672354643059e-05,2.498672354643059e-05
2.5,2.5949509349459808e-05,2.5949509349459808e-05
2.5416666666666665,2.693089675998775e-05,2.693089675998775e-05
2.583333333333333,2.7930332630411742e-05,2.7930332630411742e-05
2.625,2.8947189908283827e-05,2.8947189908283827e-05
2.6666666666666665,2.9980773377357564e-05,2.9980773377357564e-05
2.708333333333333,3.103032757779712e-05,3.103032757779712e-05
2.75,3.209504577001908e-05,3.209504577001908e-05
2.7916666666666665,3.317408864575787e-05,3.317408864575787e-05
2.833333333333333,3.426656334561776e-05,3.426656334561776e-05
2.875,3.537156087087722e-05,3.537156087087722e-05
2.9166666666666665,3.6488154939278076e-05,3.6488154939278076e-05
2.958333333333333,3.761534389869982e-05,3.761534389869982e-05
3.0,3.8752213422755743e-05,3.8752213422755743e-05
3.0416666666666665,3.9898141134237506e-05,3.9898141134237506e-05
3.083333333333333,4.10541818767727e-05,4.10541818767727e-05
3.125,4.222154141313491e-05,4.222154141313491e-05
3.1666666666666665,4.340117903456991e-05,4.340117903456991e-05
3.208333333333333,4.459382927765716e-05,4.459382927765716e-05
3.25,4.5799998176302816e-05,4.5799998176302816e-05
3.2916666666666665,4.7019998252760705e-05,4.7019998252760705e-05
3.333333333333333,4.8253953672211914e-05,4.8253953672211914e-05
3.375,4.9501874423405977e-05,4.9501874423405977e-05
3.4166666666666665,5.0763615777035544e-05,5.0763615777035544e-05
3.458333333333333,5.203890127355882e-05,5.203890127355882e-05
3.5,5.332734413877874e-05,5.332734413877874e-05
3.5416666666666665,5.462847523892149e-05,5.462847523892149e-05
3.583333333333333,5.59417042064865e-05,5.59417042064865e-05
3.625,5.726642311071238e-05,5.726642311071238e-05
3.6666666666666665,5.8601883283821244e-05,5.8601883283821244e-05
3.708333333333333,5.994736244192233e-05,5.994736244192233e-05
3.75,6.130202210832902e-05,6.130202210832902e-05
3.7916666666666665,6.266504886925306e-05,6.266504886925306e-05
3.833333333333333,6.403554989998679e-05,6.403554989998679e-05
3.875,6.541264702302059e-05,6.541264702302059e-05
3.9166666666666665,6.679541251181334e-05,6.679541251181334e-05
3.958333333333333,6.81829296760596e-05,6.81829296760596e-05
4.0,6.957425302873877e-05,6.957425302873877e-05
4.041666666666666,7.096888118796379e-05,7.096888118796379e-05
4.083333333333333,7.236789527122069e-05,7.236789527122069e-05
4.125,7.377248645090851e-05,7.377248645090851e-05
4.166666666666666,7.51836324312965e-05,7.51836324312965e-05
4.208333333333333,7.660212517460847e-05,7.660212517460847e-05
4.25,7.802852217476895e-05,7.802852217476895e-05
4.291666666666666,7.946319106104462e-05,7.946319106104462e-05
4.333333333333333,8.090633706217589e-05,8.090633706217589e-05
4.375,8.235800221981762e-05,8.235800221981762e-05
4.416666666666666,8.381809150601055e-05,8.381809150601055e-05
4.458333333333333,8.528639070245109e-05,8.528639070245109e-05
4.5,8.676256832291785e-05,8.676256832291785e-05
4.541666666666666,8.824619568624448e-05,8.824619568624448e-05
4.583333333333333,8.973677490676711e-05,8.973677490676711e-05
4.625,9.123370803169209e-05,9.123370803169209e-05
4.666666666666666,9.273637959017413e-05,9.273637959017413e-05
4.708333333333333,9.424407571654425e-05,9.424407571654425e-05
4.75,9.575607833576384e-05,9.575607833576384e-05
4.791666666666666,9.727160151888719e-05,9.727160151888719e-05
4.833333333333333,9.878984950121628e-05,9.878984950121628e-05
4.875,0.00010030998814002548,0.00010030998814002548
4.916666666666666,0.00010183117089642027,0.00010183117089642027
4.958333333333333,0.00010335255371668265,0.00010335255371668265
5.0,0.0001048732677828875,0.0001048732677828875
5.041666666666666,0.00010639282498301564,0.00010639282498301564
5.083333333333333,0.0001079124182474086,0.0001079124182474086
5.125,0.00010943331459970552,0.00010943331459970552
5.166666666666666,0.00011095653122512963,0.00011095653122512963
5.208333333333333,0.00011248293827927178,0.00011248293827927178
5.25,0.0001140131754669218,0.0001140131754669218
5.291666666666666,0.00011554766738760573,0.00011554766738760573
5.333333333333333,0.00011708668306433289,0.00011708668306433289
5.375,0.00011863035237545905,0.00011863035237545905
5.416666666666666,0.00012017864472572429,0.00012017864472572429
5.458333333333333,0.00012173140998274615,0.00012173140998274615
5.5,0.0001232883905353465,0.0001232883905353465
5.541666666666666,0.00012484922814153115,0.00012484922814153115
5.583333333333333,0.00012641347565934386,0.00012641347565934386
5.625,0.00012798062939576267,0.00012798062939576267
5.666666666666666,0.00012955009584024398,0.00012955009584024398
5.708333333333333,0.00013112127110564322,0.00013112127110564322
5.75,0.0001326934604728255,0.0001326934604728255
5.791666666666666,0.00013426597334510246,0.00013426597334510246
5.833333333333333,0.00013583805471233283,0.00013583805471233283
5.875,0.00013740895057185644,0.00013740895057185644
5.916666666666666,0.0001389778665955319,0.0001389778665955319
5.958333333333333,0.00014054401076233735,0.00014054401076233735
6.0,0.0001421065820130388,0.0001421065820130388
6.041666666666666,0.00014366517833324033,0.00014366517833324033
6.083333333333333,0.00014522103579756897,0.00014522103579756897
6.125,0.00014677548975180712,0.00014677548975180712
6.166666666666666,0.00014832959054083265,0.00014832959054083265
6.208333333333333,0.00014988426609052074,0.00014988426609052074
6.25,0.0001514402243689995,0.0001514402243689995
6.291666666666666,0.0001529979390550811,0.0001529979390550811
6.333333333333333,0.00015455774220820293,0.00015455774220820293
6.375,0.00015611981050490348,0.00015611981050490348
6.416666666666666,0.00015768417113200996,0.00015768417113200996
6.458333333333333,0.00015925072345404019,0.00015925072345404019
6.5,0.00016081927501606955,0.00016081927501606955
6.541666666666666,0.00016238949349147694,0.00016238949349147694
6.583333333333333,0.00016396102008592894,0.00016396102008592894
6.625,0.00016553335183731394,0.00016553335183731394
6.666666666666666,0.00016710599285542347,0.00016710599285542347
6.708333333333333,0.00016867833652338326,0.00016867833652338326
6.75,0.00017024977649610266,0.00017024977649610266
6.791666666666666,0.00017181963728905657,0.00017181963728905657
6.833333333333333,0.0001733872304621571,0.0001733872304621571
6.875,0.00017495183278784336,0.00017495183278784336
6.916666666666666,0.0001765127010110337,0.0001765127010110337
6.958333333333333,0.0001780690851059597,0.0001780690851059597
7.0,0.00017962021158054244,0.00017962021158054244
7.041666666666666,0.0001811657445628703,0.0001811657445628703
7.083333333333333,0.0001827069525022861,0.0001827069525022861
7.125,0.00018424521437922564,0.00018424521437922564
7.166666666666666,0.00018578160654735164,0.00018578160654735164
7.208333333333333,0.00018731709110947855,0.00018731709110947855
7.25,0.00018885239448145267,0.00018885239448145267
7.291666666666666,0.0001903880618652387,0.0001903880618652387
7.333333333333333,0.00019192445853560505,0.00019192445853560505
7.375,0.00019346179485568932,0.00019346179485568932
7.416666666666666,0.00019500012889382728,0.00019500012889382728
7.458333333333333,0.00019653939533592987,0.00019653939533592987
7.5,0.00019807942014886157,0.00019807942014886157
7.541666666666666,0.00019961993290838588,0.00019961993290838588
7.583333333333333,0.00020116057390873342,0.00020116057390873342
7.625,0.00020270089655051638,0.00020270089655051638
7.666666666666666,0.00020424043937685874,0.00020424043937685874
7.708333333333333,0.0002057786398719442,0.0002057786398719442
7.75,0.00020731492142921852,0.00020731492142921852
7.791666666666666,0.0002088486335948656,0.0002088486335948656
7.833333333333333,0.00021037911211150933,0.00021037911211150933
7.875,0.00021190564169088353,0.00021190564169088353
7.916666666666666,0.0002134275188159056,0.0002134275188159056
7.958333333333333,0.00021494399279589833,0.00021494399279589833
8.0,0.00021645433767691593,0.00021645433767691593
8.041666666666666,0.0002179582278774255,0.0002179582278774255
8.083333333333332,0.00021945696693296708,0.00021945696693296708
8.125,0.0002209519598098543,0.0002209519598098543
8.166666666666666,0.0002224442997150453,0.0002224442997150453
8.208333333333332,0.00022393497475770157,0.00022393497475770157
8.25,0.00022542472781519394,0.00022542472781519394
8.291666666666666,0.00022691412304438828,0.00022691412304438828
8.333333333333332,0.00022840356651099774,0.00022840356651099774
8.375,0.000229893280956568,0.000229893280956568
8.416666666666666,0.0002313833449187694,0.0002313833449187694
8.458333333333332,0.00023287371304450482,0.00023287371304450482
8.5,0.00023436423074511354,0.00023436423074511354
8.541666666666666,0.0002358546466336574,0.0002358546466336574
8.583333333333332,0.00023734462355690526,0.00023734462355690526
8.625,0.00023883372538829962,0.00023883372538829962
8.666666666666666,0.00024032151683935264,0.00024032151683935264
8.708333333333332,0.0002418074385073515,0.0002418074385073515
8.75,0.00024329094525371553,0.00024329094525371553
8.791666666666666,0.0002447713994294374,0.0002447713994294374
8.833333333333332,0.00024624814949703104,0.00024624814949703104
8.875,0.00024772050928886325,0.00024772050928886325
8.916666666666666,0.00024918777083764084,0.00024918777083764084
8.958333333333332,0.00025064921650143156,0.00025064921650143156
9.0,0.0002521041221061208,0.0002521041221061208
9.041666666666666,0.0002535521803244298,0.0002535521803244298
9.083333333333332,0.00025499471024058746,0.00025499471024058746
9.125,0.0002564331314886742,0.0002564331314886742
9.166666666666666,0.0002578685468894377,0.0002578685468894377
9.208333333333332,0.00025930195862318537,0.00025930195862318537
9.25,0.0002607341140942347,0.0002607341140942347
9.291666666666666,0.0002621656021999194,0.0002621656021999194
9.333333333333332,0.0002635968375082372,0.0002635968375082372
9.375,0.00026502805438984327,0.00026502805438984327
9.416666666666666,0.0002664593428293244,0.0002664593428293244
9.458333333333332,0.00026789066853379566,0.00026789066853379566
9.5,0.00026932188761990243,0.00026932188761990243
9.541666666666666,0.0002707527588073532,0.0002707527588073532
9.583333333333332,0.00027218295166427336,0.00027218295166427336
9.625,0.00027361205692635253,0.00027361205692635253
9.666666666666666,0.000275039628290293,0.000275039628290293
9.708333333333332,0.0002764651221492266,0.0002764651221492266
9.75,0.0002778880028246129,0.0002778880028246129
9.791666666666666,0.0002793076442615552,0.0002793076442615552
9.833333333333332,0.000280723401162367,0.000280723401162367
9.875,0.00028213460263951595,0.00028213460263951595
9.916666666666666,0.0002835405392618264,0.0002835405392618264
9.958333333333332,0.00028494051249529384,0.00028494051249529384
10.0,0.0002863337930065468,0.0002863337930065468
10.041666666666666,0.00028772008933792615,0.00028772008933792615
10.083333333333332,0.00028910072673382284,0.00028910072673382284
10.125,0.0002904771329029824,0.0002904771329029824
10.166666666666666,0.0002918504156547153,0.0002918504156547153
10.208333333333332,0.00029322158449818784,0.00029322158449818784
10.25,0.0002945913885803996,0.0002945913885803996
10.291666666666666,0.00029596043098978743,0.00029596043098978743
10.333333333333332,0.0002973291303815152,0.0002973291303815152
10.375,0.0002986977273226545,0.0002986977273226545
10.416666666666666,0.00030006631790374113,0.00030006631790374113
10.458333333333332,0.0003014348736738766,0.0003014348736738766
10.5,0.0003028032563629422,0.0003028032563629422
10.541666666666666,0.00030417122545404074,0.00030417122545404074
10.583333333333332,0.00030553846738655464,0.00030553846738655464
10.625,0.0003069045752050615,0.0003069045752050615
10.666666666666666,0.00030826909237208216,0.00030826909237208216
10.708333333333332,0.0003096315033164664,0.0003096315033164664
10.75,0.0003109912573474375,0.0003109912573474375
10.791666666666666,0.0003123477429352867,0.0003123477429352867
10.833333333333332,0.00031370031662577257,0.00031370031662577257
10.875,0.0003150483155619532,0.0003150483155619532
10.916666666666666,0.00031639103052620045,0.00031639103052620045
10.958333333333332,0.00031772777147565616,0.00031772777147565616
11.0,0.00031905780764391787,0.00031905780764391787
11.041666666666666,0.0003203808545955836,0.0003203808545955836
11.083333333333332,0.0003216982409630331,0.0003216982409630331
11.125,0.0003230113988424174,0.0003230113988424174
11.166666666666666,0.00032432143838420386,0.00032432143838420386
11.208333333333332,0.00032562937274614875,0.00032562937274614875
11.25,0.00032693595119585893,0.00032693595119585893
11.291666666666666,0.0003282417851837122,0.0003282417851837122
11.333333333333332,0.00032954729500287095,0.00032954729500287095
11.375,0.00033085272437449097,0.00033085272437449097
11.416666666666666,0.00033215817250983475,0.00033215817250983475
11.458333333333332,0.00033346361390254863,0.00033346361390254863
11.5,0.0003347689106767215,0.0003347689106767215
11.541666666666666,0.0003360738297748991,0.0003360738297748991
11.583333333333332,0.00033737805946064024,0.00033737805946064024
11.625,0.0003386811960988337,0.0003386811960988337
11.666666666666666,0.0003399827770380797,0.0003399827770380797
11.708333333333332,0.00034128230186875866,0.00034128230186875866
11.75,0.0003425792094900039,0.0003425792094900039
11.791666666666666,0.00034387290124612553,0.00034387290124612553
11.833333333333332,0.00034516272974582593,0.00034516272974582593
11.875,0.00034644803770795716,0.00034644803770795716
11.916666666666666,0.0003477281162295901,0.0003477281162295901
11.958333333333332,0.00034900227904935725,0.00034900227904935725
12.0,0.0003502697948823083,0.0003502697948823083
12.041666666666666,0.0003515303824331598,0.0003515303824331598
12.083333333333332,0.0003527853719255739,0.0003527853719255739
12.125,0.0003540361978384737,0.0003540361978384737
12.166666666666666,0.00035528397125244134,0.00035528397125244134
12.208333333333332,0.0003565297060463588,0.0003565297060463588
12.25,0.00035777415375831353,0.00035777415375831353
12.291666666666666,0.00035901792800102097,0.00035901792800102097
12.333333333333332,0.0003602614504292779,0.0003602614504292779
12.375,0.0003615049662835733,0.0003615049662835733
12.416666666666666,0.0003627485762916674,0.0003627485762916674
12.458333333333332,0.0003639922563441672,0.0003639922563441672
12.5,0.00036523586724144315,0.00036523586724144315
12.541666666666666,0.00036647918367308234,0.00036647918367308234
12.583333333333332,0.0003677218910471677,0.0003677218910471677
12.625,0.00036896358852585276,0.00036896358852585276
12.666666666666666,0.0003702038093615706,0.0003702038093615706
12.708333333333332,0.0003714420618510203,0.0003714420618510203
12.75,0.0003726777782237616,0.0003726777782237616
12.791666666666666,0.0003739103672539792,0.0003739103672539792
12.833333333333332,0.0003751391802366034,0.0003751391802366034
12.875,0.00037636355932180594,0.00037636355932180594
12.916666666666666,0.0003775827991943919,0.0003775827991943919
12.958333333333332,0.00037879621403298246,0.00037879621403298246
13.0,0.0003800030722541821,0.0003800030722541821
13.041666666666666,0.00038120309391002336,0.00038120309391002336
13.083333333333332,0.0003823976097917368,0.0003823976097917368
13.125,0.0003835880556907773,0.0003835880556907773
13.166666666666666,0.00038477554290911297,0.00038477554290911297
13.208333333333332,0.00038596108523390786,0.00038596108523390786
13.25,0.00038714543559771977,0.00038714543559771977
13.291666666666666,0.0003883292084886745,0.0003883292084886745
13.333333333333332,0.00038951282613911356,0.00038951282613911356
13.375,0.00039069653445680943,0.00039069653445680943
13.416666666666666,0.0003918804348482955,0.0003918804348482955
13.458333333333332,0.0003930645037988589,0.0003930645037988589
13.5,0.00039424860088967383,0.00039424860088967383
13.541666666666666,0.00039543250574396757,0.00039543250574396757
13.583333333333332,0.00039661590140277074,0.00039661590140277074
13.625,0.0003977983885967459,0.0003977983885967459
13.666666666666666,0.000398979497634542,0.000398979497634542
13.708333333333332,0.0004001587420751162,0.0004001587420751162
13.75,0.00040133554954991784,0.00040133554954991784
13.791666666666666,0.00040250933335720594,0.00040250933335720594
13.833333333333332,0.0004036794438658582,0.0004036794438658582
13.875,0.00040484522239276043,0.00040484522239276043
13.916666666666666,0.0004060059667375859,0.0004060059667375859
13.958333333333332,0.00040716098851919803,0.00040716098851919803
14.0,0.0004083095582417676,0.0004083095582417676
14.041666666666666,0.0004094513956869541,0.0004094513956869541
14.083333333333332,0.000410587831665057,0.000410587831665057
14.125,0.00041172030271365977,0.00041172030271365977
14.166666666666666,0.0004128499200226259,0.0004128499200226259
14.208333333333332,0.00041397769697319904,0.00041397769697319904
14.25,0.00041510438726803173,0.00041510438726803173
14.291666666666666,0.0004162306057496607,0.0004162306057496607
14.333333333333332,0.0004173567747902457,0.0004173567747902457
14.375,0.0004184831405316442,0.0004184831405316442
14.416666666666666,0.0004196098046314852,0.0004196098046314852
14.458333333333332,0.0004207367437643517,0.0004207367437643517
14.5,0.0004218638164338424,0.0004218638164338424
14.541666666666666,0.00042299080555031427,0.00042299080555031427
14.583333333333332,0.0004241173921926578,0.0004241173921926578
14.625,0.0004252431779888834,0.0004252431779888834
14.666666666666666,0.0004263676910400049,0.0004263676910400049
14.708333333333332,0.0004274904482314484,0.0004274904482314484
14.75,0.000428610873861924,0.000428610873861924
14.791666666666666,0.000429728384117558,0.000429728384117558
14.833333333333332,0.00043084232866755435,0.00043084232866755435
14.875,0.0004319520479508927,0.0004319520479508927
14.916666666666666,0.0004330568425959655,0.0004330568425959655
14.958333333333332,0.00043415601999097957,0.00043415601999097957
15.0,0.0004352488541567039,0.0004352488541567039
15.041666666666666,0.00043633506374475507,0.00043633506374475507
15.083333333333332,0.0004374159793635441,0.0004374159793635441
15.125,0.00043849303781289467,0.00043849303781289467
15.166666666666666,0.0004395673502120906,0.0004395673502120906
15.208333333333332,0.00044063992936232337,0.00044063992936232337
15.25,0.0004417115293948328,0.0004417115293948328
15.291666666666666,0.0004427827652417459,0.0004427827652417459
15.333333333333332,0.00044385405920416895,0.00044385405920416895
15.375,0.0004449256574429716,0.0004449256574429716
15.416666666666666,0.00044599766165294137,0.00044599766165294137
15.458333333333332,0.000447070047195766,0.000447070047195766
15.5,0.0004481426755533646,0.0004481426755533646
15.541666666666666,0.00044921532800940386,0.00044921532800940386
15.583333333333332,0.00045028768531724,0.00045028768531724
15.625,0.00045135934962664797,0.00045135934962664797
15.666666666666666,0.00045242984733486695,0.00045242984733486695
15.708333333333332,0.0004534986975136318,0.0004534986975136318
15.75,0.0004545653219570013,0.0004545653219570013
15.791666666666666,0.0004556291387721291,0.0004556291387721291
15.833333333333332,0.0004566894970806199,0.0004566894970806199
15.875,0.0004577457364898765,0.0004577457364898765
15.916666666666666,0.00045879715964292946,0.00045879715964292946
15.958333333333332,0.00045984307064619927,0.00045984307064619927
16.0,0.00046088274631219983,0.00046088274631219983
16.041666666666664,0.0004619159037299008,0.0004619159037299008
16.083333333333332,0.0004629438737649262,0.0004629438737649262
16.125,0.000463968092472364,0.000463968092472364
16.166666666666664,0.00046498967169759204,0.00046498967169759204
16.208333333333332,0.0004660096233611956,0.0004660096233611956
16.25,0.00046702870183209757,0.00046702870183209757
16.291666666666664,0.0004680475219993302,0.0004680475219993302
16.333333333333332,0.0004690665059966976,0.0004690665059966976
16.375,0.0004700858999002618,0.0004700858999002618
16.416666666666664,0.00047110580533731293,0.00047110580533731293
16.458333333333332,0.0004721261963497539,0.0004721261963497539
16.5,0.0004731469372692537,0.0004731469372692537
16.541666666666664,0.0004741678073756245,0.0004741678073756245
16.583333333333332,0.0004751884872795835,0.0004751884872795835
16.625,0.0004762085794358676,0.0004762085794358676
16.666666666666664,0.0004772276088969281,0.0004772276088969281
16.708333333333332,0.00047824509621943045,0.00047824509621943045
16.75,0.0004792604612609281,0.0004792604612609281
16.791666666666664,0.0004802731234518911,0.0004802731234518911
16.833333333333332,0.0004812824314751832,0.0004812824314751832
16.875,0.00048228772418401064,0.00048228772418401064
16.916666666666664,0.00048328830570481857,0.00048328830570481857
16.958333333333332,0.0004842834775397821,0.0004842834775397821
17.0,0.00048527251906980637,0.00048527251906980637
17.041666666666664,0.0004862551450589819,0.0004862551450589819
17.083333333333332,0.00048723268698366184,0.00048723268698366184
17.125,0.0004882065802599569,0.0004882065802599569
17.166666666666664,0.0004891779372585362,0.0004891779372585362
17.208333333333332,0.0004901477691063396,0.0004901477691063396
17.25,0.0004911168302997141,0.0004911168302997141
17.291666666666664,0.0004920857356195114,0.0004920857356195114
17.333333333333332,0.0004930549069927412,0.0004930549069927412
17.375,0.0004940245903627486,0.0004940245903627486
17.416666666666664,0.0004949948872398354,0.0004949948872398354
17.458333333333332,0.0004959657705544894,0.0004959657705544894
17.5,0.0004969371068512827,0.0004969371068512827
17.541666666666664,0.0004979086737330814,0.0004979086737330814
17.583333333333332,0.0004988801516342695,0.0004988801516342695
17.625,0.0004998511431847669,0.0004998511431847669
17.666666666666664,0.0005008211723545331,0.0005008211723545331
17.708333333333332,0.0005017897607359965,0.0005017897607359965
17.75,0.0005027563266534296,0.0005027563266534296
17.791666666666664,0.0005037202904752239,0.0005037202904752239
17.833333333333332,0.0005046810005253326,0.0005046810005253326
17.875,0.0005056377949847691,0.0005056377949847691
17.916666666666664,0.0005065899791023221,0.0005065899791023221
17.958333333333332,0.0005075368522730161,0.0005075368522730161
18.0,0.0005084776958312767,0.0005084776958312767
18.041666666666664,0.000509412222698446,0.000509412222698446
18.083333333333332,0.0005103417647018338,0.0005103417647018338
18.125,0.000511267756714644,0.000511267756714644
18.166666666666664,0.0005121913114983409,0.0005121913114983409
18.208333333333332,0.0005131134394724902,0.0005131134394724902
18.25,0.0005140348951947696,0.0005140348951947696
18.291666666666664,0.0005149562933074708,0.0005149562933074708
18.333333333333332,0.0005158780555190361,0.0005158780555190361
18.375,0.0005168004276201694,0.0005168004276201694
18.416666666666664,0.0005177235109824991,0.0005177235109824991
18.458333333333332,0.0005186472775929293,0.0005186472775929293
18.5,0.0005195715957518363,0.0005195715957518363
18.541666666666664,0.0005204962416446802,0.0005204962416446802
18.583333333333332,0.000521420895518702,0.000521420895518702
18.625,0.0005223451600983893,0.0005223451600983893
18.666666666666664,0.000523268558466613,0.000523268558466613
18.708333333333332,0.0005241906129533603,0.0005241906129533603
18.75,0.0005251107406435411,0.0005251107406435411
18.791666666666664,0.0005260283625853915,0.0005260283625853915
18.833333333333332,0.0005269428268032287,0.0005269428268032287
18.875,0.0005278534708820493,0.0005278534708820493
18.916666666666664,0.0005287596009384839,0.0005287596009384839
18.958333333333332,0.0005296605146333278,0.0005296605146333278
19.0,0.0005305554948205143,0.0005305554948205143
19.041666666666664,0.0005314442529367511,0.0005314442529367511
19.083333333333332,0.0005323281209855794,0.0005323281209855794
19.125,0.0005332085333797917,0.0005332085333797917
19.166666666666664,0.000534086603177463,0.000534086603177463
19.208333333333332,0.0005349633401690873,0.0005349633401690873
19.25,0.0005358394989322259,0.0005358394989322259
19.291666666666664,0.000536715693957866,0.000536715693957866
19.333333333333332,0.0005375923467370878,0.0005375923467370878
19.375,0.0005384697029017251,0.0005384697029017251
19.416666666666664,0.0005393478636768294,0.0005393478636768294
19.458333333333332,0.0005402268002405907,0.0005402268002405907
19.5,0.0005411063823109994,0.0005411063823109994
19.541666666666664,0.0005419863848632562,0.0005419863848632562
19.583333333333332,0.0005428664879574632,0.0005428664879574632
19.625,0.0005437462943606594,0.0005437462943606594
19.666666666666664,0.0005446253264165532,0.0005446253264165532
19.708333333333332,0.0005455031069882084,0.0005455031069882084
19.75,0.0005463790521401705,0.0005463790521401705
19.791666666666664,0.0005472525834217426,0.0005472525834217426
19.833333333333332,0.000548123048601972,0.000548123048601972
19.875,0.0005489897847368002,0.0005489897847368002
19.916666666666664,0.0005498520986255033,0.0005498520986255033
19.958333333333332,0.0005507092864797986,0.0005507092864797986
20.0,0.0005515606323573375,0.0005515606323573375
20.041666666666664,0.0005524058464813142,0.0005524058464813142
20.083333333333332,0.0005532462609108529,0.0005532462609108529
20.125,0.0005540833096673817,0.0005540833096673817
20.166666666666664,0.0005549181060370638,0.0005549181060370638
20.208333333333332,0.000555751659249753,0.000555751659249753
20.25,0.0005565847238757753,0.0005565847238757753
20.291666666666664,0.0005574179142510789,0.0005574179142510789
20.333333333333332,0.0005582516516563829,0.0005582516516563829
20.375,0.0005590861815650611,0.0005590861815650611
20.416666666666664,0.0005599216050545009,0.0005599216050545009
20.458333333333332,0.0005607578926029554,0.0005607578926029554
20.5,0.0005615949150893849,0.0005615949150893849
20.541666666666664,0.0005624324464453848,0.0005624324464453848
20.583333333333332,0.0005632701665488507,0.0005632701665488507
20.625,0.0005641076781746884,0.0005641076781746884
20.666666666666664,0.0005649445030411951,0.0005649445030411951
20.708333333333332,0.0005657801644003621,0.0005657801644003621
20.75,0.0005666140774627931,0.0005666140774627931
20.791666666666664,0.0005674456641513835,0.0005674456641513835
20.833333333333332,0.00056827427201349,0.00056827427201349
20.875,0.0005690992376335213,0.0005690992376335213
20.916666666666664,0.0005699198683550016,0.0005699198683550016
20.958333333333332,0.0005707354591624249,0.0005707354591624249
21.0,0.0005715452950814297,0.0005715452950814297
21.041666666666664,0.0005723490853304704,0.0005723490853304704
21.083333333333332,0.000573148161939349,0.000573148161939349
21.125,0.0005739439585953192,0.0005739439585953192
21.166666666666664,0.0005747375887612244,0.0005747375887612244
21.208333333333332,0.0005755300611651735,0.0005755300611651735
21.25,0.0005763221303518843,0.0005763221303518843
21.291666666666664,0.0005771144105031702,0.0005771144105031702
21.333333333333332,0.0005779073226987292,0.0005779073226987292
21.375,0.0005787011122570515,0.0005787011122570515
21.416666666666664,0.0005794958801101366,0.0005794958801101366
21.458333333333332,0.0005802915961246832,0.0005802915961246832
21.5,0.0005810881321417082,0.0005810881321417082
21.541666666666664,0.0005818852611845729,0.0005818852611845729
21.583333333333332,0.0005826826629559951,0.0005826826629559951
21.625,0.0005834799402150207,0.0005834799402150207
21.666666666666664,0.0005842766141433896,0.0005842766141433896
21.708333333333332,0.0005850722082780144,0.0005850722082780144
21.75,0.0005858661371043589,0.0005858661371043589
21.791666666666664,0.0005866578228257951,0.0005866578228257951
21.833333333333332,0.0005874466127937916,0.0005874466127937916
21.875,0.0005882318431702659,0.0005882318431702659
21.916666666666664,0.0005890128217372756,0.0005890128217372756
21.958333333333332,0.0005897888424274925,0.0005897888424274925
22.0,0.0005905591910547459,0.0005905591910547459
22.041666666666664,0.000591323575996011,0.000591323575996011
22.083333333333332,0.0005920833291913226,0.0005920833291913226
22.125,0.0005928398840410204,0.0005928398840410204
22.166666666666664,0.0005935943541451388,0.0005935943541451388
22.208333333333332,0.0005943477477805252,0.0005943477477805252
22.25,0.0005951008194535413,0.0005951008194535413
22.291666666666664,0.0005958541831951659,0.0005958541831951659
22.333333333333332,0.0005966082598941278,0.0005966082598941278
22.375,0.0005973632947190706,0.0005973632947190706
22.416666666666664,0.0005981193884605272,0.0005981193884605272
22.458333333333332,0.000598876510446132,0.000598876510446132
22.5,0.0005996345333220782,0.0005996345333220782
22.541666666666664,0.0006003932293145914,0.0006003932293145914
22.583333333333332,0.0006011522779589834,0.0006011522779589834
22.625,0.0006019112819819416,0.0006019112819819416
22.666666666666664,0.0006026697620991389,0.0006026697620991389
22.708333333333332,0.0006034272420559221,0.0006034272420559221
22.75,0.0006041831357140101,0.0006041831357140101
22.791666666666664,0.000604936865487877,0.000604936865487877
22.833333333333332,0.0006056877785532983,0.0006056877785532983
22.875,0.0006064352106915262,0.0006064352106915262
22.916666666666664,0.000607178470040948,0.000607178470040948
22.958333333333332,0.0006079168496231631,0.0006079168496231631
23.0,0.0006086496359005581,0.0006086496359005581
23.041666666666664,0.0006093765365381037,0.0006093765365381037
23.083333333333332,0.0006100988833428658,0.0006100988833428658
23.125,0.0006108181094674165,0.0006108181094674165
23.166666666666664,0.0006115353286181034,0.0006115353286181034
23.208333333333332,0.0006122515486638673,0.0006122515486638673
23.25,0.0006129675240637683,0.0006129675240637683
23.291666666666664,0.0006136838687024849,0.0006136838687024849
23.333333333333332,0.0006144010032877916,0.0006144010032877916
23.375,0.0006151191728441443,0.0006151191728441443
23.416666666666664,0.0006158384780253144,0.0006158384780253144
23.458333333333332,0.0006165588876799519,0.0006165588876799519
23.5,0.000617280275133871,0.000617280275133871
23.541666666666664,0.0006180024119082996,0.0006180024119082996
23.583333333333332,0.0006187249773790325,0.0006187249773790325
23.625,0.0006194475742288465,0.0006194475742288465
23.666666666666664,0.0006201697227641242,0.0006201697227641242
23.708333333333332,0.0006208909468815171,0.0006208909468815171
23.75,0.0006216106599001031,0.0006216106599001031
23.791666666666664,0.0006223282843929337,0.0006223282843929337
23.833333333333332,0.0006230431673762293,0.0006230431673762293
23.875,0.0006237546442864115,0.0006237546442864115
23.916666666666664,0.0006244620235533303,0.0006244620235533303
23.958333333333332,0.0006251645974020226,0.0006251645974020226
24.0,0.0006258616528333188,0.0006258616528333188
24.041666666666664,0.0006265528969041931,0.0006265528969041931
24.083333333333332,0.000627239661258001,0.000627239661258001
24.125,0.0006279233788321218,0.0006279233788321218
24.166666666666664,0.0006286051634147554,0.0006286051634147554
24.208333333333332,0.0006292860225043525,0.0006292860225043525
24.25,0.0006299667105064098,0.0006299667105064098
24.291666666666664,0.000630647841164454,0.000630647841164454
24.333333333333332,0.0006313298350149602,0.0006313298350149602
24.375,0.0006320129369440648,0.0006320129369440648
24.416666666666664,0.0006326972474738284,0.0006326972474738284
24.458333333333332,0.0006333827350242432,0.0006333827350242432
24.5,0.0006340692734990064,0.0006340692734990064
24.541666666666664,0.0006347566337915473,0.0006347566337915473
24.583333333333332,0.0006354444951258635,0.0006354444951258635
24.625,0.0006361324601327655,0.0006361324601327655
24.666666666666664,0.0006368200487557486,0.0006368200487557486
24.708333333333332,0.0006375067849995628,0.0006375067849995628
24.75,0.000638192081706489,0.000638192081706489
24.791666666666664,0.0006388753615678722,0.0006388753615678722
24.833333333333332,0.0006395559714535578,0.0006395559714535578
24.875,0.0006402332464860389,0.0006402332464860389
24.916666666666664,0.0006409064953348193,0.0006409064953348193
24.958333333333332,0.0006415750095227232,0.0006415750095227232
25.0,0.0006422380765010484,0.0006422380765010484
25.041666666666664,0.0006428954028033103,0.0006428954028033103
25.083333333333332,0.000643548319887594,0.000643548319887594
25.125,0.0006441982605033476,0.0006441982605033476
25.166666666666664,0.0006448463385010634,0.0006448463385010634
25.208333333333332,0.0006454935610411938,0.0006454935610411938
25.25,0.0006461406824713708,0.0006461406824713708
25.291666666666664,0.0006467883163993951,0.0006467883163993951
25.333333333333332,0.0006474368831996156,0.0006474368831996156
25.375,0.0006480866276257178,0.0006480866276257178
25.416666666666664,0.0006487376500732205,0.0006487376500732205
25.458333333333332,0.0006493899185760538,0.0006493899185760538
25.5,0.0006500433075324871,0.0006500433075324871
25.541666666666664,0.0006506975872734583,0.0006506975872734583
25.583333333333332,0.0006513524368785985,0.0006513524368785985
25.625,0.0006520074589212329,0.0006520074589212329
25.666666666666664,0.0006526621730204158,0.0006526621730204158
25.708333333333332,0.0006533161032560017,0.0006533161032560017
25.75,0.0006539686620476672,0.0006539686620476672
25.791666666666664,0.0006546192721738352,0.0006546192721738352
25.833333333333332,0.0006552672803689771,0.0006552672803689771
25.875,0.0006559120214685015,0.0006559120214685015
25.916666666666664,0.0006565528043397696,0.0006565528043397696
25.958333333333332,0.0006571889198820358,0.0006571889198820358
26.0,0.0006578196559259866,0.0006578196559259866
26.041666666666664,0.0006584447185511276,0.0006584447185511276
26.083333333333332,0.0006590654390155777,0.0006590654390155777
26.125,0.0006596832499038141,0.0006596832499038141
26.166666666666664,0.0006602992651128727,0.0006602992651128727
26.208333333333332,0.0006609144914936129,0.0006609144914936129
26.25,0.0006615296833329721,0.0006615296833329721
26.291666666666664,0.0006621454541085375,0.0006621454541085375
26.333333333333332,0.0006627622240411876,0.0006627622240411876
26.375,0.0006633802377579267,0.0006633802377579267
26.416666666666664,0.0006639995955328956,0.0006639995955328956
26.458333333333332,0.0006646202650503728,0.0006646202650503728
26.5,0.0006652421211343432,0.0006652421211343432
26.541666666666664,0.0006658649336090075,0.0006658649336090075
26.583333333333332,0.0006664883814167303,0.0006664883814167303
26.625,0.000667112067069702,0.000667112067069702
26.666666666666664,0.0006677355098948056,0.0006677355098948056
26.708333333333332,0.000668358234021615,0.000668358234021615
26.75,0.000668979651492374,0.000668979651492374
26.791666666666664,0.0006695991851481987,0.0006695991851481987
26.833333333333332,0.0006702161815975599,0.0006702161815975599
26.875,0.0006708299754122745,0.0006708299754122745
26.916666666666664,0.0006714398756235531,0.0006714398756235531
26.958333333333332,0.0006720451725733332,0.0006720451725733332
27.0,0.0006726451544136979,0.0006726451544136979
27.041666666666664,0.0006732395268277561,0.0006732395268277561
27.083333333333332,0.0006738296208641562,0.0006738296208641562
27.125,0.0006744168689618631,0.0006744168689618631
27.166666666666664,0.0006750023850517157,0.0006750023850517157
27.208333333333332,0.0006755871756999818,0.0006755871756999818
27.25,0.0006761719951311933,0.0006761719951311933
27.291666666666664,0.0006767574566982135,0.0006767574566982135
27.333333333333332,0.0006773439804765995,0.0006773439804765995
27.375,0.0006779318109722902,0.0006779318109722902
27.416666666666664,0.0006785210483431403,0.0006785210483431403
27.458333333333332,0.0006791116599551881,0.0006791116599551881
27.5,0.0006797035210007604,0.0006797035210007604
27.541666666666664,0.0006802964008453212,0.0006802964008453212
27.583333333333332,0.0006808899783007262,0.0006808899783007262
27.625,0.0006814838558157882,0.0006814838558157882
27.666666666666664,0.0006820775524526213,0.0006820775524526213
27.708333333333332,0.0006826705923708865,0.0006826705923708865
27.75,0.0006832623872734853,0.0006832623872734853
27.791666666666664,0.000683852360045063,0.000683852360045063
27.833333333333332,0.0006844398571762239,0.0006844398571762239
27.875,0.0006850242129959041,0.0006850242129959041
27.916666666666664,0.0006856047366712921,0.0006856047366712921
27.958333333333332,0.000686180718043366,0.000686180718043366
28.0,0.000686751445537883,0.000686751445537883
28.041666666666664,0.0006873166244897757,0.0006873166244897757
28.083333333333332,0.0006878775857326777,0.0006878775857326777
28.125,0.0006884357615766303,0.0006884357615766303
28.166666666666664,0.0006889922659759384,0.0006889922659759384
28.208333333333332,0.0006895481052344213,0.0006895481052344213
28.25,0.0006901040335133599,0.0006901040335133599
28.291666666666664,0.0006906606640462921,0.0006906606640462921
28.333333333333332,0.0006912184167711219,0.0006912184167711219
28.375,0.0006917775360781593,0.0006917775360781593
28.416666666666664,0.0006923381220139531,0.0006923381220139531
28.458333333333332,0.0006929001416536288,0.0006929001416536288
28.5,0.000693463470509709,0.000693463470509709
28.541666666666664,0.0006940278775305643,0.0006940278775305643
28.583333333333332,0.0006945930414039648,0.0006945930414039648
28.625,0.0006951585645141657,0.0006951585645141657
28.666666666666664,0.0006957239656820352,0.0006957239656820352
28.708333333333332,0.0006962887690820892,0.0006962887690820892
28.75,0.0006968523861103474,0.0006968523861103474
28.791666666666664,0.000697414239679855,0.000697414239679855
28.833333333333332,0.0006979736761705315,0.0006979736761705315
28.875,0.0006985300296868096,0.0006985300296868096
28.916666666666664,0.0006990826095088738,0.0006990826095088738
28.958333333333332,0.000699630705025106,0.000699630705025106
29.0,0.0007001736048953718,0.0007001736048953718
29.041666666666664,0.0007007110141471131,0.0007007110141471131
29.083333333333332,0.0007012442633964331,0.0007012442633964331
29.125,0.0007017747848386778,0.0007017747848386778
29.166666666666664,0.0007023036924432153,0.0007023036924432153
29.208333333333332,0.0007028319922711482,0.0007028319922711482
29.25,0.0007033604384203292,0.0007033604384203292
29.291666666666664,0.000703889644010241,0.000703889644010241
29.333333333333332,0.0007044200288483498,0.0007044200288483498
29.375,0.0007049518372145815,0.0007049518372145815
29.416666666666664,0.0007054851690490255,0.0007054851690490255
29.458333333333332,0.0007060199911598538,0.0007060199911598538
29.5,0.0007065561793391184,0.0007065561793391184
29.541666666666664,0.0007070935021544834,0.0007070935021544834
29.583333333333332,0.0007076316381757358,0.0007076316381757358
29.625,0.0007081701897222013,0.0007081701897222013
29.666666666666664,0.0007087086753938953,0.0007087086753938953
29.708333333333332,0.0007092466193683558,0.0007092466193683558
29.75,0.0007097834327626505,0.0007097834327626505
29.791666666666664,0.0007103185385062507,0.0007103185385062507
29.833333333333332,0.0007108512828748183,0.0007108512828748183
29.875,0.0007113809997646942,0.0007113809997646942
29.916666666666664,0.0007119069985500065,0.0007119069985500065
29.958333333333332,0.0007124285682083801,0.0007124285682083801
30.0,0.000712944997600762,0.000712944997600762
30.041666666666664,0.0007134559914816875,0.0007134559914816875
30.083333333333332,0.0007139628802495428,0.0007139628802495428
30.125,0.0007144670959972437,0.0007144670959972437
30.166666666666664,0.0007149697527023921,0.0007149697527023921
30.208333333333332,0.0007154718562010499,0.0007154718562010499
30.25,0.0007159741605279871,0.0007159741605279871
30.291666666666664,0.0007164772786937454,0.0007164772786937454
30.333333333333332,0.0007169816303821491,0.0007169816303821491
30.375,0.0007174874597677887,0.0007174874597677887
30.416666666666664,0.0007179948666889898,0.0007179948666889898
30.458333333333332,0.0007185038177081263,0.0007185038177081263
30.5,0.0007190141888622336,0.0007190141888622336
30.541666666666664,0.0007195257483702676,0.0007195257483702676
30.583333333333332,0.0007200381746898304,0.0007200381746898304
30.625,0.0007205510700755624,0.0007205510700755624
30.666666666666664,0.0007210639529244628,0.0007210639529244628
30.708333333333332,0.0007215763474079092,0.0007215763474079092
30.75,0.0007220876643882609,0.0007220876643882609
30.791666666666664,0.0007225973268019262,0.0007225973268019262
30.833333333333332,0.0007231046808261332,0.0007231046808261332
30.875,0.0007236090601638681,0.0007236090601638681
30.916666666666664,0.0007241097742673382,0.0007241097742673382
30.958333333333332,0.0007246061117398715,0.0007246061117398715
31.0,0.0007250973616157623,0.0007250973616157623
31.041666666666664,0.0007255832284062359,0.0007255832284062359
31.083333333333332,0.0007260650422935606,0.0007260650422935606
31.125,0.0007265442352788505,0.0007265442352788505
31.166666666666664,0.0007270219213423946,0.0007270219213423946
31.208333333333332,0.0007274991061111308,0.0007274991061111308
31.25,0.0007279765435574944,0.0007279765435574944
31.291666666666664,0.0007284548465880311,0.0007284548465880311
31.333333333333332,0.0007289344347693287,0.0007289344347693287
31.375,0.0007294155521754921,0.0007294155521754921
31.416666666666664,0.0007298982985476236,0.0007298982985476236
31.458333333333332,0.0007303826402210958,0.0007303826402210958
31.5,0.000730868453448428,0.000730868453448428
31.541666666666664,0.0007313555061281744,0.0007313555061281744
31.583333333333332,0.0007318434766112585,0.0007318434766112585
31.625,0.000732331967088352,0.000732331967088352
31.666666666666664,0.0007328204957691628,0.0007328204957691628
31.708333333333332,0.0007333085868118075,0.0007333085868118075
31.75,0.0007337956508451472,0.0007337956508451472
31.791666666666664,0.0007342811108050137,0.0007342811108050137
31.833333333333332,0.0007347643127755295,0.0007347643127755295
31.875,0.000735244590279628,0.000735244590279628
31.916666666666664,0.0007357212528343346,0.0007357212528343346
31.958333333333332,0.0007361935887006646,0.0007361935887006646
32.0,0.0007366608870628471,0.0007366608870628471
32.041666666666664,0.0007371228522142818,0.0007371228522142818
32.08333333333333,0.0007375808141240833,0.0007375808141240833
32.125,0.0007380362047108182,0.0007380362047108182
32.166666666666664,0.000738490137952968,0.000738490137952968
32.20833333333333,0.0007389436192827445,0.0007389436192827445
32.25,0.0007393974026113088,0.0007393974026113088
32.291666666666664,0.000739852100745977,0.000739852100745977
32.33333333333333,0.0007403081331421417,0.0007403081331421417
32.375,0.0007407657437780768,0.0007407657437780768
32.416666666666664,0.0007412250323020395,0.0007412250323020395
32.45833333333333,0.0007416859648392026,0.0007416859648392026
32.5,0.0007421484178322515,0.0007421484178322515
32.541666666666664,0.0007426121588845183,0.0007426121588845183
32.58333333333333,0.0007430768662454814,0.0007430768662454814
32.625,0.0007435421420429145,0.0007435421420429145
32.666666666666664,0.0007440075043132008,0.0007440075043132008
32.70833333333333,0.0007444724771957384,0.0007444724771957384
32.75,0.0007449364711045834,0.0007449364711045834
32.791666666666664,0.0007453989089690557,0.0007453989089690557
32.83333333333333,0.0007458591367850855,0.0007458591367850855
32.875,0.0007463164879076186,0.0007463164879076186
32.916666666666664,0.0007467702719073733,0.0007467702719073733
32.95833333333333,0.0007472197767312861,0.0007472197767312861
33.0,0.0007476642916936546,0.0007476642916936546
33.041666666666664,0.0007481035208921263,0.0007481035208921263
33.08333333333333,0.0007485387940866624,0.0007485387940866624
33.125,0.0007489715431213731,0.0007489715431213731
33.166666666666664,0.0007494028819693074,0.0007494028819693074
33.20833333333333,0.0007498338158810271,0.0007498338158810271
33.25,0.0007502650987077172,0.0007502650987077172
33.291666666666664,0.0007506973431620497,0.0007506973431620497
33.33333333333333,0.0007511309685939255,0.0007511309685939255
33.375,0.0007515662188902484,0.0007515662188902484
33.416666666666664,0.0007520031936106462,0.0007520031936106462
33.45833333333333,0.0007524418586851849,0.0007524418586851849
33.5,0.0007528820907248997,0.0007528820907248997
33.541666666666664,0.000753323657060406,0.000753323657060406
33.58333333333333,0.0007537662358447089,0.0007537662358447089
33.625,0.0007542094291440241,0.0007542094291440241
33.666666666666664,0.0007546527548338931,0.0007546527548338931
33.70833333333333,0.0007550957370308456,0.0007550957370308456
33.75,0.0007555377859507135,0.0007555377859507135
33.791666666666664,0.000755978324511638,0.000755978324511638
33.83333333333333,0.0007564166986259203,0.0007564166986259203
33.875,0.0007568522414915026,0.0007568522414915026
33.916666666666664,0.0007572842627234433,0.0007572842627234433
33.95833333333333,0.0007577120499796566,0.0007577120499796566
34.0,0.0007581348926875832,0.0007581348926875832
34.041666666666664,0.0007585524947683333,0.0007585524947683333
34.08333333333333,0.0007589661857774943,0.0007589661857774943
34.125,0.0007593773974918245,0.0007593773974918245
34.166666666666664,0.0007597872438760318,0.0007597872438760318
34.20833333333333,0.0007601967300109507,0.0007601967300109507
34.25,0.0007606066096892667,0.0007606066096892667
34.291666666666664,0.0007610174955334115,0.0007610174955334115
34.33333333333333,0.000761429806793181,0.000761429806793181
34.375,0.0007618437872683813,0.0007618437872683813
34.416666666666664,0.0007622595364340639,0.0007622595364340639
34.45833333333333,0.0007626770200388129,0.0007626770200388129
34.5,0.0007630961148431332,0.0007630961148431332
34.541666666666664,0.000763516587925133,0.000763516587925133
34.58333333333333,0.0007639381173460694,0.0007639381173460694
34.625,0.0007643603051121384,0.0007643603051121384
34.666666666666664,0.0007647826689492625,0.0007647826689492625
34.70833333333333,0.0007652047329479958,0.0007652047329479958
34.75,0.0007656259071407406,0.0007656259071407406
34.791666666666664,0.0007660456144308182,0.0007660456144308182
34.83333333333333,0.0007664632006511595,0.0007664632006511595
34.875,0.000766877998852744,0.000766877998852744
34.916666666666664,0.0007672893186870854,0.0007672893186870854
34.95833333333333,0.0007676964475454304,0.0007676964475454304
35.0,0.0007680986749538818,0.0007680986749538818
35.041666666666664,0.0007684957046738253,0.0007684957046738253
35.08333333333333,0.0007688888660618247,0.0007688888660618247
35.125,0.0007692795908335486,0.0007692795908335486
35.166666666666664,0.0007696689929430511,0.0007696689929430511
35.20833333333333,0.000770058077312345,0.000770058077312345
35.25,0.0007704475976772263,0.0007704475976772263
35.291666666666664,0.0007708381665741076,0.0007708381665741076
35.33333333333333,0.0007712302031577728,0.0007712302031577728
35.375,0.0007716239511450188,0.0007716239511450188
35.416666666666664,0.0007720195099302118,0.0007720195099302118
35.45833333333333,0.0007724168450928063,0.0007724168450928063
35.5,0.000772815833526379,0.000772815833526379
35.541666666666664,0.0007732162420747529,0.0007732162420747529
35.58333333333333,0.0007736177487119287,0.0007736177487119287
35.625,0.0007740199553857642,0.0007740199553857642
35.666666666666664,0.000774422379682706,0.000774422379682706
35.70833333333333,0.0007748245456650599,0.0007748245456650599
35.75,0.0007752258631950712,0.0007752258631950712
35.791666666666664,0.0007756257551584307,0.0007756257551584307
35.83333333333333,0.0007760235673126897,0.0007760235673126897
35.875,0.0007764186325710751,0.0007764186325710751
35.916666666666664,0.0007768102606148989,0.0007768102606148989
35.95833333333333,0.0007771977385887754,0.0007771977385887754
36.0,0.0007775803561050365,0.0007775803561050365
36.041666666666664,0.0007779578167801174,0.0007779578167801174
36.08333333333333,0.0007783314497773228,0.0007783314497773228
36.125,0.0007787026867567689,0.0007787026867567689
36.166666666666664,0.0007790726416600369,0.0007790726416600369
36.20833333333333,0.000779442319260327,0.000779442319260327
36.25,0.0007798124732382493,0.0007798124732382493
36.291666666666664,0.0007801837160482397,0.0007801837160482397
36.33333333333333,0.0007805564667548869,0.0007805564667548869
36.375,0.0007809309689958887,0.0007809309689958887
36.416666666666664,0.0007813073220886589,0.0007813073220886589
36.45833333333333,0.0007816854914547644,0.0007816854914547644
36.5,0.0007820653541065599,0.0007820653541065599
36.541666666666664,0.0007824466766700778,0.0007824466766700778
36.58333333333333,0.0007828291370363327,0.0007828291370363327
36.625,0.0007832123370966251,0.0007832123370966251
36.666666666666664,0.0007835957943071357,0.0007835957943071357
36.70833333333333,0.0007839790327003194,0.0007839790327003194
36.75,0.0007843614619802296,0.0007843614619802296
36.791666666666664,0.0007847425050127915,0.0007847425050127915
36.83333333333333,0.0007851215074839302,0.0007851215074839302
36.875,0.0007854978021775935,0.0007854978021775935
36.916666666666664,0.0007858706987992617,0.0007858706987992617
36.95833333333333,0.0007862394842649527,0.0007862394842649527
37.0,0.0007866034482625156,0.0007866034482625156
37.041666666666664,0.0007869622942764758,0.0007869622942764758
37.08333333333333,0.0007873173512829227,0.0007873173512829227
37.125,0.0007876700508913361,0.0007876700508913361
37.166666666666664,0.0007880215070294161,0.0007880215070294161
37.20833333333333,0.0007883727243307603,0.0007883727243307603
37.25,0.000788724456422559,0.000788724456422559
37.291666666666664,0.0007890773156811406,0.0007890773156811406
37.33333333333333,0.000789431721085457,0.000789431721085457
37.375,0.000789787916197844,0.000789787916197844
37.416666666666664,0.0007901460002623397,0.0007901460002623397
37.45833333333333,0.0007905059385528913,0.0007905059385528913
37.5,0.0007908676081881348,0.0007908676081881348
37.541666666666664,0.0007912307755912941,0.0007912307755912941
37.58333333333333,0.0007915951185744557,0.0007915951185744557
37.625,0.0007919602389742105,0.0007919602389742105
37.666666666666664,0.0007923256541248721,0.0007923256541248721
37.70833333333333,0.0007926908880279784,0.0007926908880279784
37.75,0.0007930553502402259,0.0007930553502402259
37.791666666666664,0.0007934184636061895,0.0007934184636061895
37.83333333333333,0.0007937795737437073,0.0007937795737437073
37.875,0.0007941380133152649,0.0007941380133152649
37.916666666666664,0.0007944930920457478,0.0007944930920457478
37.95833333333333,0.0007948440966388747,0.0007948440966388747
38.0,0.0007951903168487583,0.0007951903168487583
38.041666666666664,0.0007955314560395664,0.0007955314560395664
38.08333333333333,0.0007958688430063978,0.0007958688430063978
38.125,0.0007962039093124704,0.0007962039093124704
38.166666666666664,0.0007965377688705378,0.0007965377688705378
38.20833333333333,0.0007968714261830929,0.0007968714261830929
38.25,0.0007972056348257111,0.0007972056348257111
38.291666666666664,0.0007975410071003119,0.0007975410071003119
38.33333333333333,0.0007978779619045253,0.0007978779619045253
38.375,0.0007982167427288962,0.0007982167427288962
38.416666666666664,0.0007985574487475128,0.0007985574487475128
38.45833333333333,0.0007989000450961097,0.0007989000450961097
38.5,0.0007992444089886456,0.0007992444089886456
38.541666666666664,0.0007995903066591868,0.0007995903066591868
38.58333333333333,0.0007999374158447522,0.0007999374158447522
38.625,0.0008002853383291083,0.0008002853383291083
38.666666666666664,0.0008006335913323876,0.0008006335913323876
38.70833333333333,0.0008009816988245788,0.0008009816988245788
38.75,0.0008013290702248719,0.0008013290702248719
38.791666666666664,0.0008016751283553562,0.0008016751283553562
38.83333333333333,0.0008020192187691261,0.0008020192187691261
38.875,0.000802360674014436,0.000802360674014436
38.916666666666664,0.0008026988038315431,0.0008026988038315431
38.95833333333333,0.0008030328947266484,0.0008030328947266484
39.0,0.0008033622365121103,0.0008033622365121103
39.041666666666664,0.0008036865324420128,0.0008036865324420128
39.08333333333333,0.0008040071111367834,0.0008040071111367834
39.125,0.0008043254041172858,0.0008043254041172858
39.166666666666664,0.0008046425252805469,0.0008046425252805469
39.20833333333333,0.0008049594790058127,0.0008049594790058127
39.25,0.0008052770188188669,0.0008052770188188669
39.291666666666664,0.0008055957569507543,0.0008055957569507543
39.33333333333333,0.0008059161122218708,0.0008059161122218708
39.375,0.0008062383280543792,0.0008062383280543792
39.416666666666664,0.0008065625035556961,0.0008065625035556961
39.45833333333333,0.0008068886037319895,0.0008068886037319895
39.5,0.0008072165058829015,0.0008072165058829015
39.541666666666664,0.0008075459760658193,0.0008075459760658193
39.58333333333333,0.0008078766919463635,0.0008078766919463635
39.625,0.0008082082552573772,0.0008082082552573772
39.666666666666664,0.0008085401831118727,0.0008085401831118727
39.70833333333333,0.0008088719994480041,0.0008088719994480041
39.75,0.0008092031135564422,0.0008092031135564422
39.791666666666664,0.0008095329482360228,0.0008095329482360228
39.83333333333333,0.0008098608489782614,0.0008098608489782614
39.875,0.0008101861482238832,0.0008101861482238832
39.916666666666664,0.0008105081557251034,0.0008105081557251034
39.95833333333333,0.0008108261578040558,0.0008108261578040558
40.0,0.0008111394443243793,0.0008111394443243793
40.041666666666664,0.0008114477184392422,0.0008114477184392422
40.08333333333333,0.0008117523086007524,0.0008117523086007524
40.125,0.0008120546462909175,0.0008120546462909175
40.166666666666664,0.0008123558453904947,0.0008123558453904947
40.20833333333333,0.0008126569101627652,0.0008126569101627652
40.25,0.0008129585940855463,0.0008129585940855463
40.291666666666664,0.000813261509322384,0.000813261509322384
40.33333333333333,0.0008135660746203118,0.0008135660746203118
40.375,0.0008138725333363662,0.0008138725333363662
40.416666666666664,0.000814180984514427,0.000814180984514427
40.45833333333333,0.0008144913930390607,0.0008144913930390607
40.5,0.0008148036362870957,0.0008148036362870957
40.541666666666664,0.0008151174801506749,0.0008151174801506749
40.58333333333333,0.0008154326022275094,0.0008154326022275094
40.625,0.0008157486042014202,0.0008157486042014202
40.666666666666664,0.0008160650030848031,0.0008160650030848031
40.70833333333333,0.00081638132278397,0.00081638132278397
40.75,0.0008166969724693015,0.0008166969724693015
40.791666666666664,0.0008170113749159105,0.0008170113749159105
40.83333333333333,0.0008173238755567347,0.0008173238755567347
40.875,0.0008176338067311941,0.0008176338067311941
40.916666666666664,0.0008179404782005746,0.0008179404782005746
40.95833333333333,0.0008182431761152181,0.0008182431761152181
41.0,0.0008185411903839818,0.0008185411903839818
41.041666666666664,0.0008188342240673251,0.0008188342240673251
41.08333333333333,0.0008191236054553669,0.0008191236054553669
41.125,0.0008194107659943993,0.0008194107659943993
41.166666666666664,0.0008196968195485641,0.0008196968195485641
41.20833333333333,0.0008199827702719402,0.0008199827702719402
41.25,0.000820269371596193,0.000820269371596193
41.291666666666664,0.0008205572356205907,0.0008205572356205907
41.33333333333333,0.000820846781022476,0.000820846781022476
41.375,0.0008211382510968644,0.0008211382510968644
41.416666666666664,0.0008214317448270961,0.0008214317448270961
41.45833333333333,0.0008217272269834936,0.0008217272269834936
41.5,0.0008220245750125599,0.0008220245750125599
41.541666666666664,0.0008223235546516998,0.0008223235546516998
41.58333333333333,0.0008226238434340335,0.0008226238434340335
41.625,0.0008229250429962454,0.0008229250429962454
41.666666666666664,0.0008232266702561236,0.0008232266702561236
41.70833333333333,0.0008235282490883536,0.0008235282490883536
41.75,0.0008238291885505803,0.0008238291885505803
41.791666666666664,0.0008241289113939697,0.0008241289113939697
41.83333333333333,0.0008244267629957269,0.0008244267629957269
41.875,0.000824722075599762,0.000824722075599762
41.916666666666664,0.0008250141589739884,0.0008250141589739884
41.95833333333333,0.0008253022991081942,0.0008253022991081942
42.0,0.0008255857859511655,0.0008255857859511655
42.041666666666664,0.0008258643224780211,0.0008258643224780211
42.08333333333333,0.0008261392368231603,0.0008261392368231603
42.125,0.0008264119603999865,0.0008264119603999865
42.166666666666664,0.0008266836070558444,0.0008266836070558444
42.20833333333333,0.0008269551808419001,0.0008269551808419001
42.25,0.0008272274351454617,0.0008272274351454617
42.291666666666664,0.0008275009820045929,0.0008275009820045929
42.33333333333333,0.0008277762400304251,0.0008277762400304251
42.375,0.0008280534524589169,0.0008280534524589169
42.416666666666664,0.0008283327182157322,0.0008283327182157322
42.45833333333333,0.0008286140019637604,0.0008286140019637604
42.5,0.0008288971812125225,0.0008288971812125225
42.541666666666664,0.000829182021554362,0.000829182021554362
42.58333333333333,0.0008294682004609633,0.0008294682004609633
42.625,0.0008297553195237355,0.0008297553195237355
42.666666666666664,0.0008300428955714232,0.0008300428955714232
42.70833333333333,0.0008303304524474765,0.0008303304524474765
42.75,0.000830617399103763,0.000830617399103763
42.791666666666664,0.0008309031582674752,0.0008309031582674752
42.83333333333333,0.0008311870752627883,0.0008311870752627883
42.875,0.000831468482243503,0.000831468482243503
42.916666666666664,0.0008317466889820997,0.0008317466889820997
42.95833333333333,0.0008320209813181261,0.0008320209813181261
43.0,0.0008322906492356719,0.0008322906492356719
43.041666666666664,0.0008325553956311518,0.0008325553956311518
43.08333333333333,0.0008328165484894209,0.0008328165484894209
43.125,0.0008330755391935444,0.0008330755391935444
43.166666666666664,0.0008333334815740229,0.0008333334815740229
43.20833333333333,0.0008335913795849705,0.0008335913795849705
43.25,0.0008338499865711024,0.0008338499865711024
43.291666666666664,0.00083410991451221,0.00083410991451221
43.33333333333333,0.0008343715819565135,0.0008343715819565135
43.375,0.0008346352320837409,0.0008346352320837409
43.416666666666664,0.0008349009637646146,0.0008349009637646146
43.45833333333333,0.0008351687415609084,0.0008351687415609084
43.5,0.0008354384430392513,0.0008354384430392513
43.541666666666664,0.0008357098336558554,0.0008357098336558554
43.58333333333333,0.000835982590823971,0.000835982590823971
43.625,0.0008362563160915583,0.0008362563160915583
43.666666666666664,0.0008365305262034838,0.0008365305262034838
43.70833333333333,0.0008368047449724927,0.0008368047449724927
43.75,0.0008370783812510974,0.0008370783812510974
43.791666666666664,0.0008373508577426516,0.0008373508577426516
43.83333333333333,0.000837621519720869,0.000837621519720869
43.875,0.0008378896992544832,0.0008378896992544832
43.916666666666664,0.0008381547061188064,0.0008381547061188064
43.95833333333333,0.0008384158260126324,0.0008384158260126324
44.0,0.0008386723489513059,0.0008386723489513059
44.041666666666664,0.0008389239777585286,0.0008389239777585286
44.08333333333333,0.0008391720402756683,0.0008391720402756683
44.125,0.0008394179678577567,0.0008394179678577567
44.166666666666664,0.0008396628743185172,0.0008396628743185172
44.20833333333333,0.0008399077635204798,0.0008399077635204798
44.25,0.0008401533887674946,0.0008401533887674946
44.291666666666664,0.0008404003619838779,0.0008404003619838779
44.33333333333333,0.0008406491016580691,0.0008406491016580691
44.375,0.0008408998509162607,0.0008408998509162607
44.416666666666664,0.0008411527085768449,0.0008411527085768449
44.45833333333333,0.0008414076391063483,0.0008414076391063483
44.5,0.0008416645201232536,0.0008416645201232536
44.541666666666664,0.0008419231169558976,0.0008419231169558976
44.58333333333333,0.000842183106961949,0.000842183106961949
44.625,0.0008424440916477084,0.0008424440916477084
44.666666666666664,0.0008427055876789664,0.0008427055876789664
44.70833333333333,0.0008429671188384027,0.0008429671188384027
44.75,0.0008432280938851161,0.0008432280938851161
44.791666666666664,0.0008434879354988861,0.0008434879354988861
44.83333333333333,0.0008437459889054065,0.0008437459889054065
44.875,0.0008440015860930581,0.0008440015860930581
44.916666666666664,0.0008442540368385291,0.0008442540368385291
44.95833333333333,0.0008445026267086042,0.0008445026267086042
45.0,0.0008447466457463336,0.0008447466457463336
45.041666666666664,0.0008449857967081283,0.0008449857967081283
45.08333333333333,0.0008452214072977862,0.0008452214072977862
45.125,0.0008454549088443964,0.0008454549088443964
45.166666666666664,0.0008456874151450614,0.0008456874151450614
45.20833333333333,0.0008459199299758368,0.0008459199299758368
45.25,0.0008461532066013975,0.0008461532066013975
45.291666666666664,0.000846387856893249,0.000846387856893249
45.33333333333333,0.0008466242992830193,0.0008466242992830193
45.375,0.000846862776845936,0.000846862776845936
45.416666666666664,0.0008471033883505528,0.0008471033883505528
45.45833333333333,0.0008473460981736143,0.0008473460981736143
45.5,0.0008475907839807658,0.0008475907839807658
45.541666666666664,0.0008478372109801211,0.0008478372109801211
45.58333333333333,0.0008480850564764823,0.0008480850564764823
45.625,0.0008483339219362324,0.0008483339219362324
45.666666666666664,0.0008485833239505618,0.0008485833239505618
45.70833333333333,0.0008488327862728072,0.0008488327862728072
45.75,0.000849081717574163,0.000849081717574163
45.791666666666664,0.0008493295405112036,0.0008493295405112036
45.83333333333333,0.0008495756002639236,0.0008495756002639236
45.875,0.0008498192287447658,0.0008498192287447658
45.916666666666664,0.0008500597357305737,0.0008500597357305737
45.95833333333333,0.0008502964066642058,0.0008502964066642058
46.0,0.0008505285316132965,0.0008505285316132965
46.041666666666664,0.0008507558132718869,0.0008507558132718869
46.08333333333333,0.0008509795792119719,0.0008509795792119719
46.125,0.0008512012607385942,0.0008512012607385942
46.166666666666664,0.0008514219716324687,0.0008514219716324687
46.20833333333333,0.000851642715587956,0.000851642715587956
46.25,0.0008518642458321997,0.0008518642458321997
46.291666666666664,0.0008520871741864351,0.0008520871741864351
46.33333333333333,0.0008523119190282984,0.0008523119190282984
46.375,0.0008525387233845003,0.0008525387233845003
46.416666666666664,0.0008527676859761346,0.0008527676859761346
46.45833333333333,0.0008529987710952574,0.0008529987710952574
46.5,0.0008532318564504901,0.0008532318564504901
46.541666666666664,0.0008534667071368233,0.0008534667071368233
46.58333333333333,0.0008537030004087733,0.0008537030004087733
46.625,0.0008539403376945005,0.0008539403376945005
46.666666666666664,0.0008541782355147715,0.0008541782355147715
46.70833333333333,0.0008544162175943654,0.0008544162175943654
46.75,0.000854653692521689,0.000854653692521689
46.791666666666664,0.0008548900829305627,0.0008548900829305627
46.83333333333333,0.0008551247339574911,0.0008551247339574911
46.875,0.0008553569774431154,0.0008553569774431154
46.916666666666664,0.0008555861231634203,0.0008555861231634203
46.95833333333333,0.000855811456444817,0.000855811456444817
47.0,0.0008560322673767805,0.0008560322673767805
47.041666666666664,0.0008562482585954576,0.0008562482585954576
47.08333333333333,0.0008564607575466408,0.0008564607575466408
47.125,0.000856671195513054,0.000856671195513054
47.166666666666664,0.0008568806862593165,0.0008568806862593165
47.20833333333333,0.0008570902334025711,0.0008570902334025711
47.25,0.0008573005901340279,0.0008573005901340279
47.291666666666664,0.0008575123682270729,0.0008575123682270729
47.33333333333333,0.0008577259860080247,0.0008577259860080247
47.375,0.0008579416864574124,0.0008579416864574124
47.416666666666664,0.0008581595682511378,0.0008581595682511378
47.45833333333333,0.0008583795956013247,0.0008583795956013247
47.5,0.0008586016462558225,0.0008586016462558225
47.541666666666664,0.000858825485203099,0.000858825485203099
47.58333333333333,0.0008590507896498395,0.0008590507896498395
47.625,0.0008592771609876257,0.0008592771609876257
47.666666666666664,0.0008595041156707042,0.0008595041156707042
47.70833333333333,0.0008597311773961276,0.0008597311773961276
47.75,0.0008599577546742763,0.0008599577546742763
47.791666666666664,0.0008601832701167323,0.0008601832701167323
47.83333333333333,0.0008604070688186124,0.0008604070688186124
47.875,0.0008606284825526372,0.0008606284825526372
47.916666666666664,0.0008608468210930932,0.0008608468210930932
47.95833333333333,0.0008610613696568796,0.0008610613696568796
48.0,0.0008612714183528956,0.0008612714183528956
48.041666666666664,0.0008614766697634719,0.0008614766697634719
48.08333333333333,0.0008616784512136302,0.0008616784512136302
48.125,0.0008618781939653479,0.0008618781939653479
48.166666666666664,0.0008620770117674908,0.0008620770117674908
48.20833333333333,0.0008622759081641818,0.0008622759081641818
48.25,0.0008624756363122458,0.0008624756363122458
48.291666666666664,0.0008626768079395258,0.0008626768079395258
48.33333333333333,0.0008628798413235628,0.0008628798413235628
48.375,0.0008630849794009286,0.0008630849794009286
48.416666666666664,0.000863292320804496,0.000863292320804496
48.45833333333333,0.0008635018296709019,0.0008635018296709019
48.5,0.0008637133837838662,0.0008637133837838662
48.541666666666664,0.0008639267480314764,0.0008639267480314764
48.58333333333333,0.000864141599574922,0.000864141599574922
48.625,0.0008643575397707966,0.0008643575397707966
48.666666666666664,0.0008645740850104813,0.0008645740850104813
48.70833333333333,0.0008647907589641641,0.0008647907589641641
48.75,0.000865006970068637,0.000865006970068637
48.791666666666664,0.0008652221409138084,0.0008652221409138084
48.83333333333333,0.0008654356165554083,0.0008654356165554083
48.875,0.0008656467287018817,0.0008656467287018817
48.916666666666664,0.0008658547871251281,0.0008658547871251281
48.95833333333333,0.000866059076938975,0.000866059076938975
49.0,0.0008662588882696161,0.0008662588882696161
49.041666666666664,0.0008664539236492895,0.0008664539236492895
49.08333333333333,0.0008666455102875021,0.0008666455102875021
49.125,0.0008668350794269217,0.0008668350794269217
49.166666666666664,0.0008670237448010404,0.0008670237448010404
49.20833333333333,0.0008672125098849,0.0008672125098849
49.25,0.0008674021278024389,0.0008674021278024389
49.291666666666664,0.0008675932102381543,0.0008675932102381543
49.33333333333333,0.0008677861754232213,0.0008677861754232213
49.375,0.0008679812662523727,0.0008679812662523727
49.416666666666664,0.0008681785813175163,0.0008681785813175163
49.45833333333333,0.0008683780846839618,0.0008683780846839618
49.5,0.0008685796541682847,0.0008685796541682847
49.541666666666664,0.0008687830545639179,0.0008687830545639179
49.58333333333333,0.000868987962988776,0.000868987962988776
49.625,0.0008691939807660031,0.0008691939807660031
49.666666666666664,0.0008694006242275378,0.0008694006242275378
49.70833333333333,0.0008696074170175865,0.0008696074170175865
49.75,0.0008698137675034944,0.0008698137675034944
49.791666666666664,0.0008700190982540993,0.0008700190982540993
49.83333333333333,0.0008702227542876484,0.0008702227542876484
49.875,0.0008704240672517377,0.0008704240672517377
49.916666666666664,0.0008706223469153189,0.0008706223469153189
49.95833333333333,0.0008708168782951396,0.0008708168782951396
50.0,0.0008710069515328074,0.0008710069515328074
50.041666666666664,0.0008711922691138758,0.0008711922691138758
50.08333333333333,0.0008713741581374132,0.0008713741581374132
50.125,0.0008715540498280925,0.0008715540498280925
50.166666666666664,0.0008717330579044404,0.0008717330579044404
50.20833333333333,0.0008719121857761191,0.0008719121857761191
50.25,0.0008720921865356279,0.0008720921865356279
50.291666666666664,0.0008722736718262118,0.0008722736718262118
50.33333333333333,0.0008724570598349683,0.0008724570598349683
50.375,0.0008726425934168111,0.0008726425934168111
50.416666666666664,0.0008728303711246491,0.0008728303711246491
50.45833333333333,0.0008730203569563641,0.0008730203569563641
50.5,0.0008732124287586728,0.0008732124287586728
50.541666666666664,0.0008734063512356999,0.0008734063512356999
50.58333333333333,0.0008736018014641972,0.0008736018014641972
50.625,0.0008737983807353428,0.0008737983807353428
50.666666666666664,0.000873995605324845,0.000873995605324845
50.70833333333333,0.000874192998851822,0.000874192998851822
50.75,0.0008743899696180437,0.0008743899696180437
50.791666666666664,0.0008745859401719059,0.0008745859401719059
50.83333333333333,0.0008747802554959866,0.0008747802554959866
50.875,0.0008749722471802559,0.0008749722471802559
50.916666666666664,0.0008751612249902676,0.0008751612249902676
50.95833333333333,0.0008753464738512711,0.0008753464738512711
51.0,0.0008755272839186252,0.0008755272839186252
51.041666666666664,0.0008757033576343237,0.0008757033576343237
51.08333333333333,0.0008758760219918924,0.0008758760219918924
51.125,0.0008760467081992149,0.0008760467081992149
51.166666666666664,0.0008762165299602833,0.0008762165299602833
51.20833333333333,0.0008763864906228593,0.0008763864906228593
51.25,0.0008765573432494003,0.0008765573432494003
51.291666666666664,0.0008767296994438915,0.0008767296994438915
51.33333333333333,0.0008769039773515276,0.0008769039773515276
51.375,0.0008770804197893265,0.0008770804197893265
51.416666666666664,0.0008772591252730721,0.0008772591252730721
51.45833333333333,0.0008774400577368751,0.0008774400577368751
51.5,0.00087762309505515,0.00087762309505515
51.541666666666664,0.0008778080018477077,0.0008778080018477077
51.58333333333333,0.0008779944551521463,0.0008779944551521463
51.625,0.0008781820562291073,0.0008781820562291073
51.666666666666664,0.0008783703213010858,0.0008783703213010858
51.70833333333333,0.0008785587739630085,0.0008785587739630085
51.75,0.0008787468224546918,0.0008787468224546918
51.791666666666664,0.0008789338893047373,0.0008789338893047373
51.83333333333333,0.0008791193194617797,0.0008791193194617797
51.875,0.0008793024444611984,0.0008793024444611984
51.916666666666664,0.0008794825740647935,0.0008794825740647935
51.95833333333333,0.0008796589931115217,0.0008796589931115217
52.0,0.0008798309917690237,0.0008798309917690237
52.041666666666664,0.0008799982724386026,0.0008799982724386026
52.08333333333333,0.0008801621620129597,0.0008801621620129597
52.125,0.0008803240916842939,0.0008803240916842939
52.166666666666664,0.0008804851751425094,0.0008804851751425094
52.20833333333333,0.0008806464156767416,0.0008806464156767416
52.25,0.000880808566320751,0.000880808566320751
52.291666666666664,0.0008809722386411612,0.0008809722386411612
52.33333333333333,0.0008811378507433303,0.0008811378507433303
52.375,0.0008813056454082112,0.0008813056454082112
52.416666666666664,0.00088147572111625,0.00088147572111625
52.45833333333333,0.0008816480417412183,0.0008816480417412183
52.5,0.0008818224851830251,0.0008818224851830251
52.541666666666664,0.0008819988159818393,0.0008819988159818393
52.58333333333333,0.0008821767111380163,0.0008821767111380163
52.625,0.0008823557718830368,0.0008823557718830368
52.666666666666664,0.0008825355143890185,0.0008825355143890185
52.70833333333333,0.0008827154622275891,0.0008827154622275891
52.75,0.0008828950235800056,0.0008828950235800056
52.791666666666664,0.0008830736209557338,0.0008830736209557338
52.83333333333333,0.0008832505992711082,0.0008832505992711082
52.875,0.0008834252900097777,0.0008834252900097777
52.916666666666664,0.0008835970029295137,0.0008835970029295137
52.95833333333333,0.0008837650227878408,0.0008837650227878408
53.0,0.000883928639763383,0.000883928639763383
53.041666666666664,0.0008840875562193896,0.0008840875562193896
53.08333333333333,0.0008842430989522777,0.0008842430989522777
53.125,0.0008843966991395777,0.0008843966991395777
53.166666666666664,0.0008845494704575633,0.0008845494704575633
53.20833333333333,0.0008847024161398262,0.0008847024161398262
53.25,0.000884856289192725,0.000884856289192725
53.291666666666664,0.00088501170114733,0.00088501170114733
53.33333333333333,0.0008851690700711228,0.0008851690700711228
53.375,0.0008853286387107362,0.0008853286387107362
53.416666666666664,0.0008854905055129813,0.0008854905055129813
53.45833333333333,0.0008856546342945165,0.0008856546342945165
53.5,0.0008858209029787518,0.0008858209029787518
53.541666666666664,0.0008859890760305908,0.0008859890760305908
53.58333333333333,0.000886158830414964,0.000886158830414964
53.625,0.0008863297673355138,0.0008863297673355138
53.666666666666664,0.0008865014029166484,0.0008865014029166484
53.70833333333333,0.0008866732607075818,0.0008866732607075818
53.75,0.0008868447488341941,0.0008868447488341941
53.791666666666664,0.0008870152897874783,0.0008870152897874783
53.83333333333333,0.0008871842284530337,0.0008871842284530337
53.875,0.0008873508962654746,0.0008873508962654746
53.916666666666664,0.000887514602978338,0.000887514602978338
53.95833333333333,0.0008876746332722621,0.0008876746332722621
54.0,0.0008878302773357008,0.0008878302773357008
54.041666666666664,0.0008879812374962829,0.0008879812374962829
54.08333333333333,0.000888128840458504,0.000888128840458504
54.125,0.0008882745173861609,0.0008882745173861609
54.166666666666664,0.0008884193819423616,0.0008884193819423616
54.20833333333333,0.0008885644373080573,0.0008885644373080573
54.25,0.0008887104364634505,0.0008887104364634505
54.291666666666664,0.0008888579909057784,0.0008888579909057784
54.33333333333333,0.0008890075186665108,0.0008890075186665108
54.375,0.0008891592624596214,0.0008891592624596214
54.416666666666664,0.0008893133206999075,0.0008893133206999075
54.45833333333333,0.000889469657149947,0.000889469657149947
54.5,0.000889628149754853,0.000889628149754853
54.541666666666664,0.0008897885629083621,0.0008897885629083621
54.58333333333333,0.0008899505735417086,0.0008899505735417086
54.625,0.0008901137828319674,0.0008901137828319674
54.666666666666664,0.0008902777068583498,0.0008902777068583498
54.70833333333333,0.0008904418691485276,0.0008904418691485276
54.75,0.0008906056777759911,0.0008906056777759911
54.791666666666664,0.0008907685552139248,0.0008907685552139248
54.83333333333333,0.0008909298463186825,0.0008909298463186825
54.875,0.0008910888824783868,0.0008910888824783868
54.916666666666664,0.0008912449734421948,0.0008912449734421948
54.95833333333333,0.0008913974038181109,0.0008913974038181109
55.0,0.0008915454638033999,0.0008915454638033999
55.041666666666664,0.0008916888556923112,0.0008916888556923112
55.08333333333333,0.000891828906101611,0.000891828906101611
55.125,0.0008919670461822256,0.0008919670461822256
55.166666666666664,0.0008921043895845624,0.0008921043895845624
55.20833333333333,0.0008922419394396709,0.0008922419394396709
55.25,0.000892380448702794,0.000892380448702794
55.291666666666664,0.0008925205288389739,0.0008925205288389739
55.33333333333333,0.000892662597845439,0.000892662597845439
55.375,0.0008928068984050859,0.0008928068984050859
55.416666666666664,0.0008929535289022431,0.0008929535289022431
55.45833333333333,0.0008931024530482638,0.0008931024530482638
55.5,0.0008932535488083277,0.0008932535488083277
55.541666666666664,0.0008934065805088549,0.0008934065805088549
55.58333333333333,0.0008935612250490272,0.0008935612250490272
55.625,0.0008937170835805726,0.0008937170835805726
55.666666666666664,0.000893873672139871,0.000893873672139871
55.70833333333333,0.0008940305142339092,0.0008940305142339092
55.75,0.000894187017886595,0.000894187017886595
55.791666666666664,0.0008943426055539642,0.0008943426055539642
55.83333333333333,0.0008944966220645436,0.0008944966220645436
55.875,0.0008946483987623643,0.0008946483987623643
55.916666666666664,0.0008947972453921075,0.0008947972453921075
55.95833333333333,0.0008949424464931287,0.0008949424464931287
56.0,0.0008950832922705973,0.0008950832922705973
56.041666666666664,0.0008952194849874581,0.0008952194849874581
56.08333333333333,0.0008953523511767696,0.0008953523511767696
56.125,0.0008954833219773829,0.0008954833219773829
56.166666666666664,0.0008956135110274713,0.0008956135110274713
56.20833333333333,0.0008957439214107652,0.0008957439214107652
56.25,0.0008958753060586955,0.0008958753060586955
56.291666666666664,0.0008960082764056697,0.0008960082764056697
56.33333333333333,0.0008961432504163573,0.0008961432504163573
56.375,0.0008962804707440835,0.0008962804707440835
56.416666666666664,0.0008964200357441802,0.0008964200357441802
56.45833333333333,0.0008965619090794635,0.0008965619090794635
56.5,0.0008967059687337,0.0008967059687337
56.541666666666664,0.0008968519789696054,0.0008968519789696054
56.58333333333333,0.0008969996166558733,0.0008969996166558733
56.625,0.0008971484829200534,0.0008971484829200534
56.666666666666664,0.0008972980937579269,0.0008972980937579269
56.70833333333333,0.0008974479726566338,0.0008974479726566338
56.75,0.0008975975275931379,0.0008975975275931379
56.791666666666664,0.000897746181006979,0.000897746181006979
56.83333333333333,0.000897893277700208,0.000897893277700208
56.875,0.0008980381489750317,0.0008980381489750317
56.916666666666664,0.0008981801045716011,0.0008981801045716011
56.95833333333333,0.0008983184289643599,0.0008983184289643599
57.0,0.0008984524123655797,0.0008984524123655797
57.041666666666664,0.0008985817570088177,0.0008985817570088177
57.08333333333333,0.0008987077893472822,0.0008987077893472822
57.125,0.0008988319405084857,0.0008988319405084857
57.166666666666664,0.0008989553241188289,0.0008989553241188289
57.20833333333333,0.0008990789432171614,0.0008990789432171614
57.25,0.0008992035507122038,0.0008992035507122038
57.291666666666664,0.0008993297580092132,0.0008993297580092132
57.33333333333333,0.0008994579830418986,0.0008994579830418986
57.375,0.0008995884684354483,0.0008995884684354483
57.416666666666664,0.000899721312517599,0.000899721312517599
57.45833333333333,0.0008998564789051636,0.0008998564789051636
57.5,0.0008999938455991489,0.0008999938455991489
57.541666666666664,0.0009001331768019619,0.0009001331768019619
57.58333333333333,0.0009002741493532954,0.0009002741493532954
57.625,0.0009004163643576421,0.0009004163643576421
57.666666666666664,0.0009005593377722898,0.0009005593377722898
57.70833333333333,0.0009007025930653495,0.0009007025930653495
57.75,0.0009008455381693249,0.0009008455381693249
57.791666666666664,0.0009009875955079029,0.0009009875955079029
57.83333333333333,0.0009011281098579439,0.0009011281098579439
57.875,0.0009012664124819723,0.0009012664124819723
57.916666666666664,0.0009014018131155918,0.0009014018131155918
57.95833333333333,0.0009015335961718412,0.0009015335961718412
58.0,0.0009016610518693813,0.0009016610518693813
58.041666666666664,0.000901783882414159,0.000901783882414159
58.08333333333333,0.0009019034141832286,0.0009019034141832286
58.125,0.000902021078293445,0.000902021078293445
58.166666666666664,0.0009021379883598948,0.0009021379883598948
58.20833333333333,0.0009022551473788479,0.0009022551473788479
58.25,0.0009023733082373699,0.0009023733082373699
58.291666666666664,0.0009024930823129815,0.0009024930823129815
58.33333333333333,0.0009026148875099506,0.0009026148875099506
58.375,0.0009027389664266925,0.0009027389664266925
58.416666666666664,0.000902865417364685,0.000902865417364685
58.45833333333333,0.0009029942038971254,0.0009029942038971254
58.5,0.0009031252040410385,0.0009031252040410385
58.541666666666664,0.0009032581819417135,0.0009032581819417135
58.58333333333333,0.0009033928144112587,0.0009033928144112587
58.625,0.0009035287025321828,0.0009035287025321828
58.666666666666664,0.0009036653622252678,0.0009036653622252678
58.70833333333333,0.0009038023169403913,0.0009038023169403913
58.75,0.0009039389745679361,0.0009039389745679361
58.791666666666664,0.0009040747575163668,0.0009040747575163668
58.83333333333333,0.0009042090105385782,0.0009042090105385782
58.875,0.0009043410648594361,0.0009043410648594361
58.916666666666664,0.0009044702302100106,0.0009044702302100106
58.95833333333333,0.0009045957909452289,0.0009045957909452289
59.0,0.0009047170372895085,0.0009047170372895085
59.041666666666664,0.0009048336714228335,0.0009048336714228335
59.08333333333333,0.0009049470196496473,0.0009049470196496473
59.125,0.0009050585130767765,0.0009050585130767765
59.166666666666664,0.0009051692653084438,0.0009051692653084438
59.20833333333333,0.0009052802793005146,0.0009052802793005146
59.25,0.0009053923079194114,0.0009053923079194114
59.291666666666664,0.0009055059625162631,0.0009055059625162631
59.33333333333333,0.0009056216609673403,0.0009056216609673403
59.375,0.0009057396458455859,0.0009057396458455859
59.416666666666664,0.0009058600154274889,0.0009058600154274889
59.45833333333333,0.0009059827332448853,0.0009059827332448853
59.5,0.0009061076773297016,0.0009061076773297016
59.541666666666664,0.0009062346117731153,0.0009062346117731153
59.58333333333333,0.0009063632133609945,0.0009063632133609945
59.625,0.0009064930831548928,0.0009064930831548928
59.666666666666664,0.0009066237370409635,0.0009066237370409635
59.70833333333333,0.0009067546984516238,0.0009067546984516238
59.75,0.0009068853752373391,0.0009068853752373391
59.791666666666664,0.0009070151897919696,0.0009070151897919696
59.83333333333333,0.0009071434868456098,0.0009071434868456098
59.875,0.0009072695975873816,0.0009072695975873816
59.916666666666664,0.0009073928317438594,0.0009073928317438594
59.95833333333333,0.0009075124736149554,0.0009075124736149554
60.0,0.0009076278134302811,0.0009076278134302811
60.041666666666664,0.0009077385533453901,0.0009077385533453901
60.08333333333333,0.0009078460195955027,0.0009078460195955027
60.125,0.0009079516432780039,0.0009079516432780039
60.166666666666664,0.0009080565379866947,0.0009080565379866947
60.20833333333333,0.000908161706639091,0.000908161706639091
60.25,0.0009082679020819405,0.0009082679020819405
60.291666666666664,0.0009083757356412608,0.0009083757356412608
60.33333333333333,0.0009084856251666977,0.0009084856251666977
60.375,0.0009085978132069576,0.0009085978132069576
60.416666666666664,0.0009087123980147524,0.0009087123980147524
60.45833333333333,0.0009088293430826845,0.0009088293430826845
60.5,0.0009089485264565637,0.0009089485264565637
60.541666666666664,0.0009090697121762853,0.0009090697121762853
60.58333333333333,0.0009091925770027585,0.0009091925770027585
60.625,0.0009093167219775645,0.0009093167219775645
60.666666666666664,0.0009094416629540016,0.0009094416629540016
60.70833333333333,0.0009095669233477763,0.0009095669233477763
60.75,0.0009096919109715145,0.0009096919109715145
60.791666666666664,0.0009098160482050738,0.0009098160482050738
60.83333333333333,0.0009099386797568584,0.0009099386797568584
60.875,0.0009100591367820571,0.0009100591367820571
60.916666666666664,0.0009101767290028084,0.0009101767290028084
60.95833333333333,0.0009102907406669222,0.0009102907406669222
61.0,0.0009104004620087041,0.0009104004620087041
61.041666666666664,0.0009105055951607008,0.0009105055951607008
61.08333333333333,0.0009106074662921535,0.0009106074662921535
61.125,0.0009107075064915489,0.0009107075064915489
61.166666666666664,0.0009108068293426985,0.0009108068293426985
61.20833333333333,0.0009109064377267125,0.0009109064377267125
61.25,0.0009110070844715901,0.0009110070844715901
61.291666666666664,0.0009111093808794566,0.0009111093808794566
61.33333333333333,0.0009112137447746368,0.0009112137447746368
61.375,0.0009113204186827787,0.0009113204186827787
61.416666666666664,0.00091142950083397,0.00091142950083397
61.45833333333333,0.0009115409546835863,0.0009115409546835863
61.5,0.0009116546582903963,0.0009116546582903963
61.541666666666664,0.0009117703756456765,0.0009117703756456765
61.58333333333333,0.0009118877834865945,0.0009118877834865945
61.625,0.0009120064828357007,0.0009120064828357007
61.666666666666664,0.0009121259895151143,0.0009121259895151143
61.70833333333333,0.0009122458269245567,0.0009122458269245567
61.75,0.0009123654028407736,0.0009123654028407736
61.791666666666664,0.0009124841396302067,0.0009124841396302067
61.83333333333333,0.0009126013819806267,0.0009126013819806267
61.875,0.0009127164610150019,0.0009127164610150019
61.916666666666664,0.0009128286864511142,0.0009128286864511142
61.95833333333333,0.0009129373424874108,0.0009129373424874108
62.0,0.0009130417193624485,0.0009130417193624485
62.041666666666664,0.0009131415191870913,0.0009131415191870913
62.08333333333333,0.0009132380680677038,0.0009132380680677038
62.125,0.0009133327970843807,0.0009133327970843807
62.166666666666664,0.0009134268198113653,0.0009134268198113653
62.20833333333333,0.0009135211390952009,0.0009135211390952009
62.25,0.0009136165077460245,0.0009136165077460245
62.291666666666664,0.0009137135370432289,0.0009137135370432289
62.33333333333333,0.0009138126447870579,0.0009138126447870579
62.375,0.0009139140734812212,0.0009139140734812212
62.416666666666664,0.0009140179213342794,0.0009140179213342794
62.45833333333333,0.0009141241517662818,0.0009141241517662818
62.5,0.0009142326428481029,0.0009142326428481029
62.541666666666664,0.0009143431585249156,0.0009143431585249156
62.58333333333333,0.0009144553755113046,0.0009144553755113046
62.625,0.0009145688948116879,0.0009145688948116879
62.666666666666664,0.0009146832322185921,0.0009146832322185921
62.70833333333333,0.0009147979111164534,0.0009147979111164534
62.75,0.0009149123392479887,0.0009149123392479887
62.791666666666664,0.0009150259389667929,0.0009150259389667929
62.83333333333333,0.0009151380549410084,0.0009151380549410084
62.875,0.0009152480182630061,0.0009152480182630061
62.916666666666664,0.0009153551386463013,0.0009153551386463013
62.95833333333333,0.0009154587002425622,0.0009154587002425622
63.0,0.0009155579932942001,0.0009155579932942001
63.041666666666664,0.0009156527198916332,0.0009156527198916332
63.08333333333333,0.0009157442060813143,0.0009157442060813143
63.125,0.0009158338829354165,0.0009158338829354165
63.166666666666664,0.0009159228640190267,0.0009159228640190267
63.20833333333333,0.00091601215214586,0.00091601215214586
63.25,0.000916102500109039,0.000916102500109039
63.291666666666664,0.0009161945191663274,0.0009161945191663274
63.33333333333333,0.0009162886270950668,0.0009162886270950668
63.375,0.0009163850663780954,0.0009163850663780954
63.416666666666664,0.0009164839352034921,0.0009164839352034921
63.45833333333333,0.0009165851969577726,0.0009165851969577726
63.5,0.0009166887297231413,0.0009166887297231413
63.541666666666664,0.0009167942974010376,0.0009167942974010376
63.58333333333333,0.0009169015766845646,0.0009169015766845646
63.625,0.0009170101685608681,0.0009170101685608681
63.666666666666664,0.0009171195887943817,0.0009171195887943817
63.70833333333333,0.0009172293607549326,0.0009172293607549326
63.75,0.0009173388921529561,0.0009173388921529561
63.791666666666664,0.0009174476053297521,0.0009174476053297521
63.83333333333333,0.0009175548449347926,0.0009175548449347926
63.875,0.0009176599420313864,0.0009176599420313864
63.916666666666664,0.0009177622063288866,0.0009177622063288866
63.95833333333333,0.0009178609219346147,0.0009178609219346147
64.0,0.0009179553790944862,0.0009179553790944862
64.04166666666666,0.0009180452798796244,0.0009180452798796244
64.08333333333333,0.0009181319502794057,0.0009181319502794057
64.125,0.0009182168213585201,0.0009182168213585201
64.16666666666666,0.0009183010066732965,0.0009183010066732965
64.20833333333333,0.0009183855090062689,0.0009183855090062689
64.25,0.0009184710811343553,0.0009184710811343553
64.29166666666666,0.0009185583342947411,0.0009185583342947411
64.33333333333333,0.0009186476862429856,0.0009186476862429856
64.375,0.0009187393794420709,0.0009187393794420709
64.41666666666666,0.0009188335120605886,0.0009188335120605886
64.45833333333333,0.0009189300474532174,0.0009189300474532174
64.5,0.0009190288637127798,0.0009190288637127798
64.54166666666666,0.0009191297246992177,0.0009191297246992177
64.58333333333333,0.0009192323070852016,0.0009192323070852016
64.625,0.0009193362118414258,0.0009193362118414258
64.66666666666666,0.0009194409547056508,0.0009194409547056508
64.70833333333333,0.000919546059033746,0.000919546059033746
64.75,0.000919650932505516,0.000919650932505516
64.79166666666666,0.0009197549974505004,0.0009197549974505004
64.83333333333333,0.0009198575985004119,0.0009198575985004119
64.875,0.0009199580666909519,0.0009199580666909519
64.91666666666666,0.0009200557117274242,0.0009200557117274242
64.95833333333333,0.0009201498176750979,0.0009201498176750979
65.0,0.0009202396747830801,0.0009202396747830801
65.04166666666666,0.0009203249851042747,0.0009203249851042747
65.08333333333333,0.0009204070745736898,0.0009204070745736898
65.125,0.0009204873742489417,0.0009204873742489417
65.16666666666666,0.0009205669976779888,0.0009205669976779888
65.20833333333333,0.0009206469476137419,0.0009206469476137419
65.25,0.0009207279768176894,0.0009207279768176894
65.29166666666666,0.0009208106965074377,0.0009208106965074377
65.33333333333333,0.0009208955244178283,0.0009208955244178283
65.375,0.0009209827029929539,0.0009209827029929539
65.41666666666666,0.0009210723303828654,0.0009210723303828654
65.45833333333333,0.0009211643699120102,0.0009211643699120102
65.5,0.0009212586996831727,0.0009212586996831727
65.54166666666666,0.0009213550835169116,0.0009213550835169116
65.58333333333333,0.000921453198066461,0.000921453198066461
65.625,0.0009215526442868479,0.0009215526442868479
65.66666666666666,0.0009216529378905041,0.0009216529378905041
65.70833333333333,0.0009217536022199683,0.0009217536022199683
65.75,0.0009218540449259749,0.0009218540449259749
65.79166666666666,0.0009219536883268194,0.0009219536883268194
65.83333333333333,0.0009220518770373231,0.0009220518770373231
65.875,0.0009221479420669584,0.0009221479420669584
65.91666666666666,0.0009222411931170987,0.0009222411931170987
65.95833333333333,0.0009223309142131261,0.0009223309142131261
66.0,0.0009224163956070603,0.0009224163956070603
66.04166666666666,0.0009224973393345926,0.0009224973393345926
66.08333333333333,0.0009225750712789485,0.0009225750712789485
66.125,0.0009226510224910521,0.0009226510224910521
66.16666666666666,0.0009227263065108664,0.0009227263065108664
66.20833333333333,0.0009228019260631557,0.0009228019260631557
66.25,0.0009228786338947176,0.0009228786338947176
66.29166666666666,0.0009229570412045309,0.0009229570412045309
66.33333333333333,0.0009230375657077324,0.0009230375657077324
66.375,0.0009231204498304444,0.0009231204498304444
66.41666666666666,0.0009232057917050784,0.0009232057917050784
66.45833333333333,0.000923293554627369,0.000923293554627369
66.5,0.0009233836167094623,0.0009233836167094623
66.54166666666666,0.0009234757417345285,0.0009234757417345285
66.58333333333333,0.0009235696063373138,0.0009235696063373138
66.625,0.0009236648114579264,0.0009236648114579264
66.66666666666666,0.0009237608727847424,0.0009237608727847424
66.70833333333333,0.0009238573136475735,0.0009238573136475735
66.75,0.0009239535416695584,0.0009239535416695584
66.79166666666666,0.0009240489791582478,0.0009240489791582478
66.83333333333333,0.0009241429707123968,0.0009241429707123968
66.875,0.0009242348473165552,0.0009242348473165552
66.91666666666666,0.0009243239186682912,0.0009243239186682912
66.95833333333333,0.0009244094687551433,0.0009244094687551433
67.0,0.0009244907878317963,0.0009244907878317963
67.04166666666666,0.0009245675779176684,0.0009245675779176684
67.08333333333333,0.0009246411648466729,0.0009246411648466729
67.125,0.0009247129796633986,0.0009247129796633986
67.16666666666666,0.0009247841359001752,0.0009247841359001752
67.20833333333333,0.0009248556362550196,0.0009248556362550196
67.25,0.000924928233460744,0.000924928233460744
67.29166666666666,0.0009250025386986052,0.0009250025386986052
67.33333333333333,0.000925078969664998,0.000925078969664998
67.375,0.0009251577687689486,0.0009251577687689486
67.41666666666666,0.0009252390341260878,0.0009252390341260878
67.45833333333333,0.0009253227290048744,0.0009253227290048744
67.5,0.000925408731526264,0.000925408731526264
67.54166666666666,0.0009254968054379239,0.0009254968054379239
67.58333333333333,0.0009255866273570138,0.0009255866273570138
67.625,0.0009256777982094388,0.0009256777982094388
67.66666666666666,0.0009257698336607242,0.0009257698336607242
67.70833333333333,0.000925862257028534,0.000925862257028534
67.75,0.0009259544759098083,0.0009259544759098083
67.79166666666666,0.0009260459126018321,0.0009260459126018321
67.83333333333333,0.0009261359116880814,0.0009261359116880814
67.875,0.0009262238041294204,0.0009262238041294204
67.91666666666666,0.0009263088996197425,0.0009263088996197425
67.95833333333333,0.0009263904821106704,0.0009263904821106704
68.0,0.000926467841859335,0.000926467841859335
68.04166666666666,0.0009265406808697618,0.0009265406808697618
68.08333333333333,0.0009266103249289082,0.0009266103249289082
68.125,0.0009266782050753623,0.0009266782050753623
68.16666666666666,0.0009267454348341702,0.0009267454348341702
68.20833333333333,0.0009268130168779269,0.0009268130168779269
68.25,0.000926881703926133,0.000926881703926133
68.29166666666666,0.0009269521071431848,0.0009269521071431848
68.33333333333333,0.0009270246442076503,0.0009270246442076503
68.375,0.0009270995575122924,0.0009270995575122924
68.41666666666666,0.0009271769451567779,0.0009271769451567779
68.45833333333333,0.0009272567703836501,0.0009272567703836501
68.5,0.0009273389113221663,0.0009273389113221663
68.54166666666666,0.0009274231316862724,0.0009274231316862724
68.58333333333333,0.0009275091080764001,0.0009275091080764001
68.625,0.0009275964414049332,0.0009275964414049332
68.66666666666666,0.0009276846473156887,0.0009276846473156887
68.70833333333333,0.0009277732491147402,0.0009277732491147402
68.75,0.0009278616543741485,0.0009278616543741485
68.79166666666666,0.0009279492853813971,0.0009279492853813971
68.83333333333333,0.00092803548670543,0.00092803548670543
68.875,0.0009281195892846003,0.0009281195892846003
68.91666666666666,0.000928200902809258,0.000928200902809258
68.95833333333333,0.000928278711196933,0.000928278711196933
69.0,0.0009283523047070056,0.0009283523047070056
69.04166666666666,0.0009284213853289334,0.0009284213853289334
69.08333333333333,0.0009284872788049686,0.0009284872788049686
69.125,0.0009285514161680102,0.0009285514161680102
69.16666666666666,0.0009286149109361589,0.0009286149109361589
69.20833333333333,0.0009286787657578435,0.0009286787657578435
69.25,0.0009287437333398968,0.0009287437333398968
69.29166666666666,0.000928810424830674,0.000928810424830674
69.33333333333333,0.0009288792578917859,0.0009288792578917859
69.375,0.0009289504749005257,0.0009289504749005257
69.41666666666666,0.0009290241739413721,0.0009290241739413721
69.45833333333333,0.0009291003182322433,0.0009291003182322433
69.5,0.0009291787859102271,0.0009291787859102271
69.54166666666666,0.0009292593406572356,0.0009292593406572356
69.58333333333333,0.0009293416590577878,0.0009293416590577878
69.625,0.0009294253420113967,0.0009294253420113967
69.66666666666666,0.0009295099051412545,0.0009295099051412545
69.70833333333333,0.0009295948717423779,0.0009295948717423779
69.75,0.0009296796493631984,0.0009296796493631984
69.79166666666666,0.0009297636602818437,0.0009297636602818437
69.83333333333333,0.0009298462490534384,0.0009298462490534384
69.875,0.0009299267465949368,0.0009299267465949368
69.91666666666666,0.0009300044625932788,0.0009300044625932788
69.95833333333333,0.0009300786809336236,0.0009300786809336236
70.0,0.0009301486918774273,0.0009301486918774273
70.04166666666666,0.0009302141974003527,0.0009302141974003527
70.08333333333333,0.0009302765232020931,0.0009302765232020931
70.125,0.000930337100310152,0.000930337100310152
70.16666666666666,0.0009303970422360093,0.0009303970422360093
70.20833333333333,0.0009304573516051183,0.0009304573516051183
70.25,0.0009305187811122585,0.0009305187811122585
70.29166666666666,0.0009305819418905229,0.0009305819418905229
70.33333333333333,0.0009306472515853937,0.0009306472515853937
70.375,0.000930714952559447,0.000930714952559447
70.41666666666666,0.000930785142882714,0.000930785142882714
70.45833333333333,0.0009308577857497091,0.0009308577857497091
70.5,0.0009309327593049162,0.0009309327593049162
70.54166666666666,0.0009310098271998089,0.0009310098271998089
70.58333333333333,0.0009310886660037704,0.0009310886660037704
70.625,0.0009311688766040638,0.0009311688766040638
70.66666666666666,0.0009312499746042821,0.0009312499746042821
70.70833333333333,0.0009313314832888981,0.0009313314832888981
70.75,0.0009314128101838981,0.0009314128101838981
70.79166666666666,0.0009314933775584816,0.0009314933775584816
70.83333333333333,0.0009315725299546305,0.0009315725299546305
70.875,0.0009316495982689575,0.0009316495982689575
70.91666666666666,0.0009317238921851246,0.0009317238921851246
70.95833333333333,0.0009317946955575507,0.0009317946955575507
71.0,0.0009318612986496104,0.0009318612986496104
71.04166666666666,0.0009319234034238989,0.0009319234034238989
71.08333333333333,0.0009319823355395973,0.0009319823355395973
71.125,0.0009320395260190891,0.0009320395260190891
71.16666666666666,0.0009320960883675453,0.0009320960883675453
71.20833333333333,0.0009321530251885744,0.0009321530251885744
71.25,0.0009322110891654868,0.0009322110891654868
71.29166666666666,0.0009322708914168561,0.0009322708914168561
71.33333333333333,0.0009323328495728222,0.0009323328495728222
71.375,0.0009323972059819615,0.0009323972059819615
71.41666666666666,0.000932464058700562,0.000932464058700562
71.45833333333333,0.0009325333709008919,0.0009325333709008919
71.5,0.0009326050207344298,0.0009326050207344298
71.54166666666666,0.000932678771823721,0.000932678771823721
71.58333333333333,0.0009327543007237514,0.0009327543007237514
71.625,0.0009328312083101257,0.0009328312083101257
71.66666666666666,0.0009329090101678118,0.0009329090101678118
71.70833333333333,0.0009329872295712284,0.0009329872295712284
71.75,0.0009330652740250379,0.0009330652740250379
71.79166666666666,0.0009331425657899231,0.0009331425657899231
71.83333333333333,0.0009332184493953683,0.0009332184493953683
71.875,0.0009332922557186454,0.0009332922557186454
71.91666666666666,0.0009333632944402727,0.0009333632944402727
71.95833333333333,0.0009334308493854686,0.0009334308493854686
72.0,0.0009334942108193883,0.0009334942108193883
72.04166666666666,0.0009335530806922398,0.0009335530806922398
72.08333333333333,0.0009336087846246472,0.0009336087846246472
72.125,0.0009336627536341295,0.0009336627536341295
72.16666666666666,0.0009337161012198509,0.0009337161012198509
72.20833333333333,0.0009337698299646457,0.0009337698299646457
72.25,0.0009338246925409132,0.0009338246925409132
72.29166666666666,0.0009338813000534145,0.0009338813000534145
72.33333333333333,0.0009339400701176947,0.0009339400701176947
72.375,0.000934001245069014,0.000934001245069014
72.41666666666666,0.0009340649229505866,0.0009340649229505866
72.45833333333333,0.0009341310669135303,0.0009341310669135303
72.5,0.0009341995551159507,0.0009341995551159507
72.54166666666666,0.000934270151152892,0.000934270151152892
72.58333333333333,0.0009343425315656451,0.0009343425315656451
72.625,0.0009344162972187211,0.0009344162972187211
72.66666666666666,0.0009344909636793853,0.0009344909636793853
72.70833333333333,0.0009345660542124733,0.0009345660542124733
72.75,0.0009346409763023849,0.0009346409763023849
72.79166666666666,0.0009347151522016812,0.0009347151522016812
72.83333333333333,0.0009347879264279626,0.0009347879264279626
72.875,0.0009348586298401102,0.0009348586298401102
72.91666666666666,0.0009349265721156319,0.0009349265721156319
72.95833333333333,0.0009349910370520018,0.0009349910370520018
73.0,0.0009350513149160337,0.0009350513149160337
73.04166666666666,0.0009351071076461892,0.0009351071076461892
73.08333333333333,0.000935159740826395,0.000935159740826395
73.125,0.0009352106454695501,0.0009352106454695501
73.16666666666666,0.0009352609350691002,0.0009352609350691002
73.20833333333333,0.0009353116121881215,0.0009353116121881215
73.25,0.0009353634294886347,0.0009353634294886347
73.29166666666666,0.0009354169980622601,0.0009354169980622601
73.33333333333333,0.0009354727355106596,0.0009354727355106596
73.375,0.0009355308841564264,0.0009355308841564264
73.41666666666666,0.000935591542030339,0.000935591542030339
73.45833333333333,0.0009356546722634046,0.0009356546722634046
73.5,0.0009357201530200123,0.0009357201530200123
73.54166666666666,0.0009357877478690582,0.0009357877478690582
73.58333333333333,0.0009358571333388069,0.0009358571333388069
73.625,0.000935927910283214,0.000935927910283214
73.66666666666666,0.0009359995942527173,0.0009359995942527173
73.70833333333333,0.0009360717085030199,0.0009360717085030199
73.75,0.0009361436604992647,0.0009361436604992647
73.79166666666666,0.0009362148724862703,0.0009362148724862703
73.83333333333333,0.0009362846889703373,0.0009362846889703373
73.875,0.0009363524407928575,0.0009363524407928575
73.91666666666666,0.0009364174376284593,0.0009364174376284593
73.95833333333333,0.0009364789632482521,0.0009364789632482521
74.0,0.0009365363079205983,0.0009365363079205983
74.04166666666666,0.0009365891735728146,0.0009365891735728146
74.08333333333333,0.0009366388857539078,0.0009366388857539078
74.125,0.0009366868754723832,0.0009366868754723832
74.16666666666666,0.0009367342562162454,0.0009367342562162454
74.20833333333333,0.0009367820305297766,0.0009367820305297766
74.25,0.000936830951065127,0.000936830951065127
74.29166666666666,0.0009368816289014148,0.0009368816289014148
74.33333333333333,0.0009369344816270955,0.0009369344816270955
74.375,0.000936989751552713,0.000936989751552713
74.41666666666666,0.0009370475366972166,0.0009370475366972166
74.45833333333333,0.0009371078001724903,0.0009371078001724903
74.5,0.000937170420148886,0.000937170420148886
74.54166666666666,0.0009372351601704357,0.0009372351601704357
74.58333333333333,0.0009373016967530122,0.0009373016967530122
74.625,0.0009373696307405288,0.0009373696307405288
74.66666666666666,0.000937438477667427,0.000937438477667427
74.70833333333333,0.0009375077607807073,0.0009375077607807073
74.75,0.0009375768875272103,0.0009375768875272103
74.79166666666666,0.0009376452801443752,0.0009376452801443752
74.83333333333333,0.0009377122831277578,0.0009377122831277578
74.875,0.0009377772273021174,0.0009377772273021174
74.91666666666666,0.0009378394223393309,0.0009378394223393309
74.95833333333333,0.0009378981519854493,0.0009378981519854493
75.0,0.0009379527065102854,0.0009379527065102854
75.04166666666666,0.0009380027878305785,0.0009380027878305785
75.08333333333333,0.0009380497214621072,0.0009380497214621072
75.125,0.0009380949384091976,0.0009380949384091976
75.16666666666666,0.0009381395521546786,0.0009381395521546786
75.20833333333333,0.0009381845652249542,0.0009381845652249542
75.25,0.0009382307302627874,0.0009382307302627874
75.29166666666666,0.0009382786583354029,0.0009382786583354029
75.33333333333333,0.0009383287670186927,0.0009383287670186927
75.375,0.0009383812986117399,0.0009383812986117399
75.41666666666666,0.0009384363511222414,0.0009384363511222414
75.45833333333333,0.0009384938876438938,0.0009384938876438938
75.5,0.000938553786352716,0.000938553786352716
75.54166666666666,0.0009386158107690903,0.0009386158107690903
75.58333333333333,0.0009386796373971026,0.0009386796373971026
75.625,0.0009387448670711126,0.0009387448670711126
75.66666666666666,0.0009388110153103535,0.0009388110153103535
75.70833333333333,0.0009388776053535355,0.0009388776053535355
75.75,0.0009389440446301012,0.0009389440446301012
75.79166666666666,0.0009390097553704579,0.0009390097553704579
75.83333333333333,0.000939074082059946,0.000939074082059946
75.875,0.000939136355507504,0.000939136355507504
75.91666666666666,0.0009391958853823841,0.0009391958853823841
75.95833333333333,0.0009392519554068162,0.0009392519554068162
76.0,0.0009393038558519756,0.0009393038558519756
76.04166666666666,0.0009393512886245578,0.0009393512886245578
76.08333333333333,0.0009393955792087265,0.0009393955792087265
76.125,0.0009394381586048301,0.0009394381586048301
76.16666666666666,0.0009394801402907771,0.0009394801402907771
76.20833333333333,0.0009395225267759616,0.0009395225267759616
76.25,0.0009395660706942202,0.0009395660706942202
76.29166666666666,0.0009396113831014627,0.0009396113831014627
76.33333333333333,0.0009396588815616299,0.0009396588815616299
76.375,0.0009397088083629033,0.0009397088083629033
76.41666666666666,0.0009397612615022771,0.0009397612615022771
76.45833333333333,0.0009398162040561471,0.0009398162040561471
76.5,0.000939873514205925,0.000939873514205925
76.54166666666666,0.0009399329554494947,0.0009399329554494947
76.58333333333333,0.0009399942042797296,0.0009399942042797296
76.625,0.000940056861521902,0.000940056861521902
76.66666666666666,0.0009401204426807845,0.0009401204426807845
76.70833333333333,0.0009401844709871921,0.0009401844709871921
76.75,0.0009402483538540252,0.0009402483538540252
76.79166666666666,0.0009403115135049933,0.0009403115135049933
76.83333333333333,0.0009403732944157243,0.0009403732944157243
76.875,0.0009404330273801076,0.0009404330273801076
76.91666666666666,0.0009404900220648944,0.0009404900220648944
76.95833333333333,0.0009405435621696642,0.0009405435621696642
77.0,0.0009405929379668782,0.0009405929379668782
77.04166666666666,0.00094063785135369,0.00094063785135369
77.08333333333333,0.000940679627784186,0.000940679627784186
77.125,0.0009407196982549268,0.0009407196982549268
77.16666666666666,0.0009407591762391443,0.0009407591762391443
77.20833333333333,0.0009407990642300478,0.0009407990642300478
77.25,0.0009408401148529869,0.0009408401148529869
77.29166666666666,0.0009408829391531068,0.0009408829391531068
77.33333333333333,0.0009409279546829791,0.0009409279546829791
77.375,0.0009409754037204154,0.0009409754037204154
77.41666666666666,0.00094102538425223,0.00094102538425223
77.45833333333333,0.0009410778593383616,0.0009410778593383616
77.5,0.0009411327071653553,0.0009411327071653553
77.54166666666666,0.0009411896912096894,0.0009411896912096894
77.58333333333333,0.0009412484879535726,0.0009412484879535726
77.625,0.0009413086982136335,0.0009413086982136335
77.66666666666666,0.0009413698374808943,0.0009413698374808943
77.70833333333333,0.00094143142897865,0.00094143142897865
77.75,0.000941492880104074,0.000941492880104074
77.79166666666666,0.0009415536130744966,0.0009415536130744966
77.83333333333333,0.0009416129723563113,0.0009416129723563113
77.875,0.0009416702887290913,0.0009416702887290913
77.91666666666666,0.0009417248718572065,0.0009417248718572065
77.95833333333333,0.0009417760054186972,0.0009417760054186972
78.0,0.0009418229796872403,0.0009418229796872403
78.04166666666666,0.0009418654965509219,0.0009418654965509219
78.08333333333333,0.0009419048814352157,0.0009419048814352157
78.125,0.0009419425653330734,0.0009419425653330734
78.16666666666666,0.0009419796617132847,0.0009419796617132847
78.20833333333333,0.000942017173053656,0.000942017173053656
78.25,0.0009420558519714684,0.0009420558519714684
78.29166666666666,0.0009420963095016269,0.0009420963095016269
78.33333333333333,0.0009421389631858867,0.0009421389631858867
78.375,0.0009421840552921968,0.0009421840552921968
78.41666666666666,0.0009422316837976886,0.0009422316837976886
78.45833333333333,0.0009422818117466415,0.0009422818117466415
78.5,0.0009423343173304988,0.0009423343173304988
78.54166666666666,0.000942388964005366,0.000942388964005366
78.58333333333333,0.0009424454282433075,0.0009424454282433075
78.625,0.0009425033108527311,0.0009425033108527311
78.66666666666666,0.0009425621273115822,0.0009425621273115822
78.70833333333333,0.0009426214008359965,0.0009426214008359965
78.75,0.0009426805388081909,0.0009426805388081909
78.79166666666666,0.0009427389634394217,0.0009427389634394217
78.83333333333333,0.000942796019187304,0.000942796019187304
78.875,0.0009428510368177892,0.0009428510368177892
78.91666666666666,0.0009429033259929854,0.0009429033259929854
78.95833333333333,0.000942952170370444,0.000942952170370444
79.0,0.0009429968602249973,0.0009429968602249973
79.04166666666666,0.00094303709743611,0.00094303709743611
79.08333333333333,0.0009430742074020383,0.0009430742074020383
79.125,0.0009431096211122942,0.0009431096211122942
79.16666666666666,0.0009431444520314484,0.0009431444520314484
79.20833333333333,0.0009431797026226485,0.0009431797026226485
79.25,0.0009432161254955056,0.0009432161254955056
79.29166666666666,0.0009432543316751828,0.0009432543316751828
79.33333333333333,0.0009432947386931453,0.0009432947386931453
79.375,0.0009433375888079607,0.0009433375888079607
79.41666666666666,0.0009433829799875513,0.0009433829799875513
79.45833333333333,0.0009434308752612959,0.0009434308752612959
79.5,0.000943481152825312,0.000943481152825312
79.54166666666666,0.0009435335761163158,0.0009435335761163158
79.58333333333333,0.0009435878215967214,0.0009435878215967214
79.625,0.0009436434900671185,0.0009436434900671185
79.66666666666666,0.0009437000969930162,0.0009437000969930162
79.70833333333333,0.0009437571655837345,0.0009437571655837345
79.75,0.0009438141032072652,0.0009438141032072652
79.79166666666666,0.0009438703320690831,0.0009438703320690831
79.83333333333333,0.0009439251966184577,0.0009439251966184577
79.875,0.0009439780276083803,0.0009439780276083803
79.91666666666666,0.0009440281346988094,0.0009440281346988094
79.95833333333333,0.0009440748015278067,0.0009440748015278067
80.0,0.0009441173183713037,0.0009441173183713037
80.04166666666666,0.0009441553871005649,0.0009441553871005649
80.08333333333333,0.0009441903330879599,0.0009441903330879599
80.125,0.0009442235873197192,0.0009442235873197192
80.16666666666666,0.0009442562632564092,0.0009442562632564092
80.20833333333333,0.0009442893633472242,0.0009442893633472242
80.25,0.0009443236401944852,0.0009443236401944852
80.29166666666666,0.0009443597048140879,0.0009443597048140879
80.33333333333333,0.0009443979747277078,0.0009443979747277078
80.375,0.0009444386921849896,0.0009444386921849896
80.41666666666666,0.0009444819551450964,0.0009444819551450964
80.45833333333333,0.0009445277266232267,0.0009445277266232267
80.5,0.0009445758848199644,0.0009445758848199644
80.54166666666666,0.0009446261931535668,0.0009446261931535668
80.58333333333333,0.000944678328077269,0.000944678328077269
80.625,0.0009447318903842268,0.0009447318903842268
80.66666666666666,0.0009447863955281198,0.0009447863955281198
80.70833333333333,0.0009448413667117806,0.0009448413667117806
80.75,0.0009448962112896711,0.0009448962112896711
80.79166666666666,0.0009449503514617633,0.0009449503514617633
80.83333333333333,0.0009450031316693933,0.0009450031316693933
80.875,0.0009450538826532193,0.0009450538826532193
80.91666666666666,0.0009451019140711622,0.0009451019140711622
80.95833333333333,0.0009451465095427387,0.0009451465095427387
81.0,0.0009451869593449304,0.0009451869593449304
81.04166666666666,0.0009452229653412002,0.0009452229653412002
81.08333333333333,0.0009452558528792968,0.0009452558528792968
81.125,0.0009452870529423201,0.0009452870529423201
81.16666666666666,0.0009453176789870362,0.0009453176789870362
81.20833333333333,0.0009453487334493572,0.0009453487334493572
81.25,0.0009453809689246753,0.0009453809689246753
81.29166666666666,0.0009454149964200699,0.0009454149964200699
81.33333333333333,0.0009454512334479029,0.0009454512334479029
81.375,0.0009454899222493326,0.0009454899222493326
81.41666666666666,0.0009455311607751907,0.0009455311607751907
81.45833333333333,0.0009455749120271797,0.0009455749120271797
81.5,0.0009456210542101547,0.0009456210542101547
81.54166666666666,0.0009456693507247983,0.0009456693507247983
81.58333333333333,0.0009457194780156144,0.0009457194780156144
81.625,0.0009457710368686902,0.0009457710368686902
81.66666666666666,0.0009458235427264526,0.0009458235427264526
81.70833333333333,0.0009458765187855606,0.0009458765187855606
81.75,0.0009459293723876051,0.0009459293723876051
81.79166666666666,0.000945981525727322,0.000945981525727322
81.83333333333333,0.0009460323232385064,0.0009460323232385064
81.875,0.0009460810956500797,0.0009460810956500797
81.91666666666666,0.0009461271526180316,0.0009461271526180316
81.95833333333333,0.0009461697777442308,0.0009461697777442308
82.0,0.0009462082613066658,0.0009462082613066658
82.04166666666666,0.0009462423051613735,0.0009462423051613735
82.08333333333333,0.0009462732346326865,0.0009462732346326865
82.125,0.0009463024807007184,0.0009463024807007184
82.16666666666666,0.000946331156818629,0.000946331156818629
82.20833333333333,0.0009463602654096858,0.0009463602654096858
82.25,0.0009463905590626971,0.0009463905590626971
82.29166666666666,0.0009464226487763548,0.0009464226487763548
82.33333333333333,0.0009464569520541597,0.0009464569520541597
82.375,0.0009464937111291984,0.0009464937111291984
82.41666666666666,0.0009465330239443792,0.0009465330239443792
82.45833333333333,0.0009465748534885582,0.0009465748534885582
82.5,0.0009466190779706777,0.0009466190779706777
82.54166666666666,0.0009466654607746855,0.0009466654607746855
82.58333333333333,0.0009467136783367807,0.0009467136783367807
82.625,0.0009467633314363288,0.0009467633314363288
82.66666666666666,0.0009468139355050532,0.0009468139355050532
82.70833333333333,0.0009468650137337377,0.0009468650137337377
82.75,0.0009469159734517285,0.0009469159734517285
82.79166666666666,0.0009469662368487803,0.0009469662368487803
82.83333333333333,0.0009470151483515194,0.0009470151483515194
82.875,0.0009470620386776979,0.0009470620386776979
82.91666666666666,0.0009471062174814763,0.0009471062174814763
82.95833333333333,0.0009471469683479282,0.0009471469683479282
83.0,0.0009471835815560074,0.0009471835815560074
83.04166666666666,0.0009472157589546806,0.0009472157589546806
83.08333333333333,0.0009472448258460155,0.0009472448258460155
83.125,0.0009472722132072701,0.0009472722132072701
83.16666666666666,0.0009472990344881869,0.0009472990344881869
83.20833333333333,0.0009473262920999934,0.0009473262920999934
83.25,0.000947354738625241,0.000947354738625241
83.29166666666666,0.000947384985054643,0.000947384985054643
83.33333333333333,0.0009474174488832703,0.0009474174488832703
83.375,0.000947452372336532,0.000947452372336532
83.41666666666666,0.0009474898533498011,0.0009474898533498011
83.45833333333333,0.0009475298548997028,0.0009475298548997028
83.5,0.000947572255199099,0.000947572255199099
83.54166666666666,0.000947616817615997,0.000947616817615997
83.58333333333333,0.0009476632185786954,0.0009476632185786954
83.625,0.0009477110588601707,0.0009477110588601707
83.66666666666666,0.0009477598538819625,0.0009477598538819625
83.70833333333333,0.0009478091268292653,0.0009478091268292653
83.75,0.0009478582850197735,0.0009478582850197735
83.79166666666666,0.0009479067506385045,0.0009479067506385045
83.83333333333333,0.0009479538681052713,0.0009479538681052713
83.875,0.0009479989681271937,0.0009479989681271937
83.91666666666666,0.0009480413603567047,0.0009480413603567047
83.95833333333333,0.0009480803283628881,0.0009480803283628881
84.0,0.0009481151624256299,0.0009481151624256299
84.04166666666666,0.0009481455643871613,0.0009481455643871613
84.08333333333333,0.0009481728595283776,0.0009481728595283776
84.125,0.0009481984788238105,0.0009481984788238105
84.16666666666666,0.0009482235357199622,0.0009482235357199622
84.20833333333333,0.0009482490326165955,0.0009482490326165955
84.25,0.0009482757220903176,0.0009482757220903176
84.29166666666666,0.0009483042151242516,0.0009483042151242516
84.33333333333333,0.0009483349292054475,0.0009483349292054475
84.375,0.0009483681065520131,0.0009483681065520131
84.41666666666666,0.000948403845092154,0.000948403845092154
84.45833333333333,0.0009484421077908516,0.0009484421077908516
84.5,0.0009484827728647248,0.0009484827728647248
84.54166666666666,0.0009485256036665979,0.0009485256036665979
84.58333333333333,0.0009485702766172544,0.0009485702766172544
84.625,0.0009486163924835969,0.0009486163924835969
84.66666666666666,0.0009486634666774763,0.0009486634666774763
84.70833333333333,0.0009487110223787694,0.0009487110223787694
84.75,0.0009487584668940836,0.0009487584668940836
84.79166666666666,0.0009488052224039314,0.0009488052224039314
84.83333333333333,0.0009488506333216498,0.0009488506333216498
84.875,0.0009488940303442375,0.0009488940303442375
84.91666666666666,0.0009489347231224959,0.0009489347231224959
84.95833333333333,0.0009489719952102864,0.0009489719952102864
85.0,0.0009490051368883942,0.0009490051368883942
85.04166666666666,0.0009490338499926335,0.0009490338499926335
85.08333333333333,0.0009490594597837684,0.0009490594597837684
85.125,0.0009490833972337247,0.0009490833972337247
85.16666666666666,0.0009491067757859342,0.0009491067757859342
85.20833333333333,0.0009491305978292416,0.0009491305978292416
85.25,0.0009491556159346073,0.0009491556159346073
85.29166666666666,0.0009491824410779333,0.0009491824410779333
85.33333333333333,0.0009492114907386389,0.0009492114907386389
85.375,0.0009492430071278869,0.0009492430071278869
85.41666666666666,0.0009492770881670675,0.0009492770881670675
85.45833333333333,0.0009493136968100741,0.0009493136968100741
85.5,0.0009493527112771326,0.0009493527112771326
85.54166666666666,0.0009493938949066015,0.0009493938949066015
85.58333333333333,0.0009494369241121162,0.0009494369241121162
85.625,0.0009494813996548057,0.0009494813996548057
85.66666666666666,0.0009495268369373014,0.0009495268369373014
85.70833333333333,0.0009495727591344231,0.0009495727591344231
85.75,0.0009496185735422265,0.0009496185735422265
85.79166666666666,0.0009496637023369406,0.0009496637023369406
85.83333333333333,0.0009497074899257477,0.0009497074899257477
85.875,0.000949749266996012,0.000949749266996012
85.91666666666666,0.0009497883431969957,0.0009497883431969957
85.95833333333333,0.000949824002068064,0.000949824002068064
86.0,0.0009498555338908741,0.0009498555338908741
86.04166666666666,0.0009498826404951227,0.0009498826404951227
86.08333333333333,0.0009499066471224354,0.0009499066471224354
86.125,0.0009499289847422454,0.0009499289847422454
86.16666666666666,0.0009499507667950765,0.0009499507667950765
86.20833333333333,0.0009499729956593751,0.0009499729956593751
86.25,0.000949996423900737,0.000949996423900737
86.29166666666666,0.0009500216624881953,0.0009500216624881953
86.33333333333333,0.0009500491288939085,0.0009500491288939085
86.375,0.0009500790653224349,0.0009500790653224349
86.41666666666666,0.0009501115696886828,0.0009501115696886828
86.45833333333333,0.0009501466049359863,0.0009501466049359863
86.5,0.0009501840492880367,0.0009501840492880367
86.54166666666666,0.0009502236660694088,0.0009502236660694088
86.58333333333333,0.0009502651316869382,0.0009502651316869382
86.625,0.0009503080468962662,0.0009503080468962662
86.66666666666666,0.0009503519270912514,0.0009503519270912514
86.70833333333333,0.0009503962954419039,0.0009503962954419039
86.75,0.0009504405592342365,0.0009504405592342365
86.79166666666666,0.0009504841406404068,0.0009504841406404068
86.83333333333333,0.0009505263840617475,0.0009505263840617475
86.875,0.0009505666201764501,0.0009505666201764501
86.91666666666666,0.0009506041586323266,0.0009506041586323266
86.95833333333333,0.0009506382829549371,0.0009506382829549371
87.0,0.000950668283426785,0.000950668283426785
87.04166666666666,0.0009506938618717338,0.0009506938618717338
87.08333333333333,0.0009507163435132143,0.0009507163435132143
87.125,0.0009507371593182753,0.0009507371593182753
87.16666666666666,0.0009507574227246872,0.0009507574227246872
87.20833333333333,0.0009507781361009918,0.0009507781361009918
87.25,0.0009508000520076892,0.0009508000520076892
87.29166666666666,0.0009508237814072787,0.0009508237814072787
87.33333333333333,0.0009508497417650103,0.0009508497417650103
87.375,0.0009508781752791615,0.0009508781752791615
87.41666666666666,0.0009509091798584758,0.0009509091798584758
87.45833333333333,0.0009509427184362295,0.0009509427184362295
87.5,0.0009509786692394486,0.0009509786692394486
87.54166666666666,0.0009510167955795699,0.0009510167955795699
87.58333333333333,0.0009510567738569612,0.0009510567738569612
87.625,0.0009510982048220489,0.0009510982048220489
87.66666666666666,0.0009511406038603418,0.0009511406038603418
87.70833333333333,0.0009511834941372774,0.0009511834941372774
87.75,0.000951226282929308,0.000951226282929308
87.79166666666666,0.0009512683924047219,0.0009512683924047219
87.83333333333333,0.0009513091669592935,0.0009513091669592935
87.875,0.0009513479372624796,0.0009513479372624796
87.91666666666666,0.0009513840129607287,0.0009513840129607287
87.95833333333333,0.0009514166775664502,0.0009514166775664502
88.0,0.0009514452213629712,0.0009514452213629712
88.04166666666666,0.0009514693461685913,0.0009514693461685913
88.08333333333333,0.0009514903771894453,0.0009514903771894453
88.125,0.0009515097453903001,0.0009515097453903001
88.16666666666666,0.0009515285642063198,0.0009515285642063198
88.20833333333333,0.000951547835996611,0.000951547835996611
88.25,0.0009515683133168348,0.0009515683133168348
88.29166666666666,0.0009515906071232747,0.0009515906071232747
88.33333333333333,0.0009516151348746075,0.0009516151348746075
88.375,0.0009516421387631363,0.0009516421387631363
88.41666666666666,0.0009516717166917428,0.0009516717166917428
88.45833333333333,0.0009517038315841245,0.0009517038315841245
88.5,0.0009517383616705128,0.0009517383616705128
88.54166666666666,0.0009517750702498243,0.0009517750702498243
88.58333333333333,0.000951813633716274,0.000951813633716274
88.625,0.0009518536528153321,0.0009518536528153321
88.66666666666666,0.0009518946429245616,0.0009518946429245616
88.70833333333333,0.0009519361272050516,0.0009519361272050516
88.75,0.0009519775129241542,0.0009519775129241542
88.79166666666666,0.0009520182222464807,0.0009520182222464807
88.83333333333333,0.0009520575995625225,0.0009520575995625225
88.875,0.0009520949755334204,0.0009520949755334204
88.91666666666666,0.0009521296598043399,0.0009521296598043399
88.95833333333333,0.0009521609358751637,0.0009521609358751637
89.0,0.000952188094030021,0.000952188094030021
89.04166666666666,0.0009522108360819024,0.0009522108360819024
89.08333333333333,0.0009522304872205031,0.0009522304872205031
89.125,0.0009522484784084042,0.0009522484784084042
89.16666666666666,0.0009522659230783048,0.0009522659230783048
89.20833333333333,0.0009522838235803222,0.0009522838235803222
89.25,0.0009523029324655219,0.0009523029324655219
89.29166666666666,0.0009523238606842742,0.0009523238606842742
89.33333333333333,0.0009523470256890022,0.0009523470256890022
89.375,0.0009523726696663276,0.0009523726696663276
89.41666666666666,0.0009524008905135572,0.0009524008905135572
89.45833333333333,0.0009524316511452621,0.0009524316511452621
89.5,0.0009524648297947641,0.0009524648297947641
89.54166666666666,0.0009525001897490417,0.0009525001897490417
89.58333333333333,0.000952537407396458,0.000952537407396458
89.625,0.0009525760834777731,0.0009525760834777731
89.66666666666666,0.0009526157333629874,0.0009526157333629874
89.70833333333333,0.0009526558802090563,0.0009526558802090563
89.75,0.0009526959312746669,0.0009526959312746669
89.79166666666666,0.0009527353087209374,0.0009527353087209374
89.83333333333333,0.0009527733569333404,0.0009527733569333404
89.875,0.0009528094065650959,0.0009528094065650959
89.91666666666666,0.0009528427672601668,0.0009528427672601668
89.95833333333333,0.0009528727225064984,0.0009528727225064984
90.0,0.0009528985625890052,0.0009528985625890052
90.04166666666666,0.0009529199893156099,0.0009529199893156099
90.08333333333333,0.000952938327860381,0.000952938327860381
90.125,0.0009529550091838066,0.0009529550091838066
90.16666666666666,0.000952971146716255,0.000952971146716255
90.20833333333333,0.0009529877427992784,0.0009529877427992784
90.25,0.0009530055499795785,0.0009530055499795785
90.29166666666666,0.0009530251792019012,0.0009530251792019012
90.33333333333333,0.0009530470479127183,0.0009530470479127183
90.375,0.0009530713982932484,0.0009530713982932484
90.41666666666666,0.0009530983282354971,0.0009530983282354971
90.45833333333333,0.0009531278006453413,0.0009531278006453413
90.5,0.0009531596937590791,0.0009531596937590791
90.54166666666666,0.0009531937708523081,0.0009531937708523081
90.58333333333333,0.0009532297083078242,0.0009532297083078242
90.625,0.0009532671068619126,0.0009532671068619126
90.66666666666666,0.0009533054818773749,0.0009533054818773749
90.70833333333333,0.0009533443565072379,0.0009533443565072379
90.75,0.0009533831380019377,0.0009533831380019377
90.79166666666666,0.000953421248519275,0.000953421248519275
90.83333333333333,0.0009534580324399528,0.0009534580324399528
90.875,0.0009534928204096483,0.0009534928204096483
90.91666666666666,0.0009535249220711961,0.0009535249220711961
90.95833333333333,0.000953553620901167,0.000953553620901167
91.0,0.0009535782071852424,0.0009535782071852424
91.04166666666666,0.0009535983827265069,0.0009535983827265069
91.08333333333333,0.0009536154726841776,0.0009536154726841776
91.125,0.0009536309080167374,0.0009536309080167374
91.16666666666666,0.0009536458021523501,0.0009536458021523501
91.20833333333333,0.0009536611574244068,0.0009536611574244068
91.25,0.0009536777263754664,0.0009536777263754664
91.29166666666666,0.0009536961199449235,0.0009536961199449235
91.33333333333333,0.0009537167555735882,0.0009537167555735882
91.375,0.0009537398754375406,0.0009537398754375406
91.41666666666666,0.0009537655774237445,0.0009537655774237445
91.45833333333333,0.0009537938244297926,0.0009537938244297926
91.5,0.0009538244946948546,0.0009538244946948546
91.54166666666666,0.0009538573514836741,0.0009538573514836741
91.58333333333333,0.0009538920711737519,0.0009538920711737519
91.625,0.0009539282544971213,0.0009539282544971213
91.66666666666666,0.0009539654168097317,0.0009539654168097317
91.70833333333333,0.000954003081260875,0.000954003081260875
91.75,0.0009540406550931317,0.0009540406550931317
91.79166666666666,0.0009540775604611512,0.0009540775604611512
91.83333333333333,0.000954113141741104,0.000954113141741104
91.875,0.0009541467295714847,0.0009541467295714847
91.91666666666666,0.0009541776335940703,0.0009541776335940703
91.95833333333333,0.0009542051372745913,0.0009542051372745913
92.0,0.0009542285308994806,0.0009542285308994806
92.04166666666666,0.0009542475162672017,0.0009542475162672017
92.08333333333333,0.000954263418522858,0.000954263418522858
92.125,0.0009542776686230094,0.0009542776686230094
92.16666666666666,0.0009542913799937377,0.0009542913799937377
92.20833333333333,0.0009543055549606564,0.0009543055549606564
92.25,0.0009543209460623904,0.0009543209460623904
92.29166666666666,0.0009543381642332454,0.0009543381642332454
92.33333333333333,0.0009543576269086427,0.0009543576269086427
92.375,0.000954379576259776,0.000954379576259776
92.41666666666666,0.000954404110168816,0.000954404110168816
92.45833333333333,0.0009544311915254593,0.0009544311915254593
92.5,0.0009544606985716488,0.0009544606985716488
92.54166666666666,0.0009544923945617758,0.0009544923945617758
92.58333333333333,0.0009545259558683042,0.0009545259558683042
92.625,0.0009545609832192275,0.0009545609832192275
92.66666666666666,0.0009545969919639715,0.0009545969919639715
92.70833333333333,0.0009546335052482799,0.0009546335052482799
92.75,0.0009546699303072503,0.0009546699303072503
92.79166666666666,0.0009547056892925405,0.0009547056892925405
92.83333333333333,0.0009547401265760161,0.0009547401265760161
92.875,0.0009547725727893269,0.0009547725727893269
92.91666666666666,0.000954802337573265,0.000954802337573265
92.95833333333333,0.0009548287043832253,0.0009548287043832253
93.0,0.0009548509635063796,0.0009548509635063796
93.04166666666666,0.0009548688167367748,0.0009548688167367748
93.08333333333333,0.0009548835892061029,0.0009548835892061029
93.125,0.0009548967118690805,0.0009548967118690805
93.16666666666666,0.0009549092981498221,0.0009549092981498221
93.20833333333333,0.0009549223503665282,0.0009549223503665282
93.25,0.0009549366210540908,0.0009549366210540908
93.29166666666666,0.0009549527211419734,0.0009549527211419734
93.33333333333333,0.0009549710680604706,0.0009549710680604706
93.375,0.0009549919039761285,0.0009549919039761285
93.41666666666666,0.0009550153267665596,0.0009550153267665596
93.45833333333333,0.0009550412993139372,0.0009550412993139372
93.5,0.0009550696998628795,0.0009550696998628795
93.54166666666666,0.0009551002916579038,0.0009551002916579038
93.58333333333333,0.0009551327510666829,0.0009551327510666829
93.625,0.0009551666788133738,0.0009551666788133738
93.66666666666666,0.00095520159024119,0.00095520159024119
93.70833333333333,0.0009552370084925047,0.0009552370084925047
93.75,0.0009552723407952883,0.0009552723407952883
93.79166666666666,0.0009553070092983594,0.0009553070092983594
93.83333333333333,0.0009553403583694917,0.0009553403583694917
93.875,0.0009553717186338173,0.0009553717186338173
93.91666666666666,0.0009554003997312061,0.0009554003997312061
93.95833333333333,0.0009554256851072016,0.0009554256851072016
94.0,0.0009554468650496995,0.0009554468650496995
94.04166666666666,0.0009554636413485271,0.0009554636413485271
94.08333333333333,0.0009554773391226328,0.0009554773391226328
94.125,0.000955489389324965,0.000955489389324965
94.16666666666666,0.0009555009053777799,0.0009555009053777799
94.20833333333333,0.0009555128895922135,0.0009555128895922135
94.25,0.000955526094499613,0.000955526094499613
94.29166666666666,0.0009555411310248369,0.0009555411310248369
94.33333333333333,0.0009555584165933014,0.0009555584165933014
94.375,0.0009555781933671329,0.0009555781933671329
94.41666666666666,0.0009556005592196093,0.0009556005592196093
94.45833333333333,0.0009556254770257324,0.0009556254770257324
94.5,0.0009556528250327076,0.0009556528250327076
94.54166666666666,0.0009556823664756312,0.0009556823664756312
94.58333333333333,0.0009557137777176182,0.0009557137777176182
94.625,0.0009557466594791808,0.0009557466594791808
94.66666666666666,0.0009557805270976195,0.0009557805270976195
94.70833333333333,0.0009558149037121036,0.0009558149037121036
94.75,0.000955849196543815,0.000955849196543815
94.79166666666666,0.0009558828277388769,0.0009558828277388769
94.83333333333333,0.0009559151416611771,0.0009559151416611771
94.875,0.0009559454689296375,0.0009559454689296375
94.91666666666666,0.0009559731191832692,0.0009559731191832692
94.95833333333333,0.0009559973758582213,0.0009559973758582213
95.0,0.0009560175292431031,0.0009560175292431031
95.04166666666666,0.0009560332811237066,0.0009560332811237066
95.08333333333333,0.0009560459566068729,0.0009560459566068729
95.125,0.0009560569866438516,0.0009560569866438516
95.16666666666666,0.0009560674846551476,0.0009560674846551476
95.20833333333333,0.0009560784529451608,0.0009560784529451608
95.25,0.0009560906440418755,0.0009560906440418755
95.29166666666666,0.0009561046688657689,0.0009561046688657689
95.33333333333333,0.0009561209448376152,0.0009561209448376152
95.375,0.0009561397141153373,0.0009561397141153373
95.41666666666666,0.000956161074568093,0.000956161074568093
95.45833333333333,0.0009561849890640466,0.0009561849890640466
95.5,0.0009562113358529054,0.0009562113358529054
95.54166666666666,0.000956239878160776,0.000956239878160776
95.58333333333333,0.0009562702923464393,0.0009562702923464393
95.625,0.0009563021791269446,0.0009563021791269446
95.66666666666666,0.0009563350538339614,0.0009563350538339614
95.70833333333333,0.0009563684396036168,0.0009563684396036168
95.75,0.0009564017436506258,0.0009564017436506258
95.79166666666666,0.0009564343881185533,0.0009564343881185533
95.83333333333333,0.0009564657173675959,0.0009564657173675959
95.875,0.0009564950620107579,0.0009564950620107579
95.91666666666666,0.0009565217316862522,0.0009565217316862522
95.95833333333333,0.0009565450098212687,0.0009565450098212687
96.0,0.0009565641867051188,0.0009565641867051188
96.04166666666666,0.0009565789641197365,0.0009565789641197365
96.08333333333333,0.0009565906671604589,0.0009565906671604589
96.125,0.0009566007267769064,0.0009566007267769064
96.16666666666666,0.0009566102563879301,0.0009566102563879301
96.20833333333333,0.0009566202582915092,0.0009566202582915092
96.25,0.0009566314850124364,0.0009566314850124364
96.29166666666666,0.0009566445474670214,0.0009566445474670214
96.33333333333333,0.0009566598630716205,0.0009566598630716205
96.375,0.000956677673980161,0.000956677673980161
96.41666666666666,0.0009566980780578808,0.0009566980780578808
96.45833333333333,0.0009567210381664263,0.0009567210381664263
96.5,0.0009567464325579268,0.0009567464325579268
96.54166666666666,0.0009567740244499095,0.0009567740244499095
96.58333333333333,0.0009568034901970307,0.0009568034901970307
96.625,0.0009568344305130532,0.0009568344305130532
96.66666666666666,0.0009568663607242835,0.0009568663607242835
96.70833333333333,0.000956898803963959,0.000956898803963959
96.75,0.0009569311674406324,0.0009569311674406324
96.79166666666666,0.0009569628732954428,0.0009569628732954428
96.83333333333333,0.0009569932658850801,0.0009569932658850801
96.875,0.0009570216758169098,0.0009570216758169098
96.91666666666666,0.0009570474127284044,0.0009570474127284044
96.95833333333333,0.0009570697600382083,0.0009570697600382083
97.0,0.0009570880080363252,0.0009570880080363252
97.04166666666666,0.0009571018585009972,0.0009571018585009972
97.08333333333333,0.0009571126365166335,0.0009571126365166335
97.125,0.0009571217730312887,0.0009571217730312887
97.16666666666666,0.0009571303814622567,0.0009571303814622567
97.20833333333333,0.0009571394641013936,0.0009571394641013936
97.25,0.0009571497734704636,0.0009571497734704636
97.29166666666666,0.0009571619204818125,0.0009571619204818125
97.33333333333333,0.0009571763225475928,0.0009571763225475928
97.375,0.0009571932218179307,0.0009571932218179307
97.41666666666666,0.000957212716154339,0.000957212716154339
97.45833333333333,0.000957234768412249,0.000957234768412249
97.5,0.0009572592568461339,0.0009572592568461339
97.54166666666666,0.0009572859446653321,0.0009572859446653321
97.58333333333333,0.0009573145082205777,0.0009573145082205777
97.625,0.0009573445482225108,0.0009573445482225108
97.66666666666666,0.0009573755799923314,0.0009573755799923314
97.70833333333333,0.0009574071266605329,0.0009574071266605329
97.75,0.0009574385954297966,0.0009574385954297966
97.79166666666666,0.0009574694084389601,0.0009574694084389601
97.83333333333333,0.000957498910041382,0.000957498910041382
97.875,0.0009575264308390551,0.0009575264308390551
97.91666666666666,0.0009575512804687656,0.0009575512804687656
97.95833333333333,0.0009575727423410059,0.0009575727423410059
98.0,0.0009575901067464626,0.0009575901067464626
98.04166666666666,0.0009576030754598444,0.0009576030754598444
98.08333333333333,0.0009576129735551809,0.0009576129735551809
98.125,0.000957621231979022,0.000957621231979022
98.16666666666666,0.0009576289641471939,0.0009576289641471939
98.20833333333333,0.0009576371723457141,0.0009576371723457141
98.25,0.0009576466090934738,0.0009576466090934738
98.29166666666666,0.0009576578852990482,0.0009576578852990482
98.33333333333333,0.000957671418370589,0.000957671418370589
98.375,0.0009576874504546089,0.0009576874504546089
98.41666666666666,0.0009577060794090772,0.0009577060794090772
98.45833333333333,0.0009577272680834992,0.0009577272680834992
98.5,0.0009577508947346193,0.0009577508947346193
98.54166666666666,0.0009577767225639577,0.0009577767225639577
98.58333333333333,0.0009578044279185177,0.0009578044279185177
98.625,0.0009578336115059747,0.0009578336115059747
98.66666666666666,0.0009578637886426652,0.0009578637886426652
98.70833333333333,0.0009578944824564769,0.0009578944824564769
98.75,0.0009579251001444961,0.0009579251001444961
98.79166666666666,0.0009579550638433772,0.0009579550638433772
98.83333333333333,0.0009579837179033156,0.0009579837179033156
98.875,0.0009580103929211839,0.0009580103929211839
98.91666666666666,0.0009580343985331331,0.0009580343985331331
98.95833333333333,0.0009580550181418783,0.0009580550181418783
99.0,0.00095807154203878,0.00095807154203878
99.04166666666666,0.0009580836719951646,0.0009580836719951646
99.08333333333333,0.0009580927330752021,0.0009580927330752021
99.125,0.0009581001562239971,0.0009581001562239971
99.16666666666666,0.0009581070548559926,0.0009581070548559926
99.20833333333333,0.0009581144312516388,0.0009581144312516388
99.25,0.0009581230379271013,0.0009581230379271013
99.29166666666666,0.0009581334857873681,0.0009581334857873681
99.33333333333333,0.0009581461922367849,0.0009581461922367849
99.375,0.0009581613994184273,0.0009581613994184273
99.41666666666666,0.000958179205186896,0.000958179205186896
99.45833333333333,0.000958199572386044,0.000958199572386044
99.5,0.0009582223792748178,0.0009582223792748178
99.54166666666666,0.0009582473890472734,0.0009582473890472734
99.58333333333333,0.000958274278046864,0.000958274278046864
99.625,0.0009583026469784506,0.0009583026469784506
99.66666666666666,0.0009583320111537371,0.0009583320111537371
99.70833333333333,0.0009583618936981372,0.0009583618936981372
99.75,0.0009583917018034046,0.0009583917018034046
99.79166666666666,0.0009584208576041248,0.0009584208576041248
99.83333333333333,0.0009584487054474885,0.0009584487054474885
99.875,0.0009584745759254875,0.0009584745759254875
99.91666666666666,0.0009584977786736885,0.0009584977786736885
99.95833333333333,0.0009585175970873838,0.0009585175970873838
100.0,0.0009585333214585998,0.0009585333214585998
