time,APlasma,[APlasma]
0.0,0.0,0.0
0.041666666666666664,9.123545694282123e-08,9.123545694282123e-08
0.08333333333333333,7.160345011883397e-07,7.160345011883397e-07
0.125,2.370908606019947e-06,2.370908606019947e-06
0.16666666666666666,5.513976651555021e-06,5.513976651555021e-06
0.20833333333333331,1.0567096391586211e-05,1.0567096391586211e-05
0.25,1.7917890967018298e-05,1.7917890967018298e-05
0.29166666666666663,2.7921675965200825e-05,2.7921675965200825e-05
0.3333333333333333,4.090329423886191e-05,4.090329423886191e-05
0.375,5.715885536485905e-05,5.715885536485905e-05
0.41666666666666663,7.695739064720675e-05,7.695739064720675e-05
0.4583333333333333,0.00010054242737738094,0.00010054242737738094
0.5,0.0001281334793975365,0.0001281334793975365
0.5416666666666666,0.00015992747334042982,0.00015992747334042982
0.5833333333333333,0.00019610009840909969,0.00019610009840909969
0.625,0.000236807078136397,0.000236807078136397
0.6666666666666666,0.00028218538361325863,0.00028218538361325863
0.7083333333333333,0.0003323543906259959,0.0003323543906259959
0.75,0.0003874169755350645,0.0003874169755350645
0.7916666666666666,0.00044746055013857803,0.00044746055013857803
0.8333333333333333,0.0005125580380542373,0.0005125580380542373
0.875,0.0005827688112826332,0.0005827688112826332
0.9166666666666666,0.0006581396188036415,0.0006581396188036415
0.9583333333333333,0.0007387053692264134,0.0007387053692264134
1.0,0.0008244899339190198,0.0008244899339190198
1.0416666666666665,0.0009155990349440167,0.0009155990349440167
1.0833333333333333,0.0010124766548169832,0.0010124766548169832
1.125,0.0011156162071484482,0.0011156162071484482
1.1666666666666665,0.0012254630798703046,0.0012254630798703046
1.2083333333333333,0.0013424178248226716,0.0013424178248226716
1.25,0.0014668399802603921,0.0014668399802603921
1.2916666666666665,0.0015990503895890618,0.0015990503895890618
1.3333333333333333,0.0017393335991692381,0.0017393335991692381
1.375,0.0018879397768218928,0.0018879397768218928
1.4166666666666665,0.0020450875088686435,0.0020450875088686435
1.4583333333333333,0.0022109644004979414,0.0022109644004979414
1.5,0.002385730570327895,0.002385730570327895
1.5416666666666665,0.0025695178892972087,0.0025695178892972087
1.5833333333333333,0.002762433939906578,0.002762433939906578
1.625,0.002964564026264628,0.002964564026264628
1.6666666666666665,0.0031759712335871068,0.0031759712335871068
1.7083333333333333,0.0033966996542578436,0.0033966996542578436
1.75,0.0036267729394088132,0.0036267729394088132
1.7916666666666665,0.0038661991139259983,0.0038661991139259983
1.8333333333333333,0.004114969528723631,0.004114969528723631
1.875,0.00437305834842722,0.00437305834842722
1.9166666666666665,0.004640430536866942,0.004640430536866942
1.9583333333333333,0.004917031804041447,0.004917031804041447
2.0,0.005202801375352086,0.005202801375352086
2.0416666666666665,0.0054977639334171,0.0054977639334171
2.083333333333333,0.005802261885092321,0.005802261885092321
2.125,0.006116703425407404,0.006116703425407404
2.1666666666666665,0.006441447018559785,0.006441447018559785
2.208333333333333,0.006776800039399875,0.006776800039399875
2.25,0.0071230356624902335,0.0071230356624902335
2.2916666666666665,0.007480391159237352,0.007480391159237352
2.333333333333333,0.007849062333995505,0.007849062333995505
2.375,0.008229209123786082,0.008229209123786082
2.4166666666666665,0.008620959760639937,0.008620959760639937
2.458333333333333,0.009024413516122562,0.009024413516122562
2.5,0.009439642666768274,0.009439642666768274
2.5416666666666665,0.009866694179600344,0.009866694179600344
2.583333333333333,0.010305591101575843,0.010305591101575843
2.625,0.010756334389983087,0.010756334389983087
2.6666666666666665,0.011218905822131748,0.011218905822131748
2.708333333333333,0.011693262618278726,0.011693262618278726
2.75,0.01217935358533073,0.01217935358533073
2.7916666666666665,0.012677100256009365,0.012677100256009365
2.833333333333333,0.013186408192666902,0.013186408192666902
2.875,0.013707182501603982,0.013707182501603982
2.9166666666666665,0.014239295987879213,0.014239295987879213
2.958333333333333,0.014782625179976805,0.014782625179976805
3.0,0.01533703045146703,0.01533703045146703
3.0416666666666665,0.015902467857858406,0.015902467857858406
3.083333333333333,0.01647919747680504,0.01647919747680504
3.125,0.017067557587986754,0.017067557587986754
3.1666666666666665,0.01766783683380453,0.01766783683380453
3.208333333333333,0.01828028104209874,0.01828028104209874
3.25,0.018905093032392465,0.018905093032392465
3.2916666666666665,0.019542427596652832,0.019542427596652832
3.333333333333333,0.020192427253697888,0.020192427253697888
3.375,0.020855183213939817,0.020855183213939817
3.4166666666666665,0.021530771743063087,0.021530771743063087
3.458333333333333,0.02221922789362913,0.02221922789362913
3.5,0.022920562592913217,0.022920562592913217
3.5416666666666665,0.023634758844204528,0.023634758844204528
3.583333333333333,0.024361779868638283,0.024361779868638283
3.625,0.025101567125092872,0.025101567125092872
3.6666666666666665,0.0258540428275511,0.0258540428275511
3.708333333333333,0.026619113907797587,0.026619113907797587
3.75,0.02739666809378552,0.02739666809378552
3.7916666666666665,0.02818657947293266,0.02818657947293266
3.833333333333333,0.028988707925518154,0.028988707925518154
3.875,0.02980289963930875,0.02980289963930875
3.9166666666666665,0.030628994866391333,0.030628994866391333
3.958333333333333,0.03146681500396253,0.03146681500396253
4.0,0.032316167187945354,0.032316167187945354
4.041666666666666,0.033176968236612404,0.033176968236612404
4.083333333333333,0.03404942000959694,0.03404942000959694
4.125,0.034933823835338204,0.034933823835338204
4.166666666666666,0.03583041591050336,0.03583041591050336
4.208333333333333,0.036739405053069954,0.036739405053069954
4.25,0.03766096121126168,0.03766096121126168
4.291666666666666,0.03859520969491918,0.03859520969491918
4.333333333333333,0.03954223847760145,0.03954223847760145
4.375,0.040502100403339465,0.040502100403339465
4.416666666666666,0.04147483857689098,0.04147483857689098
4.458333333333333,0.04246044548057394,0.04246044548057394
4.5,0.04345891105996547,0.04345891105996547
4.541666666666666,0.044470183416562156,0.044470183416562156
4.583333333333333,0.04549419337185247,0.04549419337185247
4.625,0.04653085222819439,0.04653085222819439
4.666666666666666,0.0475800442790135,0.0475800442790135
4.708333333333333,0.048641648529072316,0.048641648529072316
4.75,0.04971551646654125,0.04971551646654125
4.791666666666666,0.05080149758265806,0.05080149758265806
4.833333333333333,0.051899418442934775,0.051899418442934775
4.875,0.05300910242589715,0.05300910242589715
4.916666666666666,0.054130354716161955,0.054130354716161955
4.958333333333333,0.05526297695845978,0.05526297695845978
5.0,0.05640675561051504,0.05640675561051504
5.041666666666666,0.057561602090447285,0.057561602090447285
5.083333333333333,0.058727664803369876,0.058727664803369876
5.125,0.0599052288890945,0.0599052288890945
5.166666666666666,0.06109451303786512,0.06109451303786512
5.208333333333333,0.06229568810368191,0.06229568810368191
5.25,0.06350890911891784,0.06350890911891784
5.291666666666666,0.06473429451425623,0.06473429451425623
5.333333333333333,0.06597189214315796,0.06597189214315796
5.375,0.06722177699807148,0.06722177699807148
5.416666666666666,0.06848394005438985,0.06848394005438985
5.458333333333333,0.06975836887870106,0.06975836887870106
5.5,0.07104503108295594,0.07104503108295594
5.541666666666666,0.07234384512085511,0.07234384512085511
5.583333333333333,0.0736547413027323,0.0736547413027323
5.625,0.0749776091330867,0.0749776091330867
5.666666666666666,0.07631231712059723,0.07631231712059723
5.708333333333333,0.07765873717472227,0.07765873717472227
5.75,0.07901669298262114,0.07901669298262114
5.791666666666666,0.08038603983041871,0.08038603983041871
5.833333333333333,0.08176658444280112,0.08176658444280112
5.875,0.08315813526164208,0.08315813526164208
5.916666666666666,0.08456050019859399,0.08456050019859399
5.958333333333333,0.08597345391505602,0.08597345391505602
6.0,0.08739677682087214,0.08739677682087214
6.041666666666666,0.0888303788317189,0.0888303788317189
6.083333333333333,0.09027437051860107,0.09027437051860107
6.125,0.09172903534682118,0.09172903534682118
6.166666666666666,0.09319458294241395,0.09319458294241395
6.208333333333333,0.09467117596102889,0.09467117596102889
6.25,0.09615894094366656,0.09615894094366656
6.291666666666666,0.09765799608487095,0.09765799608487095
6.333333333333333,0.09916839778587044,0.09916839778587044
6.375,0.10069019408631658,0.10069019408631658
6.416666666666666,0.10222338669191237,0.10222338669191237
6.458333333333333,0.103767948650965,0.103767948650965
6.5,0.10532384398460874,0.10532384398460874
6.541666666666666,0.1068909811376794,0.1068909811376794
6.583333333333333,0.1084692941030583,0.1084692941030583
6.625,0.11005863782147698,0.11005863782147698
6.666666666666666,0.11165891759207429,0.11165891759207429
6.708333333333333,0.11326995316991356,0.11326995316991356
6.75,0.11489161470884356,0.11489161470884356
6.791666666666666,0.11652369965255997,0.11652369965255997
6.833333333333333,0.11816604342516444,0.11816604342516444
6.875,0.11981841921810443,0.11981841921810443
6.916666666666666,0.12148064134964115,0.12148064134964115
6.958333333333333,0.1231524957523511,0.1231524957523511
7.0,0.12483373786140357,0.12483373786140357
7.041666666666666,0.12652432320269852,0.12652432320269852
7.083333333333333,0.12822431051934002,0.12822431051934002
7.125,0.12993399271937792,0.12993399271937792
7.166666666666666,0.13165356887129206,0.13165356887129206
7.208333333333333,0.13338320658636832,0.13338320658636832
7.25,0.1351230204518654,0.1351230204518654
7.291666666666666,0.13687311029787,0.13687311029787
7.333333333333333,0.13863356289401724,0.13863356289401724
7.375,0.14040437945022616,0.14040437945022616
7.416666666666666,0.14218562040739186,0.14218562040739186
7.458333333333333,0.14397719950856516,0.14397719950856516
7.5,0.14577913609136187,0.14577913609136187
7.541666666666666,0.14759128837216096,0.14759128837216096
7.583333333333333,0.14941362932066724,0.14941362932066724
7.625,0.15124598071871923,0.15124598071871923
7.666666666666666,0.1530882716404789,0.1530882716404789
7.708333333333333,0.1549402973051909,0.1549402973051909
7.75,0.1568019429294822,0.1568019429294822
7.791666666666666,0.15867299851323002,0.15867299851323002
7.833333333333333,0.16055329756367284,0.16055329756367284
7.875,0.16244262782864358,0.16244262782864358
7.916666666666666,0.16434078442691985,0.16434078442691985
7.958333333333333,0.16624754919618234,0.16624754919618234
8.0,0.16816268981461552,0.16816268981461552
8.041666666666666,0.1700861447966661,0.1700861447966661
8.083333333333332,0.17201799618126143,0.17201799618126143
8.125,0.17395852844741538,0.17395852844741538
8.166666666666666,0.175907932434048,0.175907932434048
8.208333333333332,0.1778663786272939,0.1778663786272939
8.25,0.17983400137401612,0.17983400137401612
8.291666666666666,0.18181084829836758,0.18181084829836758
8.333333333333332,0.18379704072192804,0.18379704072192804
8.375,0.18579259839241727,0.18579259839241727
8.416666666666666,0.1877975096220589,0.1877975096220589
8.458333333333332,0.18981181788099544,0.18981181788099544
8.5,0.1918353858759167,0.1918353858759167
8.541666666666666,0.19386824623047938,0.19386824623047938
8.583333333333332,0.19591019945298022,0.19591019945298022
8.625,0.19796121433296818,0.19796121433296818
8.666666666666666,0.20002112721001938,0.20002112721001938
8.708333333333332,0.20208978777043532,0.20208978777043532
8.75,0.2041670593396182,0.2041670593396182
8.791666666666666,0.2062527266801269,0.2062527266801269
8.833333333333332,0.20834664915116105,0.20834664915116105
8.875,0.21044857810278875,0.21044857810278875
8.916666666666666,0.21255834656698355,0.21255834656698355
8.958333333333332,0.2146757129204685,0.2146757129204685
9.0,0.21680045910224074,0.21680045910224074
9.041666666666666,0.2189325336124005,0.2189325336124005
9.083333333333332,0.22107200740376687,0.22107200740376687
9.125,0.2232191649781743,0.2232191649781743
9.166666666666666,0.2253741970710858,0.2253741970710858
9.208333333333332,0.22753727589488157,0.22753727589488157
9.25,0.22970853089551566,0.22970853089551566
9.291666666666666,0.23188807260552624,0.23188807260552624
9.333333333333332,0.23407589266880013,0.23407589266880013
9.375,0.23627212078942153,0.23627212078942153
9.416666666666666,0.2384767292231456,0.2384767292231456
9.458333333333332,0.24068968060288617,0.24068968060288617
9.5,0.2429110191337501,0.2429110191337501
9.541666666666666,0.24514055043882996,0.24514055043882996
9.583333333333332,0.24737829645337636,0.24737829645337636
9.625,0.24962409293068413,0.24962409293068413
9.666666666666666,0.2518778104225488,0.2518778104225488
9.708333333333332,0.2541393491954524,0.2541393491954524
9.75,0.25640847696290187,0.25640847696290187
9.791666666666666,0.25868508866491535,0.25868508866491535
9.833333333333332,0.26096895372247675,0.26096895372247675
9.875,0.2632598904198868,0.2632598904198868
9.916666666666666,0.2655577085511388,0.2655577085511388
9.958333333333332,0.26786215557749693,0.26786215557749693
10.0,0.2701730483528555,0.2701730483528555
10.041666666666666,0.27249031887215264,0.27249031887215264
10.083333333333332,0.2748140332954432,0.2748140332954432
10.125,0.27714448926123464,0.27714448926123464
10.166666666666666,0.27948187535070523,0.27948187535070523
10.208333333333332,0.2818263608073021,0.2818263608073021
10.25,0.2841780865634664,0.2841780865634664
10.291666666666666,0.28653713248611773,0.28653713248611773
10.333333333333332,0.2889036060572224,0.2889036060572224
10.375,0.2912775118153835,0.2912775118153835
10.416666666666666,0.29365889466875855,0.29365889466875855
10.458333333333332,0.296047712423859,0.296047712423859
10.5,0.29844390380250335,0.29844390380250335
10.541666666666666,0.3008473757056392,0.3008473757056392
10.583333333333332,0.30325809661114617,0.30325809661114617
10.625,0.3056760037981849,0.3056760037981849
10.666666666666666,0.3081008284892423,0.3081008284892423
10.708333333333332,0.3105325385114852,0.3105325385114852
10.75,0.3129710162611522,0.3129710162611522
10.791666666666666,0.31541606650926757,0.31541606650926757
10.833333333333332,0.31786746592932785,0.31786746592932785
10.875,0.32032505958446,0.32032505958446
10.916666666666666,0.32278864264893675,0.32278864264893675
10.958333333333332,0.32525799895757695,0.32525799895757695
11.0,0.3277328951546213,0.3277328951546213
11.041666666666666,0.33021322224810473,0.33021322224810473
11.083333333333332,0.33269910235158273,0.33269910235158273
11.125,0.3351908354166516,0.3351908354166516
11.166666666666666,0.3376886259807763,0.3376886259807763
11.208333333333332,0.3401926239752823,0.3401926239752823
11.25,0.3427029732090345,0.3427029732090345
11.291666666666666,0.3452197816988052,0.3452197816988052
11.333333333333332,0.34774310489052457,0.34774310489052457
11.375,0.3502730187635146,0.3502730187635146
11.416666666666666,0.3528095032203486,0.3528095032203486
11.458333333333332,0.3553525820749909,0.3553525820749909
11.5,0.35790218163964893,0.35790218163964893
11.541666666666666,0.3604582476276031,0.3604582476276031
11.583333333333332,0.36302063769586035,0.36302063769586035
11.625,0.3655893066995515,0.3655893066995515
11.666666666666666,0.36816418556423736,0.36816418556423736
11.708333333333332,0.37074502842066204,0.37074502842066204
11.75,0.3733317215989928,0.3733317215989928
11.791666666666666,0.37592415006431085,0.37592415006431085
11.833333333333332,0.37852215650011267,0.37852215650011267
11.875,0.381125465286637,0.381125465286637
11.916666666666666,0.3837339231815874,0.3837339231815874
11.958333333333332,0.38634731739352984,0.38634731739352984
12.0,0.388965428812931,0.388965428812931
12.041666666666666,0.3915881686079706,0.3915881686079706
12.083333333333332,0.3942156391323102,0.3942156391323102
12.125,0.39684813422301696,0.39684813422301696
12.166666666666666,0.3994858696242869,0.3994858696242869
12.208333333333332,0.4021289855593072,0.4021289855593072
12.25,0.4047776357969735,0.4047776357969735
12.291666666666666,0.407431924298952,0.407431924298952
12.333333333333332,0.4100919159096449,0.4100919159096449
12.375,0.4127576656768234,0.4127576656768234
12.416666666666666,0.41542919910838766,0.41542919910838766
12.458333333333332,0.41810648770700043,0.41810648770700043
12.5,0.42078953020804505,0.42078953020804505
12.541666666666666,0.4234782238597741,0.4234782238597741
12.583333333333332,0.4261725221282309,0.4261725221282309
12.625,0.42887223804840197,0.42887223804840197
12.666666666666666,0.4315773151616192,0.4315773151616192
12.708333333333332,0.4342876617550636,0.4342876617550636
12.75,0.4370030874459654,0.4370030874459654
12.791666666666666,0.4397233816777633,0.4397233816777633
12.833333333333332,0.4424484393236118,0.4424484393236118
12.875,0.4451780984392761,0.4451780984392761
12.916666666666666,0.4479121148790619,0.4479121148790619
12.958333333333332,0.4506502790617111,0.4506502790617111
13.0,0.45339238753823435,0.45339238753823435
13.041666666666666,0.45613838325017186,0.45613838325017186
13.083333333333332,0.458888342398932,0.458888342398932
13.125,0.4616425721785628,0.4616425721785628
13.166666666666666,0.4644012716487769,0.4644012716487769
13.208333333333332,0.4671646020518375,0.4671646020518375
13.25,0.4699327036837156,0.4699327036837156
13.291666666666666,0.4727056831550333,0.4727056831550333
13.333333333333332,0.4754836347481515,0.4754836347481515
13.375,0.4782665499853077,0.4782665499853077
13.416666666666666,0.4810545213274284,0.4810545213274284
13.458333333333332,0.483847496427956,0.483847496427956
13.5,0.48664546081859833,0.48664546081859833
13.541666666666666,0.48944838036446403,0.48944838036446403
13.583333333333332,0.49225612695595944,0.49225612695595944
13.625,0.49506866120325793,0.49506866120325793
13.666666666666666,0.49788575616182745,0.49788575616182745
13.708333333333332,0.500707345909815,0.500707345909815
13.75,0.5035333190415784,0.5035333190415784
13.791666666666666,0.5063635200916174,0.5063635200916174
13.833333333333332,0.5091976746212115,0.5091976746212115
13.875,0.5120356786375508,0.5120356786375508
13.916666666666666,0.5148773555773603,0.5148773555773603
13.958333333333332,0.5177224958192137,0.5177224958192137
14.0,0.5205708454348605,0.5205708454348605
14.041666666666666,0.5234223892634698,0.5234223892634698
14.083333333333332,0.5262771877242396,0.5262771877242396
14.125,0.5291355618211298,0.5291355618211298
14.166666666666666,0.5319977014115037,0.5319977014115037
14.208333333333332,0.5348637896522059,0.5348637896522059
14.25,0.5377339278799611,0.5377339278799611
14.291666666666666,0.5406082547507048,0.5406082547507048
14.333333333333332,0.5434868371178766,0.5434868371178766
14.375,0.5463697534870993,0.5463697534870993
14.416666666666666,0.5492570101892502,0.5492570101892502
14.458333333333332,0.55214856553901,0.55214856553901
14.5,0.5550443978283274,0.5550443978283274
14.541666666666666,0.5579445363548807,0.5579445363548807
14.583333333333332,0.5608487549554837,0.5608487549554837
14.625,0.5637570830489255,0.5637570830489255
14.666666666666666,0.5666694185958657,0.5666694185958657
14.708333333333332,0.5695855282448078,0.5695855282448078
14.75,0.5725053696341023,0.5725053696341023
14.791666666666666,0.5754287415075915,0.5754287415075915
14.833333333333332,0.5783554454635538,0.5783554454635538
14.875,0.5812853638074346,0.5812853638074346
14.916666666666666,0.5842182258223995,0.5842182258223995
14.958333333333332,0.58715386793967,0.58715386793967
15.0,0.5900920968925328,0.5900920968925328
15.041666666666666,0.5930328587079825,0.5930328587079825
15.083333333333332,0.595976223131013,0.595976223131013
15.125,0.5989225252313354,0.5989225252313354
15.166666666666666,0.6018719554043643,0.6018719554043643
15.208333333333332,0.6048246897791276,0.6048246897791276
15.25,0.607780827893697,0.607780827893697
15.291666666666666,0.6107405064880953,0.6107405064880953
15.333333333333332,0.6137038066015983,0.6137038066015983
15.375,0.616670787553586,0.616670787553586
15.416666666666666,0.6196414783501399,0.6196414783501399
15.458333333333332,0.6226158884174895,0.6226158884174895
15.5,0.625593897229303,0.625593897229303
15.541666666666666,0.6285755322936125,0.6285755322936125
15.583333333333332,0.6315607633655518,0.6315607633655518
15.625,0.6345493624089745,0.6345493624089745
15.666666666666666,0.6375413448162751,0.6375413448162751
15.708333333333332,0.6405365788010813,0.6405365788010813
15.75,0.643534829252556,0.643534829252556
15.791666666666666,0.6465360398712359,0.6465360398712359
15.833333333333332,0.6495400003912379,0.6495400003912379
15.875,0.6525464979973082,0.6525464979973082
15.916666666666666,0.6555554065126719,0.6555554065126719
15.958333333333332,0.6585664652075324,0.6585664652075324
16.0,0.6615794803875932,0.6615794803875932
16.041666666666664,0.6645944573282191,0.6645944573282191
16.083333333333332,0.6676114439649181,0.6676114439649181
16.125,0.6706307901999288,0.6706307901999288
16.166666666666664,0.6736526616389391,0.6736526616389391
16.208333333333332,0.6766772309393543,0.6766772309393543
16.25,0.6797046387853461,0.6797046387853461
16.291666666666664,0.6827349799405494,0.6827349799405494
16.333333333333332,0.6857683622465073,0.6857683622465073
16.375,0.6888048198603192,0.6888048198603192
16.416666666666664,0.6918444238779832,0.6918444238779832
16.458333333333332,0.6948871308095701,0.6948871308095701
16.5,0.6979329500665054,0.6979329500665054
16.541666666666664,0.7009817394839152,0.7009817394839152
16.583333333333332,0.7040335273469303,0.7040335273469303
16.625,0.7070882250449088,0.7070882250449088
16.666666666666664,0.7101456240350913,0.7101456240350913
16.708333333333332,0.7132057204315082,0.7132057204315082
16.75,0.7162683263860539,0.7162683263860539
16.791666666666664,0.7193331929028162,0.7193331929028162
16.833333333333332,0.7224002503426821,0.7224002503426821
16.875,0.725469361452771,0.725469361452771
16.916666666666664,0.7285403607855598,0.7285403607855598
16.958333333333332,0.731612891698574,0.731612891698574
17.0,0.7346868548660339,0.7346868548660339
17.041666666666664,0.737762290532006,0.737762290532006
17.083333333333332,0.7408391991824061,0.7408391991824061
17.125,0.7439179211458438,0.7439179211458438
17.166666666666664,0.746998619394761,0.746998619394761
17.208333333333332,0.7500814666531656,0.7500814666531656
17.25,0.7531666300359278,0.7531666300359278
17.291666666666664,0.7562541688400286,0.7562541688400286
17.333333333333332,0.7593442011372741,0.7593442011372741
17.375,0.7624367840811295,0.7624367840811295
17.416666666666664,0.7655319443954947,0.7655319443954947
17.458333333333332,0.7686297079923886,0.7686297079923886
17.5,0.7717300303919541,0.7717300303919541
17.541666666666664,0.774832854479317,0.774832854479317
17.583333333333332,0.7779380712092308,0.7779380712092308
17.625,0.7810456900158288,0.7810456900158288
17.666666666666664,0.7841555491751001,0.7841555491751001
17.708333333333332,0.7872674890591689,0.7872674890591689
17.75,0.7903814775888471,0.7903814775888471
17.791666666666664,0.7934972676051534,0.7934972676051534
17.833333333333332,0.7966146479852642,0.7966146479852642
17.875,0.7997335279951208,0.7997335279951208
17.916666666666664,0.8028537619903583,0.8028537619903583
17.958333333333332,0.8059751958357464,0.8059751958357464
18.0,0.8090974254045655,0.8090974254045655
18.041666666666664,0.8122206556593241,0.8122206556593241
18.083333333333332,0.8153448704045522,0.8153448704045522
18.125,0.8184703971324164,0.8184703971324164
18.166666666666664,0.8215973999444641,0.8215973999444641
18.208333333333332,0.8247260565039201,0.8247260565039201
18.25,0.827856544057404,0.827856544057404
18.291666666666664,0.8309889068767463,0.8309889068767463
18.333333333333332,0.8341232603237844,0.8341232603237844
18.375,0.8372596810551693,0.8372596810551693
18.416666666666664,0.8403981642109417,0.8403981642109417
18.458333333333332,0.8435387788030911,0.8435387788030911
18.5,0.8466814477884321,0.8466814477884321
18.541666666666664,0.8498261810232828,0.8498261810232828
18.583333333333332,0.8529728681764243,0.8529728681764243
18.625,0.8561214534111267,0.8561214534111267
18.666666666666664,0.8592718060941748,0.8592718060941748
18.708333333333332,0.8624238173492828,0.8624238173492828
18.75,0.8655773151380104,0.8655773151380104
18.791666666666664,0.8687321367410498,0.8687321367410498
18.833333333333332,0.8718881558692495,0.8718881558692495
18.875,0.8750452348204008,0.8750452348204008
18.916666666666664,0.8782031082827911,0.8782031082827911
18.958333333333332,0.8813616035673794,0.8813616035673794
19.0,0.8845205586189647,0.8845205586189647
19.041666666666664,0.8876799511257616,0.8876799511257616
19.083333333333332,0.8908398879425026,0.8908398879425026
19.125,0.8940006542829545,0.8940006542829545
19.166666666666664,0.8971624476950211,0.8971624476950211
19.208333333333332,0.9003254576971369,0.9003254576971369
19.25,0.9034898558639259,0.9034898558639259
19.291666666666664,0.9066556914759011,0.9066556914759011
19.333333333333332,0.9098230835233352,0.9098230835233352
19.375,0.912992083090286,0.912992083090286
19.416666666666664,0.9161627156664376,0.9161627156664376
19.458333333333332,0.9193350236681406,0.9193350236681406
19.5,0.9225089484760467,0.9225089484760467
19.541666666666664,0.9256844735975145,0.9256844735975145
19.583333333333332,0.928861423991672,0.928861423991672
19.625,0.9320398321483201,0.9320398321483201
19.666666666666664,0.9352196710359435,0.9352196710359435
19.708333333333332,0.9384005810248242,0.9384005810248242
19.75,0.9415825971697788,0.9415825971697788
19.791666666666664,0.9447656340352861,0.9447656340352861
19.833333333333332,0.9479494177719271,0.9479494177719271
19.875,0.9511337598754371,0.9511337598754371
19.916666666666664,0.9543185726148815,0.9543185726148815
19.958333333333332,0.957503645998053,0.957503645998053
20.0,0.9606886752341306,0.9606886752341306
20.041666666666664,0.9638737490604595,0.9638737490604595
20.083333333333332,0.9670589579923202,0.9670589579923202
20.125,0.9702445838197404,0.9702445838197404
20.166666666666664,0.9734308200118593,0.9734308200118593
20.208333333333332,0.9766178494670066,0.9766178494670066
20.25,0.9798058620183363,0.9798058620183363
20.291666666666664,0.9829948992790432,0.9829948992790432
20.333333333333332,0.9861850702265944,0.9861850702265944
20.375,0.9893764393814387,0.9893764393814387
20.416666666666664,0.9925690235671153,0.9925690235671153
20.458333333333332,0.9957628619060147,0.9957628619060147
20.5,0.9989579276993307,0.9989579276993307
20.541666666666664,1.0021541821679616,1.0021541821679616
20.583333333333332,1.0053515326017135,1.0053515326017135
20.625,1.0085498453464101,1.0085498453464101
20.666666666666664,1.0117491305548314,1.0117491305548314
20.708333333333332,1.0149493066524942,1.0149493066524942
20.75,1.0181500322796906,1.0181500322796906
20.791666666666664,1.0213513332149915,1.0213513332149915
20.833333333333332,1.0245531082318657,1.0245531082318657
20.875,1.0277550342727944,1.0277550342727944
20.916666666666664,1.0309569664060607,1.0309569664060607
20.958333333333332,1.034158789764984,1.034158789764984
21.0,1.037360278543775,1.037360278543775
21.041666666666664,1.040561349470826,1.040561349470826
21.083333333333332,1.0437621911100678,1.0437621911100678
21.125,1.0469630774795327,1.0469630774795327
21.166666666666664,1.0501641943662847,1.0501641943662847
21.208333333333332,1.053365722885139,1.053365722885139
21.25,1.0565678393114675,1.0565678393114675
21.291666666666664,1.0597706383844236,1.0597706383844236
21.333333333333332,1.0629741728593276,1.0629741728593276
21.375,1.0661785310260987,1.0661785310260987
21.416666666666664,1.0693837482407107,1.0693837482407107
21.458333333333332,1.0725898108772316,1.0725898108772316
21.5,1.0757967700461104,1.0757967700461104
21.541666666666664,1.0790045063031022,1.0790045063031022
21.583333333333332,1.0822130399083292,1.0822130399083292
21.625,1.0854221689207009,1.0854221689207009
21.666666666666664,1.0886318344938033,1.0886318344938033
21.708333333333332,1.0918420108250046,1.0918420108250046
21.75,1.0950525489202434,1.0950525489202434
21.791666666666664,1.0982631559680924,1.0982631559680924
21.833333333333332,1.1014738303037452,1.1014738303037452
21.875,1.1046844593558975,1.1046844593558975
21.916666666666664,1.1078946679126591,1.1078946679126591
21.958333333333332,1.1111043635642113,1.1111043635642113
22.0,1.114313401249233,1.114313401249233
22.041666666666664,1.1175216849974194,1.1175216849974194
22.083333333333332,1.120729412924419,1.120729412924419
22.125,1.1239368445233588,1.1239368445233588
22.166666666666664,1.1271441604144428,1.1271441604144428
22.208333333333332,1.1303515419161725,1.1303515419161725
22.25,1.1335591542115455,1.1335591542115455
22.291666666666664,1.1367671334225096,1.1367671334225096
22.333333333333332,1.1399754989214705,1.1399754989214705
22.375,1.1431843429912347,1.1431843429912347
22.416666666666664,1.1463937090284357,1.1463937090284357
22.458333333333332,1.1496035817073702,1.1496035817073702
22.5,1.1528139777536748,1.1528139777536748
22.541666666666664,1.1560248794758872,1.1560248794758872
22.583333333333332,1.159236177831058,1.159236177831058
22.625,1.1624478754658738,1.1624478754658738
22.666666666666664,1.1656597774746231,1.1656597774746231
22.708333333333332,1.168871846276581,1.168871846276581
22.75,1.17208391515578,1.17208391515578
22.791666666666664,1.1752958350723952,1.1752958350723952
22.833333333333332,1.1785074628790133,1.1785074628790133
22.875,1.1817185531041807,1.1817185531041807
22.916666666666664,1.1849289762416018,1.1849289762416018
22.958333333333332,1.1881385699958424,1.1881385699958424
23.0,1.1913471747365236,1.1913471747365236
23.041666666666664,1.1945546411843149,1.1945546411843149
23.083333333333332,1.197761260606457,1.197761260606457
23.125,1.2009672765594746,1.2009672765594746
23.166666666666664,1.2041728657984165,1.2041728657984165
23.208333333333332,1.2073782104876651,1.2073782104876651
23.25,1.210583470059586,1.210583470059586
23.291666666666664,1.2137888034983264,1.2137888034983264
23.333333333333332,1.216994224289318,1.216994224289318
23.375,1.220199799237151,1.220199799237151
23.416666666666664,1.2234055836285653,1.2234055836285653
23.458333333333332,1.2266115991507989,1.2266115991507989
23.5,1.2298177914667363,1.2298177914667363
23.541666666666664,1.2330242072639706,1.2330242072639706
23.583333333333332,1.2362307222462574,1.2362307222462574
23.625,1.2394372917132483,1.2394372917132483
23.666666666666664,1.2426438510329854,1.2426438510329854
23.708333333333332,1.2458502105074332,1.2458502105074332
23.75,1.2490563227078957,1.2490563227078957
23.791666666666664,1.2522619756442297,1.2522619756442297
23.833333333333332,1.2554670428319532,1.2554670428319532
23.875,1.2586713558421811,1.2586713558421811
23.916666666666664,1.2618746658446713,1.2618746658446713
23.958333333333332,1.2650768350646027,1.2650768350646027
24.0,1.2682776918317924,1.2682776918317924
24.041666666666664,1.2714771518327295,1.2714771518327295
24.083333333333332,1.2746755015620745,1.2746755015620745
24.125,1.2778729673335247,1.2778729673335247
24.166666666666664,1.2810697238943258,1.2810697238943258
24.208333333333332,1.2842659550580784,1.2842659550580784
24.25,1.2874618233753226,1.2874618233753226
24.291666666666664,1.290657480206652,1.290657480206652
24.333333333333332,1.293852961976578,1.293852961976578
24.375,1.2970483077519221,1.2970483077519221
24.416666666666664,1.3002435773467214,1.3002435773467214
24.458333333333332,1.3034388070967564,1.3034388070967564
24.5,1.306633941802991,1.306633941802991
24.541666666666664,1.3098289813113122,1.3098289813113122
24.583333333333332,1.313023919452555,1.313023919452555
24.625,1.3162185766383812,1.3162185766383812
24.666666666666664,1.3194129610596799,1.3194129610596799
24.708333333333332,1.322606921543196,1.322606921543196
24.75,1.325800305024936,1.325800305024936
24.791666666666664,1.3289930403337435,1.3289930403337435
24.833333333333332,1.3321848728132988,1.3321848728132988
24.875,1.3353757035804925,1.3353757035804925
24.916666666666664,1.3385653352510973,1.3385653352510973
24.958333333333332,1.3417535202568325,1.3417535202568325
25.0,1.344940112118445,1.344940112118445
25.041666666666664,1.3481250341084965,1.3481250341084965
25.083333333333332,1.351308609783019,1.351308609783019
25.125,1.35449104742753,1.35449104742753
25.166666666666664,1.3576725217012404,1.3576725217012404
25.208333333333332,1.3608532228371653,1.3608532228371653
25.25,1.3640333204195958,1.3640333204195958
25.291666666666664,1.3672129153464931,1.3672129153464931
25.333333333333332,1.3703921132237658,1.3703921132237658
25.375,1.373570923224862,1.373570923224862
25.416666666666664,1.3767493956022852,1.3767493956022852
25.458333333333332,1.3799275630931662,1.3799275630931662
25.5,1.3831054290375349,1.3831054290375349
25.541666666666664,1.386282901299938,1.386282901299938
25.583333333333332,1.3894600211769241,1.3894600211769241
25.625,1.3926366717605874,1.3926366717605874
25.666666666666664,1.3958127349473959,1.3958127349473959
25.708333333333332,1.398988193793638,1.398988193793638
25.75,1.4021628053230386,1.4021628053230386
25.791666666666664,1.4053364940434117,1.4053364940434117
25.833333333333332,1.4085091319713512,1.4085091319713512
25.875,1.4116804661298104,1.4116804661298104
25.916666666666664,1.4148503901746778,1.4148503901746778
25.958333333333332,1.4180186860954298,1.4180186860954298
26.0,1.4211851133366662,1.4211851133366662
26.041666666666664,1.4243496032544023,1.4243496032544023
26.083333333333332,1.4275125360680463,1.4275125360680463
26.125,1.4306741017181894,1.4306741017181894
26.166666666666664,1.4338344767419313,1.4338344767419313
26.208333333333332,1.4369938760693783,1.4369938760693783
26.25,1.4401524127283678,1.4401524127283678
26.291666666666664,1.443310213195187,1.443310213195187
26.333333333333332,1.446467408488643,1.446467408488643
26.375,1.4496239968193887,1.4496239968193887
26.416666666666664,1.4527800105944162,1.4527800105944162
26.458333333333332,1.455935482108208,1.455935482108208
26.5,1.4590904427646614,1.4590904427646614
26.541666666666664,1.4622447875885562,1.4622447875885562
26.583333333333332,1.4653985138498353,1.4653985138498353
26.625,1.4685516229856648,1.4685516229856648
26.666666666666664,1.471703868237884,1.471703868237884
26.708333333333332,1.4748552598009723,1.4748552598009723
26.75,1.47800569290958,1.47800569290958
26.791666666666664,1.4811549119073733,1.4811549119073733
26.833333333333332,1.4843028615809655,1.4843028615809655
26.875,1.4874493637129276,1.4874493637129276
26.916666666666664,1.490594183197125,1.490594183197125
26.958333333333332,1.4937372014785963,1.4937372014785963
27.0,1.496878176518372,1.496878176518372
27.041666666666664,1.5000169378845933,1.5000169378845933
27.083333333333332,1.5031539545076054,1.5031539545076054
27.125,1.5062893980752368,1.5062893980752368
27.166666666666664,1.5094234572791343,1.5094234572791343
27.208333333333332,1.5125563404171762,1.5125563404171762
27.25,1.515688139070767,1.515688139070767
27.291666666666664,1.5188189975518163,1.5188189975518163
27.333333333333332,1.5219490565564258,1.5219490565564258
27.375,1.5250783121706983,1.5250783121706983
27.416666666666664,1.5282067908799795,1.5282067908799795
27.458333333333332,1.5313345105208045,1.5313345105208045
27.5,1.5344615013036134,1.5344615013036134
27.541666666666664,1.5375877337923174,1.5375877337923174
27.583333333333332,1.540713089271978,1.540713089271978
27.625,1.543837603996797,1.543837603996797
27.666666666666664,1.5469611628334696,1.5469611628334696
27.708333333333332,1.5500835846724699,1.5500835846724699
27.75,1.553204856697755,1.553204856697755
27.791666666666664,1.5563247924056398,1.5563247924056398
27.833333333333332,1.559443196282829,1.559443196282829
27.875,1.5625599887669297,1.5625599887669297
27.916666666666664,1.565674939063232,1.565674939063232
27.958333333333332,1.568787851193874,1.568787851193874
28.0,1.5718985873137619,1.5718985873137619
28.041666666666664,1.5750068800738424,1.5750068800738424
28.083333333333332,1.5781132615100384,1.5781132615100384
28.125,1.58121788549898,1.58121788549898
28.166666666666664,1.5843209673288718,1.5843209673288718
28.208333333333332,1.5874226645886833,1.5874226645886833
28.25,1.5905230954013168,1.5905230954013168
28.291666666666664,1.5936224158834347,1.5936224158834347
28.333333333333332,1.596720740713168,1.596720740713168
28.375,1.599818094430302,1.599818094430302
28.416666666666664,1.6029144962863369,1.6029144962863369
28.458333333333332,1.606009946248374,1.606009946248374
28.5,1.60910447163814,1.60910447163814
28.541666666666664,1.6121980944866472,1.6121980944866472
28.583333333333332,1.6152906407758068,1.6152906407758068
28.625,1.6183821341682738,1.6183821341682738
28.666666666666664,1.6214725585665422,1.6214725585665422
28.708333333333332,1.62456164142108,1.62456164142108
28.75,1.627649362754692,1.627649362754692
28.791666666666664,1.6307356498844976,1.6307356498844976
28.833333333333332,1.6338202002998345,1.6338202002998345
28.875,1.6369029365908323,1.6369029365908323
28.916666666666664,1.6399837327156006,1.6399837327156006
28.958333333333332,1.6430622897030376,1.6430622897030376
29.0,1.6461384782949877,1.6461384782949877
29.041666666666664,1.6492120754296247,1.6492120754296247
29.083333333333332,1.652283613901278,1.652283613901278
29.125,1.6553532305101788,1.6553532305101788
29.166666666666664,1.6584211654716456,1.6584211654716456
29.208333333333332,1.661487529650202,1.661487529650202
29.25,1.6645524676187378,1.6645524676187378
29.291666666666664,1.6676161573339063,1.6676161573339063
29.333333333333332,1.6706786502533126,1.6706786502533126
29.375,1.6737400330899788,1.6737400330899788
29.416666666666664,1.6768003057790717,1.6768003057790717
29.458333333333332,1.6798594697075628,1.6798594697075628
29.5,1.6829175278980772,1.6829175278980772
29.541666666666664,1.6859745060203148,1.6859745060203148
29.583333333333332,1.6890303232957673,1.6890303232957673
29.625,1.692084860210652,1.692084860210652
29.666666666666664,1.695138142934669,1.695138142934669
29.708333333333332,1.6981900458805963,1.6981900458805963
29.75,1.7012403434106107,1.7012403434106107
29.791666666666664,1.7042890247123588,1.7042890247123588
29.833333333333332,1.7073359379075477,1.7073359379075477
29.875,1.7103808028011591,1.7103808028011591
29.916666666666664,1.7134235534092814,1.7134235534092814
29.958333333333332,1.7164640168309673,1.7164640168309673
30.0,1.7195018984148402,1.7195018984148402
30.041666666666664,1.7225370405043223,1.7225370405043223
30.083333333333332,1.725569994568279,1.725569994568279
30.125,1.7286008813099745,1.7286008813099745
30.166666666666664,1.7316299639807229,1.7316299639807229
30.208333333333332,1.7346573110255417,1.7346573110255417
30.25,1.7376830954341629,1.7376830954341629
30.291666666666664,1.7407075003667296,1.7407075003667296
30.333333333333332,1.7437305411644686,1.7437305411644686
30.375,1.7467523426120863,1.7467523426120863
30.416666666666664,1.7497728937949517,1.7497728937949517
30.458333333333332,1.752792204912508,1.752792204912508
30.5,1.7558102473910804,1.7558102473910804
30.541666666666664,1.7588270530328647,1.7588270530328647
30.583333333333332,1.7618426163110048,1.7618426163110048
30.625,1.7648567092336611,1.7648567092336611
30.666666666666664,1.7678693855461163,1.7678693855461163
30.708333333333332,1.7708806063047218,1.7708806063047218
30.75,1.7738900654190553,1.7738900654190553
30.791666666666664,1.7768977337300285,1.7768977337300285
30.833333333333332,1.7799035296716643,1.7799035296716643
30.875,1.7829071843648137,1.7829071843648137
30.916666666666664,1.7859085353481956,1.7859085353481956
30.958333333333332,1.7889074737383943,1.7889074737383943
31.0,1.791903764568117,1.791903764568117
31.041666666666664,1.794897131168802,1.794897131168802
31.083333333333332,1.7978881992639137,1.7978881992639137
31.125,1.8008770738785955,1.8008770738785955
31.166666666666664,1.8038640271201587,1.8038640271201587
31.208333333333332,1.8068491064536074,1.8068491064536074
31.25,1.8098325271992386,1.8098325271992386
31.291666666666664,1.8128144055589783,1.8128144055589783
31.333333333333332,1.8157948015767131,1.8157948015767131
31.375,1.8187738391478454,1.8187738391478454
31.416666666666664,1.82175150315738,1.82175150315738
31.458333333333332,1.8247278150701938,1.8247278150701938
31.5,1.8277027177813023,1.8277027177813023
31.541666666666664,1.8306762441506133,1.8306762441506133
31.583333333333332,1.8336484021094301,1.8336484021094301
31.625,1.8366190269167906,1.8366190269167906
31.666666666666664,1.839588047043516,1.839588047043516
31.708333333333332,1.8425554641674016,1.8425554641674016
31.75,1.845521121620631,1.845521121620631
31.791666666666664,1.8484847791977193,1.8484847791977193
31.833333333333332,1.8514464216707152,1.8514464216707152
31.875,1.8544059110852227,1.8544059110852227
31.916666666666664,1.8573629128196614,1.8573629128196614
31.958333333333332,1.8603173678180893,1.8603173678180893
32.0,1.863269122663059,1.863269122663059
32.041666666666664,1.8662178010918686,1.8662178010918686
32.08333333333333,1.8691640861604772,1.8691640861604772
32.125,1.8721080742851983,1.8721080742851983
32.166666666666664,1.8750500231385787,1.8750500231385787
32.20833333333333,1.8779899862391884,1.8779899862391884
32.25,1.8809282064164,1.8809282064164
32.291666666666664,1.883864743152292,1.883864743152292
32.33333333333333,1.886799697965436,1.886799697965436
32.375,1.8897331857135866,1.8897331857135866
32.416666666666664,1.8926651920713435,1.8926651920713435
32.45833333333333,1.8955957368068823,1.8955957368068823
32.5,1.8985247800339107,1.8985247800339107
32.541666666666664,1.9014523100039857,1.9014523100039857
32.58333333333333,1.904378347282375,1.904378347282375
32.625,1.907302819287389,1.907302819287389
32.666666666666664,1.9102255174852167,1.9102255174852167
32.70833333333333,1.9131464847182729,1.9131464847182729
32.75,1.9160656706179686,1.9160656706179686
32.791666666666664,1.9189827004884064,1.9189827004884064
32.83333333333333,1.9218975907309317,1.9218975907309317
32.875,1.9248102337599218,1.9248102337599218
32.916666666666664,1.9277203649577226,1.9277203649577226
32.95833333333333,1.9306277812661645,1.9306277812661645
33.0,1.9335323782378484,1.9335323782378484
33.041666666666664,1.936433834749452,1.936433834749452
33.08333333333333,1.9393328163155819,1.9393328163155819
33.125,1.9422294116678869,1.9422294116678869
33.166666666666664,1.945123864289804,1.945123864289804
33.20833333333333,1.9480162355688637,1.9480162355688637
33.25,1.950906789955727,1.950906789955727
33.291666666666664,1.953795539901321,1.953795539901321
33.33333333333333,1.9566826392444954,1.9566826392444954
33.375,1.9595681435053536,1.9595681435053536
33.416666666666664,1.962452087627012,1.962452087627012
33.45833333333333,1.9653344747934147,1.9653344747934147
33.5,1.9682152861362117,1.9682152861362117
33.541666666666664,1.9710944630867295,1.9710944630867295
33.58333333333333,1.9739720393697393,1.9739720393697393
33.625,1.9768480127320036,1.9768480127320036
33.666666666666664,1.9797220822283124,1.9797220822283124
33.70833333333333,1.9825943066665535,1.9825943066665535
33.75,1.985464634401521,1.985464634401521
33.791666666666664,1.9883328457018135,1.9883328457018135
33.83333333333333,1.9911987334103112,1.9911987334103112
33.875,1.9940622641805963,1.9940622641805963
33.916666666666664,1.9969232928827634,1.9969232928827634
33.95833333333333,1.9997814594855545,1.9997814594855545
34.0,2.002636705757634,2.002636705757634
34.041666666666664,2.0054887447814194,2.0054887447814194
34.08333333333333,2.008338239732024,2.008338239732024
34.125,2.0111852725540325,2.0111852725540325
34.166666666666664,2.014030072946483,2.014030072946483
34.20833333333333,2.0168727116994885,2.0168727116994885
34.25,2.019713469387119,2.019713469387119
34.291666666666664,2.0225523204063642,2.0225523204063642
34.33333333333333,2.0253894611361853,2.0253894611361853
34.375,2.028224899831728,2.028224899831728
34.416666666666664,2.031058707843274,2.031058707843274
34.45833333333333,2.0338908769085045,2.0338908769085045
34.5,2.036721410847263,2.036721410847263
34.541666666666664,2.039550205119661,2.039550205119661
34.58333333333333,2.04237730593244,2.04237730593244
34.625,2.0452027073032584,2.0452027073032584
34.666666666666664,2.0480262184999543,2.0480262184999543
34.70833333333333,2.0508477290155875,2.0508477290155875
34.75,2.0536672441230763,2.0536672441230763
34.791666666666664,2.056484660739562,2.056484660739562
34.83333333333333,2.059299613856157,2.059299613856157
34.875,2.0621121171850914,2.0621121171850914
34.916666666666664,2.0649220516706626,2.0649220516706626
34.95833333333333,2.0677291252204553,2.0677291252204553
35.0,2.070533141460543,2.070533141460543
35.041666666666664,2.073333884877914,2.073333884877914
35.08333333333333,2.076132026519858,2.076132026519858
35.125,2.07892764240124,2.07892764240124
35.166666666666664,2.0817209489872273,2.0817209489872273
35.20833333333333,2.0845120490333238,2.0845120490333238
35.25,2.0873011702704236,2.0873011702704236
35.291666666666664,2.0900883211720718,2.0900883211720718
35.33333333333333,2.0928737094640995,2.0928737094640995
35.375,2.0956573094579394,2.0956573094579394
35.416666666666664,2.098439215623346,2.098439215623346
35.45833333333333,2.1012194131840847,2.1012194131840847
35.5,2.103997917378463,2.103997917378463
35.541666666666664,2.106774614870051,2.106774614870051
35.58333333333333,2.1095495286484063,2.1095495286484063
35.625,2.1123226606665697,2.1123226606665697
35.666666666666664,2.1150939118744425,2.1150939118744425
35.70833333333333,2.11786303614601,2.11786303614601
35.75,2.120630081500622,2.120630081500622
35.791666666666664,2.1233949834470454,2.1233949834470454
35.83333333333333,2.1261574118354574,2.1261574118354574
35.875,2.128917266214722,2.128917266214722
35.916666666666664,2.1316744699503056,2.1316744699503056
35.95833333333333,2.13442884609227,2.13442884609227
36.0,2.137180043591155,2.137180043591155
36.041666666666664,2.139927906640083,2.139927906640083
36.08333333333333,2.142673120614288,2.142673120614288
36.125,2.145415756409373,2.145415756409373
36.166666666666664,2.1481560179255736,2.1481560179255736
36.20833333333333,2.150894039263091,2.150894039263091
36.25,2.1536299955804514,2.1536299955804514
36.291666666666664,2.1563639320022405,2.1563639320022405
36.33333333333333,2.1590960604923257,2.1590960604923257
36.375,2.1618263324568985,2.1618263324568985
36.416666666666664,2.164554855100882,2.164554855100882
36.45833333333333,2.1672816108195487,2.1672816108195487
36.5,2.170006613512953,2.170006613512953
36.541666666666664,2.1727297808260673,2.1727297808260673
36.58333333333333,2.1754510750895237,2.1754510750895237
36.625,2.178170518270138,2.178170518270138
36.666666666666664,2.1808880864664424,2.1808880864664424
36.70833333333333,2.1836034274601968,2.1836034274601968
36.75,2.186316619829138,2.186316619829138
36.791666666666664,2.1890275950729934,2.1890275950729934
36.83333333333333,2.19173615125561,2.19173615125561
36.875,2.1944420057337495,2.1944420057337495
36.916666666666664,2.1971451418879973,2.1971451418879973
36.95833333333333,2.1998454326117,2.1998454326117
37.0,2.2025425207448674,2.2025425207448674
37.041666666666664,2.2052361882614733,2.2052361882614733
37.08333333333333,2.2079271688573128,2.2079271688573128
37.125,2.2106155290685447,2.2106155290685447
37.166666666666664,2.2133014609874344,2.2133014609874344
37.20833333333333,2.2159851278842897,2.2159851278842897
37.25,2.218666657033716,2.218666657033716
37.291666666666664,2.2213461461757853,2.2213461461757853
37.33333333333333,2.2240237524808495,2.2240237524808495
37.375,2.2266994678260668,2.2266994678260668
37.416666666666664,2.2293733861170737,2.2293733861170737
37.45833333333333,2.23204548956519,2.23204548956519
37.5,2.2347157908116992,2.2347157908116992
37.541666666666664,2.237384238402985,2.237384238402985
37.58333333333333,2.2400507369393083,2.2400507369393083
37.625,2.242715326935503,2.242715326935503
37.666666666666664,2.2453779926701727,2.2453779926701727
37.70833333333333,2.2480384586659183,2.2480384586659183
37.75,2.2506966663719052,2.2506966663719052
37.791666666666664,2.25335259605436,2.25335259605436
37.83333333333333,2.2560061447800877,2.2560061447800877
37.875,2.258656896978904,2.258656896978904
37.916666666666664,2.2613048758891208,2.2613048758891208
37.95833333333333,2.2639499508971337,2.2639499508971337
38.0,2.266591881237519,2.266591881237519
38.041666666666664,2.2692302852634922,2.2692302852634922
38.08333333333333,2.2718659731090107,2.2718659731090107
38.125,2.274499007657891,2.274499007657891
38.166666666666664,2.2771295700108483,2.2771295700108483
38.20833333333333,2.2797578504396774,2.2797578504396774
38.25,2.282383932828688,2.282383932828688
38.291666666666664,2.285007964145282,2.285007964145282
38.33333333333333,2.2876300463161763,2.2876300463161763
38.375,2.290250220144032,2.290250220144032
38.416666666666664,2.2928685477568003,2.2928685477568003
38.45833333333333,2.295485026728887,2.295485026728887
38.5,2.298099663933843,2.298099663933843
38.541666666666664,2.3007124378080115,2.3007124378080115
38.58333333333333,2.303323199329536,2.303323199329536
38.625,2.305932005672172,2.305932005672172
38.666666666666664,2.3085388383028627,2.3085388383028627
38.70833333333333,2.311143515422838,2.311143515422838
38.75,2.3137458374614157,2.3137458374614157
38.791666666666664,2.3163458321886177,2.3163458321886177
38.83333333333333,2.3189434239864597,2.3189434239864597
38.875,2.321538247384668,2.321538247384668
38.916666666666664,2.3241302061218265,2.3241302061218265
38.95833333333333,2.3267192142313036,2.3267192142313036
39.0,2.3293051169373826,2.3293051169373826
39.041666666666664,2.3318874155860896,2.3318874155860896
39.08333333333333,2.3344669771755595,2.3344669771755595
39.125,2.337043860715321,2.337043860715321
39.166666666666664,2.3396182374567847,2.3396182374567847
39.20833333333333,2.342190322547954,2.342190322547954
39.25,2.3447601607332413,2.3447601607332413
39.291666666666664,2.347327942378428,2.347327942378428
39.33333333333333,2.3498937216706945,2.3498937216706945
39.375,2.352457586171225,2.352457586171225
39.416666666666664,2.3550195575461155,2.3550195575461155
39.45833333333333,2.35757965789696,2.35757965789696
39.5,2.3601378857176236,2.3601378857176236
39.541666666666664,2.3626942477085056,2.3626942477085056
39.58333333333333,2.365248546003918,2.365248546003918
39.625,2.3678008523334744,2.3678008523334744
39.666666666666664,2.37035114554488,2.37035114554488
39.70833333333333,2.3728993228755666,2.3728993228755666
39.75,2.3754450694811933,2.3754450694811933
39.791666666666664,2.3779884499926793,2.3779884499926793
39.83333333333333,2.380529385635147,2.380529385635147
39.875,2.383067625888348,2.383067625888348
39.916666666666664,2.3856029092136963,2.3856029092136963
39.95833333333333,2.3881352057515484,2.3881352057515484
40.0,2.3906643787561013,2.3906643787561013
40.041666666666664,2.3931899384903756,2.3931899384903756
40.08333333333333,2.395712753729681,2.395712753729681
40.125,2.3982328703081737,2.3982328703081737
40.166666666666664,2.400750453797041,2.400750453797041
40.20833333333333,2.4032657421811545,2.4032657421811545
40.25,2.4057787450447505,2.4057787450447505
40.291666666666664,2.408289690828182,2.408289690828182
40.33333333333333,2.4107985927183857,2.4107985927183857
40.375,2.413305577425736,2.413305577425736
40.416666666666664,2.4158106351605464,2.4158106351605464
40.45833333333333,2.4183138044024513,2.4183138044024513
40.5,2.4208150782458477,2.4208150782458477
40.541666666666664,2.4233144659903147,2.4233144659903147
40.58333333333333,2.4258117970258644,2.4258117970258644
40.625,2.4283070844688015,2.4283070844688015
40.666666666666664,2.4308003283979227,2.4308003283979227
40.70833333333333,2.4332914923409126,2.4332914923409126
40.75,2.4357801682947864,2.4357801682947864
40.791666666666664,2.4382664487610883,2.4382664487610883
40.83333333333333,2.4407502520522097,2.4407502520522097
40.875,2.443231419984156,2.443231419984156
40.916666666666664,2.445709563605906,2.445709563605906
40.95833333333333,2.4481846936963825,2.4481846936963825
41.0,2.4506566708333746,2.4506566708333746
41.041666666666664,2.453125047411642,2.453125047411642
41.08333333333333,2.455590677973518,2.455590677973518
41.125,2.458053596364724,2.458053596364724
41.166666666666664,2.4605139446048065,2.4605139446048065
41.20833333333333,2.4629719139896915,2.4629719139896915
41.25,2.465427652808111,2.465427652808111
41.291666666666664,2.4678812352335813,2.4678812352335813
41.33333333333333,2.4703328190453337,2.4703328190453337
41.375,2.4727825053072414,2.4727825053072414
41.416666666666664,2.4752303248854606,2.4752303248854606
41.45833333333333,2.4776763645683078,2.4776763645683078
41.5,2.480120389795388,2.480120389795388
41.541666666666664,2.482562506457965,2.482562506457965
41.58333333333333,2.485002763041767,2.485002763041767
41.625,2.487441090941333,2.487441090941333
41.666666666666664,2.489877145012917,2.489877145012917
41.70833333333333,2.492311069431441,2.492311069431441
41.75,2.494742824797274,2.494742824797274
41.791666666666664,2.497172127668372,2.497172127668372
41.83333333333333,2.4995987649091527,2.4995987649091527
41.875,2.502022734897101,2.502022734897101
41.916666666666664,2.5044439261823217,2.5044439261823217
41.95833333333333,2.5068619244653623,2.5068619244653623
42.0,2.509276665353475,2.509276665353475
42.041666666666664,2.5116878066087582,2.5116878066087582
42.08333333333333,2.514096186193417,2.514096186193417
42.125,2.516501826829624,2.516501826829624
42.166666666666664,2.518904872108732,2.518904872108732
42.20833333333333,2.521305523965428,2.521305523965428
42.25,2.5237039093223914,2.5237039093223914
42.291666666666664,2.526100126413983,2.526100126413983
42.33333333333333,2.528494308982709,2.528494308982709
42.375,2.5308865730592727,2.5308865730592727
42.416666666666664,2.5332769565134376,2.5332769565134376
42.45833333333333,2.5356655260883847,2.5356655260883847
42.5,2.538052121193192,2.538052121193192
42.541666666666664,2.5404367433113615,2.5404367433113615
42.58333333333333,2.542819471764554,2.542819471764554
42.625,2.5452003249133925,2.5452003249133925
42.666666666666664,2.5475788402816546,2.5475788402816546
42.70833333333333,2.5499551976220154,2.5499551976220154
42.75,2.5523293546419636,2.5523293546419636
42.791666666666664,2.5547011476215524,2.5547011476215524
42.83333333333333,2.557070197593509,2.557070197593509
42.875,2.5594365577655327,2.5594365577655327
42.916666666666664,2.5618001139927244,2.5618001139927244
42.95833333333333,2.564160573950435,2.564160573950435
43.0,2.5665176992012366,2.5665176992012366
43.041666666666664,2.568871223511797,2.568871223511797
43.08333333333333,2.571221990847408,2.571221990847408
43.125,2.5735700142570335,2.5735700142570335
43.166666666666664,2.5759154387945498,2.5759154387945498
43.20833333333333,2.578258475153046,2.578258475153046
43.25,2.580599230669749,2.580599230669749
43.291666666666664,2.582937824457444,2.582937824457444
43.33333333333333,2.5852743687962767,2.5852743687962767
43.375,2.5876089911226505,2.5876089911226505
43.416666666666664,2.589941735685957,2.589941735685957
43.45833333333333,2.592272650763154,2.592272650763154
43.5,2.5946016406937575,2.5946016406937575
43.541666666666664,2.596928616514711,2.596928616514711
43.58333333333333,2.5992536814133316,2.5992536814133316
43.625,2.601576867421638,2.601576867421638
43.666666666666664,2.603897794161173,2.603897794161173
43.70833333333333,2.606216490765928,2.606216490765928
43.75,2.6085329703412343,2.6085329703412343
43.791666666666664,2.610847166885374,2.610847166885374
43.83333333333333,2.613158571897821,2.613158571897821
43.875,2.6154672777862142,2.6154672777862142
43.916666666666664,2.6177731674741263,2.6177731674741263
43.95833333333333,2.620076046030198,2.620076046030198
44.0,2.622375541943274,2.622375541943274
44.041666666666664,2.624671443631638,2.624671443631638
44.08333333333333,2.6269646012399233,2.6269646012399233
44.125,2.6292550193103192,2.6292550193103192
44.166666666666664,2.6315428444729667,2.6315428444729667
44.20833333333333,2.6338282948509977,2.6338282948509977
44.25,2.6361114603890283,2.6361114603890283
44.291666666666664,2.638392478277816,2.638392478277816
44.33333333333333,2.6406714423531716,2.6406714423531716
44.375,2.6429484886665784,2.6429484886665784
44.416666666666664,2.6452236676297405,2.6452236676297405
44.45833333333333,2.64749701106131,2.64749701106131
44.5,2.6497684798051715,2.6497684798051715
44.541666666666664,2.652037908029108,2.652037908029108
44.58333333333333,2.65430541684033,2.65430541684033
44.625,2.6565710349549296,2.6565710349549296
44.666666666666664,2.6588344974366587,2.6588344974366587
44.70833333333333,2.6610956617229635,2.6610956617229635
44.75,2.6633546006262274,2.6633546006262274
44.791666666666664,2.6656112654431667,2.6656112654431667
44.83333333333333,2.6678652334782833,2.6678652334782833
44.875,2.670116439458275,2.670116439458275
44.916666666666664,2.672364824823,2.672364824823
44.95833333333333,2.6746102696444716,2.6746102696444716
45.0,2.676852308218875,2.676852308218875
45.041666666666664,2.679090762004499,2.679090762004499
45.08333333333333,2.6813264890311443,2.6813264890311443
45.125,2.683559486385629,2.683559486385629
45.166666666666664,2.6857899045375713,2.6857899045375713
45.20833333333333,2.6880179616936783,2.6880179616936783
45.25,2.6902437388058105,2.6902437388058105
45.291666666666664,2.6924673866103985,2.6924673866103985
45.33333333333333,2.6946889833069,2.6946889833069
45.375,2.696908671349785,2.696908671349785
45.416666666666664,2.699126507107863,2.699126507107863
45.45833333333333,2.701342507982706,2.701342507982706
45.5,2.7035566836527996,2.7035566836527996
45.541666666666664,2.7057688038434184,2.7057688038434184
45.58333333333333,2.7079790024319754,2.7079790024319754
45.625,2.710187304972153,2.710187304972153
45.666666666666664,2.7123935462759876,2.7123935462759876
45.70833333333333,2.7145974385099274,2.7145974385099274
45.75,2.7167991032929133,2.7167991032929133
45.791666666666664,2.7189984889082215,2.7189984889082215
45.83333333333333,2.721195297080678,2.721195297080678
45.875,2.723389282026324,2.723389282026324
45.916666666666664,2.7255804480193024,2.7255804480193024
45.95833333333333,2.7277686724450128,2.7277686724450128
46.0,2.7299536044878066,2.7299536044878066
46.041666666666664,2.7321349043149445,2.7321349043149445
46.08333333333333,2.734313497943694,2.734313497943694
46.125,2.7364893759937754,2.7364893759937754
46.166666666666664,2.738662697715846,2.738662697715846
46.20833333333333,2.7408336661705213,2.7408336661705213
46.25,2.743002369557314,2.743002369557314
46.291666666666664,2.7451689652562625,2.7451689652562625
46.33333333333333,2.747333518290543,2.747333518290543
46.375,2.749496175741816,2.749496175741816
46.416666666666664,2.7516569996648004,2.7516569996648004
46.45833333333333,2.753815994973717,2.753815994973717
46.5,2.7559732132735695,2.7559732132735695
46.541666666666664,2.7581283709731643,2.7581283709731643
46.58333333333333,2.7602816102447307,2.7602816102447307
46.625,2.762432953663765,2.762432953663765
46.666666666666664,2.7645823220369956,2.7645823220369956
46.70833333333333,2.766729305209693,2.766729305209693
46.75,2.768874064302509,2.768874064302509
46.791666666666664,2.7710165447710895,2.7710165447710895
46.83333333333333,2.773156553073416,2.773156553073416
46.875,2.775293695877932,2.775293695877932
46.916666666666664,2.77742802669501,2.77742802669501
46.95833333333333,2.779559420400871,2.779559420400871
47.0,2.7816876203305236,2.7816876203305236
47.041666666666664,2.7838121585351536,2.7838121585351536
47.08333333333333,2.7859340138861546,2.7859340138861546
47.125,2.7880531714720003,2.7880531714720003
47.166666666666664,2.790169798908759,2.790169798908759
47.20833333333333,2.7922840850100603,2.7922840850100603
47.25,2.794396125234019,2.794396125234019
47.291666666666664,2.796506082306741,2.796506082306741
47.33333333333333,2.798614010191369,2.798614010191369
47.375,2.8007200591626655,2.8007200591626655
47.416666666666664,2.802824296628778,2.802824296628778
47.45833333333333,2.804926716786792,2.804926716786792
47.5,2.8070274058168763,2.8070274058168763
47.541666666666664,2.8091260401820892,2.8091260401820892
47.58333333333333,2.8112227629605475,2.8112227629605475
47.625,2.813317595101578,2.813317595101578
47.666666666666664,2.8154105314204734,2.8154105314204734
47.70833333333333,2.8175010592368417,2.8175010592368417
47.75,2.819589371259895,2.819589371259895
47.791666666666664,2.821675410297968,2.821675410297968
47.83333333333333,2.8237590706511044,2.8237590706511044
47.875,2.8258398394029776,2.8258398394029776
47.916666666666664,2.827917807918309,2.827917807918309
47.95833333333333,2.8299928487334434,2.8299928487334434
48.0,2.832064781873248,2.832064781873248
48.041666666666664,2.834133039144087,2.834133039144087
48.08333333333333,2.83619863941131,2.83619863941131
48.125,2.8382615631142585,2.8382615631142585
48.166666666666664,2.8403219858423143,2.8403219858423143
48.20833333333333,2.842380083017476,2.842380083017476
48.25,2.8444359573048263,2.8444359573048263
48.291666666666664,2.8464897756652663,2.8464897756652663
48.33333333333333,2.84854158281161,2.84854158281161
48.375,2.850591531053394,2.850591531053394
48.416666666666664,2.8526396927795235,2.8526396927795235
48.45833333333333,2.8546860530694107,2.8546860530694107
48.5,2.8567306971534263,2.8567306971534263
48.541666666666664,2.8587733603012877,2.8587733603012877
48.58333333333333,2.8608140930848007,2.8608140930848007
48.625,2.8628529450211646,2.8628529450211646
48.666666666666664,2.8648899332650553,2.8648899332650553
48.70833333333333,2.866924583383471,2.866924583383471
48.75,2.8689569892060955,2.8689569892060955
48.791666666666664,2.870987132315896,2.870987132315896
48.83333333333333,2.8730149530422504,2.8730149530422504
48.875,2.8750399246097786,2.8750399246097786
48.916666666666664,2.8770620846530575,2.8770620846530575
48.95833333333333,2.8790813308915375,2.8790813308915375
49.0,2.881097533678261,2.881097533678261
49.041666666666664,2.8831100724168865,2.8831100724168865
49.08333333333333,2.8851199822014975,2.8851199822014975
49.125,2.8871272396452627,2.8871272396452627
49.166666666666664,2.8891320279420207,2.8891320279420207
49.20833333333333,2.8911345099328165,2.8911345099328165
49.25,2.893134795389732,2.893134795389732
49.291666666666664,2.8951330545610587,2.8951330545610587
49.33333333333333,2.8971293244547867,2.8971293244547867
49.375,2.8991237584871374,2.8991237584871374
49.416666666666664,2.9011164308004616,2.9011164308004616
49.45833333333333,2.9031073272991703,2.9031073272991703
49.5,2.905096523424962,2.905096523424962
49.541666666666664,2.9070838100732885,2.9070838100732885
49.58333333333333,2.909069156077326,2.909069156077326
49.625,2.9110526351410577,2.9110526351410577
49.666666666666664,2.913034261956335,2.913034261956335
49.70833333333333,2.915013662228896,2.915013662228896
49.75,2.916990777938464,2.916990777938464
49.791666666666664,2.91896564536922,2.91896564536922
49.83333333333333,2.9209382025293364,2.9209382025293364
49.875,2.9229080367533222,2.9229080367533222
49.916666666666664,2.9248750160099677,2.9248750160099677
49.95833333333333,2.9268390993692375,2.9268390993692375
50.0,2.9288001551462695,2.9288001551462695
50.041666666666664,2.930757613808002,2.930757613808002
50.08333333333333,2.9327124733641545,2.9327124733641545
50.125,2.934664707358401,2.934664707358401
50.166666666666664,2.936614506246143,2.936614506246143
50.20833333333333,2.938562021057354,2.938562021057354
50.25,2.9405073685375442,2.9405073685375442
50.291666666666664,2.942450721423884,2.942450721423884
50.33333333333333,2.944392110338863,2.944392110338863
50.375,2.9463316890761453,2.9463316890761453
50.416666666666664,2.948269530050527,2.948269530050527
50.45833333333333,2.950205630542008,2.950205630542008
50.5,2.9521400466680947,2.9521400466680947
50.541666666666664,2.9540726226054406,2.9540726226054406
50.58333333333333,2.9560032551009288,2.9560032551009288
50.625,2.9579320381770913,2.9579320381770913
50.666666666666664,2.9598589842200425,2.9598589842200425
50.70833333333333,2.961783807624032,2.961783807624032
50.75,2.9637063176835485,2.9637063176835485
50.791666666666664,2.9656265975606586,2.9656265975606586
50.83333333333333,2.967544583093595,2.967544583093595
50.875,2.969459960496343,2.969459960496343
50.916666666666664,2.9713724535234753,2.9713724535234753
50.95833333333333,2.9732820720846442,2.9732820720846442
51.0,2.9751886825949088,2.9751886825949088
51.041666666666664,2.9770917610591674,2.9770917610591674
51.08333333333333,2.978992272028772,2.978992272028772
51.125,2.9808901866856865,2.9808901866856865
51.166666666666664,2.982785702419223,2.982785702419223
51.20833333333333,2.9846789591602425,2.9846789591602425
51.25,2.986570080460941,2.986570080460941
51.291666666666664,2.9884592408596005,2.9884592408596005
51.33333333333333,2.990346465713127,2.990346465713127
51.375,2.9922319086020335,2.9922319086020335
51.416666666666664,2.994115640505266,2.994115640505266
51.45833333333333,2.9959976691578336,2.9959976691578336
51.5,2.9978780331711956,2.9978780331711956
51.541666666666664,2.999756624428109,2.999756624428109
51.58333333333333,3.0016332761972824,3.0016332761972824
51.625,3.003508099403761,3.003508099403761
51.666666666666664,3.0053811042660685,3.0053811042660685
51.70833333333333,3.007252083798235,3.007252083798235
51.75,3.0091207313268997,3.0091207313268997
51.791666666666664,3.010987170118174,3.010987170118174
51.83333333333333,3.01285133397399,3.01285133397399
51.875,3.0147129947915605,3.0147129947915605
51.916666666666664,3.016571753963853,3.016571753963853
51.95833333333333,3.0184276632938167,3.0184276632938167
52.0,3.0202805874182235,3.0202805874182235
52.041666666666664,3.022130043170272,3.022130043170272
52.08333333333333,3.02397696452336,3.02397696452336
52.125,3.0258213212462985,3.0258213212462985
52.166666666666664,3.0276633170565566,3.0276633170565566
52.20833333333333,3.029503081548576,3.029503081548576
52.25,3.0313407448924283,3.0313407448924283
52.291666666666664,3.0331764828413124,3.0331764828413124
52.33333333333333,3.035010318396514,3.035010318396514
52.375,3.0368423985846222,3.0368423985846222
52.416666666666664,3.0386727990589435,3.0386727990589435
52.45833333333333,3.0405015351924525,3.0405015351924525
52.5,3.0423286297518386,3.0423286297518386
52.541666666666664,3.0441540173087316,3.0441540173087316
52.58333333333333,3.045977475327081,3.045977475327081
52.625,3.0477991286286037,3.0477991286286037
52.666666666666664,3.049618985390399,3.049618985390399
52.70833333333333,3.051436908385275,3.051436908385275
52.75,3.053252489565622,3.053252489565622
52.791666666666664,3.05506588644044,3.05506588644044
52.83333333333333,3.056877030897305,3.056877030897305
52.875,3.058685769077061,3.058685769077061
52.916666666666664,3.060491598776706,3.060491598776706
52.95833333333333,3.0622946060857426,3.0622946060857426
53.0,3.0640946539734024,3.0640946539734024
53.041666666666664,3.0658912960736804,3.0658912960736804
53.08333333333333,3.0676854381954333,3.0676854381954333
53.125,3.069477049434132,3.069477049434132
53.166666666666664,3.071266339401126,3.071266339401126
53.20833333333333,3.0730534280223427,3.0730534280223427
53.25,3.074838451882503,3.074838451882503
53.291666666666664,3.07662158745326,3.07662158745326
53.33333333333333,3.078402857115459,3.078402857115459
53.375,3.080182398201261,3.080182398201261
53.416666666666664,3.0819602940076654,3.0819602940076654
53.45833333333333,3.083736565824106,3.083736565824106
53.5,3.085511222086551,3.085511222086551
53.541666666666664,3.0872842355475605,3.0872842355475605
53.58333333333333,3.0890553346985685,3.0890553346985685
53.625,3.090824655620837,3.090824655620837
53.666666666666664,3.092592204566867,3.092592204566867
53.70833333333333,3.0943579062671436,3.0943579062671436
53.75,3.0961212640423774,3.0961212640423774
53.791666666666664,3.097882464575957,3.097882464575957
53.83333333333333,3.0996414379536876,3.0996414379536876
53.875,3.1013980946411044,3.1013980946411044
53.916666666666664,3.103151844950875,3.103151844950875
53.95833333333333,3.1049028027983154,3.1049028027983154
54.0,3.10665082958691,3.10665082958691
54.041666666666664,3.1083955122989884,3.1083955122989884
54.08333333333333,3.11013773067353,3.11013773067353
54.125,3.111877453509163,3.111877453509163
54.166666666666664,3.1136148962042043,3.1136148962042043
54.20833333333333,3.115350169539846,3.115350169539846
54.25,3.117083416303247,3.117083416303247
54.291666666666664,3.11881481326604,3.11881481326604
54.33333333333333,3.120544382429721,3.120544382429721
54.375,3.122272252494637,3.122272252494637
54.416666666666664,3.123998513217181,3.123998513217181
54.45833333333333,3.1257231915163524,3.1257231915163524
54.5,3.127446282873902,3.127446282873902
54.541666666666664,3.1291677941777962,3.1291677941777962
54.58333333333333,3.1308874110237013,3.1308874110237013
54.625,3.132605278444471,3.132605278444471
54.666666666666664,3.134321400876699,3.134321400876699
54.70833333333333,3.136035758136811,3.136035758136811
54.75,3.1377477760437977,3.1377477760437977
54.791666666666664,3.139457666073641,3.139457666073641
54.83333333333333,3.1411653566147715,3.1411653566147715
54.875,3.1428707760556223,3.1428707760556223
54.916666666666664,3.144573374450438,3.144573374450438
54.95833333333333,3.146273174663627,3.146273174663627
55.0,3.147970074425016,3.147970074425016
55.041666666666664,3.149663691098161,3.149663691098161
55.08333333333333,3.1513548800969926,3.1513548800969926
55.125,3.153043610263821,3.153043610263821
55.166666666666664,3.1547301026788652,3.1547301026788652
55.20833333333333,3.1564144594686505,3.1564144594686505
55.25,3.1580968294058467,3.1580968294058467
55.291666666666664,3.159777389210835,3.159777389210835
55.33333333333333,3.1614561607101734,3.1614561607101734
55.375,3.1631332649036334,3.1631332649036334
55.416666666666664,3.1648087969944507,3.1648087969944507
55.45833333333333,3.166482789236751,3.166482789236751
55.5,3.168155225406708,3.168155225406708
55.541666666666664,3.1698261429007686,3.1698261429007686
55.58333333333333,3.171495189818201,3.171495189818201
55.625,3.1731625181281577,3.1731625181281577
55.666666666666664,3.1748281305525783,3.1748281305525783
55.70833333333333,3.176492029813403,3.176492029813403
55.75,3.178153652323928,3.178153652323928
55.791666666666664,3.1798131521941997,3.1798131521941997
55.83333333333333,3.1814704823358917,3.1814704823358917
55.875,3.183125569536988,3.183125569536988
55.916666666666664,3.1847779516383796,3.1847779516383796
55.95833333333333,3.186427519633649,3.186427519633649
56.0,3.188074219723221,3.188074219723221
56.041666666666664,3.1897176970950767,3.1897176970950767
56.08333333333333,3.1913587842960465,3.1913587842960465
56.125,3.1929974505190506,3.1929974505190506
56.166666666666664,3.19463392242255,3.19463392242255
56.20833333333333,3.196268293936854,3.196268293936854
56.25,3.1979007196016895,3.1979007196016895
56.291666666666664,3.1995313757927004,3.1995313757927004
56.33333333333333,3.2011602843342133,3.2011602843342133
56.375,3.2027875593429385,3.2027875593429385
56.416666666666664,3.204413300602729,3.204413300602729
56.45833333333333,3.206037545407774,3.206037545407774
56.5,3.207660266959366,3.207660266959366
56.541666666666664,3.209281529912813,3.209281529912813
56.58333333333333,3.210900949664914,3.210900949664914
56.625,3.2125186833651145,3.2125186833651145
56.666666666666664,3.2141347321150704,3.2141347321150704
56.70833333333333,3.2157490970164373,3.2157490970164373
56.75,3.2173612911276606,3.2173612911276606
56.791666666666664,3.2189713503703987,3.2189713503703987
56.83333333333333,3.220579271452521,3.220579271452521
56.875,3.2221849796516167,3.2221849796516167
56.916666666666664,3.223788091068977,3.223788091068977
56.95833333333333,3.2253883806087913,3.2253883806087913
57.0,3.226985836449798,3.226985836449798
57.041666666666664,3.2285801293943526,3.2285801293943526
57.08333333333333,3.2301720703454384,3.2301720703454384
57.125,3.2317616291222704,3.2317616291222704
57.166666666666664,3.233349037858942,3.233349037858942
57.20833333333333,3.234934382718406,3.234934382718406
57.25,3.236517823789913,3.236517823789913
57.291666666666664,3.2380995368603815,3.2380995368603815
57.33333333333333,3.239679543897238,3.239679543897238
57.375,3.241257952853056,3.241257952853056
57.416666666666664,3.242834867350793,3.242834867350793
57.45833333333333,3.2444103294340074,3.2444103294340074
57.5,3.245984302751644,3.245984302751644
57.541666666666664,3.2475568632756797,3.2475568632756797
57.58333333333333,3.2491276370496456,3.2491276370496456
57.625,3.2506967457811187,3.2506967457811187
57.666666666666664,3.252264202071227,3.252264202071227
57.70833333333333,3.253830005489327,3.253830005489327
57.75,3.2553937387598446,3.2553937387598446
57.791666666666664,3.256955331203402,3.256955331203402
57.83333333333333,3.2585148186020296,3.2585148186020296
57.875,3.2600721248066264,3.2600721248066264
57.916666666666664,3.2616269357786574,3.2616269357786574
57.95833333333333,3.2631789241513447,3.2631789241513447
58.0,3.2647281144397593,3.2647281144397593
58.041666666666664,3.2662742011435673,3.2662742011435673
58.08333333333333,3.26781797455392,3.26781797455392
58.125,3.269359405362914,3.269359405362914
58.166666666666664,3.2708987310786055,3.2708987310786055
58.20833333333333,3.2724360304975466,3.2724360304975466
58.25,3.273971469043982,3.273971469043982
58.291666666666664,3.2755052217144125,3.2755052217144125
58.33333333333333,3.277037310741112,3.277037310741112
58.375,3.278567838545715,3.278567838545715
58.416666666666664,3.280096911955198,3.280096911955198
58.45833333333333,3.281624577479819,3.281624577479819
58.5,3.2831507901397714,3.2831507901397714
58.541666666666664,3.2846756265699217,3.2846756265699217
58.58333333333333,3.286198751377426,3.286198751377426
58.625,3.2877202253589117,3.2877202253589117
58.666666666666664,3.289240080745139,3.289240080745139
58.70833333333333,3.290758315655182,3.290758315655182
58.75,3.292274576235931,3.292274576235931
58.791666666666664,3.293788695515545,3.293788695515545
58.83333333333333,3.295300744176433,3.295300744176433
58.875,3.296810644720642,3.296810644720642
58.916666666666664,3.2983181455544184,3.2983181455544184
58.95833333333333,3.2998228291506906,3.2998228291506906
59.0,3.3013247514546635,3.3013247514546635
59.041666666666664,3.302823628994529,3.302823628994529
59.08333333333333,3.304320232325574,3.304320232325574
59.125,3.305814533232551,3.305814533232551
59.166666666666664,3.30730677449634,3.30730677449634
59.20833333333333,3.308797027922386,3.308797027922386
59.25,3.3102854679600897,3.3102854679600897
59.291666666666664,3.311772256948468,3.311772256948468
59.33333333333333,3.3132574291876367,3.3132574291876367
59.375,3.314741078226648,3.314741078226648
59.416666666666664,3.3162233135521473,3.3162233135521473
59.45833333333333,3.3177041858687484,3.3177041858687484
59.5,3.3191836424017627,3.3191836424017627
59.541666666666664,3.3206617602403385,3.3206617602403385
59.58333333333333,3.32213823952646,3.32213823952646
59.625,3.323613085372847,3.323613085372847
59.666666666666664,3.3250863475918737,3.3250863475918737
59.70833333333333,3.3265580229288685,3.3265580229288685
59.75,3.328027815358867,3.328027815358867
59.791666666666664,3.3294954708024305,3.3294954708024305
59.83333333333333,3.3309610911481524,3.3309610911481524
59.875,3.3324245976216766,3.3324245976216766
59.916666666666664,3.3338857945180935,3.3338857945180935
59.95833333333333,3.335344184777667,3.335344184777667
60.0,3.336799851505312,3.336799851505312
60.041666666666664,3.338252531798656,3.338252531798656
60.08333333333333,3.3397029772269486,3.3397029772269486
60.125,3.3411511608625464,3.3411511608625464
60.166666666666664,3.342597330658494,3.342597330658494
60.20833333333333,3.3440415517803976,3.3440415517803976
60.25,3.345484007279597,3.345484007279597
60.291666666666664,3.34692484735759,3.34692484735759
60.33333333333333,3.3483641178116876,3.3483641178116876
60.375,3.3498019040306826,3.3498019040306826
60.416666666666664,3.351238317694092,3.351238317694092
60.45833333333333,3.352673413440503,3.352673413440503
60.5,3.354107131452763,3.354107131452763
60.541666666666664,3.3555395490926423,3.3555395490926423
60.58333333333333,3.3569703992792506,3.3569703992792506
60.625,3.358399636173733,3.358399636173733
60.666666666666664,3.3598273253340905,3.3598273253340905
60.70833333333333,3.361253462203344,3.361253462203344
60.75,3.362677803565653,3.362677803565653
60.791666666666664,3.3641000164277606,3.3641000164277606
60.83333333333333,3.3655202306110956,3.3655202306110956
60.875,3.3669383661323753,3.3669383661323753
60.916666666666664,3.3683542773721005,3.3683542773721005
60.95833333333333,3.3697673970739546,3.3697673970739546
61.0,3.3711778317828074,3.3711778317828074
61.041666666666664,3.3725853378844266,3.3725853378844266
61.08333333333333,3.3739906486098588,3.3739906486098588
61.125,3.375393738491102,3.375393738491102
61.166666666666664,3.376794860553103,3.376794860553103
61.20833333333333,3.3781940736505756,3.3781940736505756
61.25,3.379591568918291,3.379591568918291
61.291666666666664,3.380987485270625,3.380987485270625
61.33333333333333,3.3823818791123204,3.3823818791123204
61.375,3.383774828429146,3.383774828429146
61.416666666666664,3.385166446693025,3.385166446693025
61.45833333333333,3.3865567922290407,3.3865567922290407
61.5,3.38794579885631,3.38794579885631
61.541666666666664,3.389333544051496,3.389333544051496
61.58333333333333,3.3907197909983586,3.3907197909983586
61.625,3.3921044471935042,3.3921044471935042
61.666666666666664,3.3934875922941896,3.3934875922941896
61.70833333333333,3.394869220507854,3.394869220507854
61.75,3.3962491369184336,3.3962491369184336
61.791666666666664,3.3976269369386207,3.3976269369386207
61.83333333333333,3.3990027754186296,3.3990027754186296
61.875,3.4003765712291507,3.4003765712291507
61.916666666666664,3.4017482236916874,3.4017482236916874
61.95833333333333,3.403117103564307,3.403117103564307
62.0,3.404483337589192,3.404483337589192
62.041666666666664,3.405846700309839,3.405846700309839
62.08333333333333,3.4072079071846826,3.4072079071846826
62.125,3.4085669359608755,3.4085669359608755
62.166666666666664,3.4099240398217585,3.4099240398217585
62.20833333333333,3.4112792764330546,3.4112792764330546
62.25,3.4126328429278376,3.4126328429278376
62.291666666666664,3.413984867711922,3.413984867711922
62.33333333333333,3.415335416989123,3.415335416989123
62.375,3.416684562018815,3.416684562018815
62.416666666666664,3.4180324177216197,3.4180324177216197
62.45833333333333,3.4193790458748974,3.4193790458748974
62.5,3.420724374546394,3.420724374546394
62.541666666666664,3.422068481191148,3.422068481191148
62.58333333333333,3.4234111569661128,3.4234111569661128
62.625,3.4247522665907453,3.4247522665907453
62.666666666666664,3.4260919023444116,3.4260919023444116
62.70833333333333,3.427430057261369,3.427430057261369
62.75,3.4287665806669234,3.4287665806669234
62.791666666666664,3.4301010029294305,3.4301010029294305
62.83333333333333,3.4314335013477337,3.4314335013477337
62.875,3.432763993705208,3.432763993705208
62.916666666666664,3.4340923977852262,3.4340923977852262
62.95833333333333,3.43541809532615,3.43541809532615
63.0,3.436741164703298,3.436741164703298
63.041666666666664,3.438061419526947,3.438061419526947
63.08333333333333,3.4393795579829116,3.4393795579829116
63.125,3.4406955612589516,3.4406955612589516
63.166666666666664,3.4420096823156228,3.4420096823156228
63.20833333333333,3.4433219782003484,3.4433219782003484
63.25,3.4446326515050454,3.4446326515050454
63.291666666666664,3.4459418208402828,3.4459418208402828
63.33333333333333,3.44724956147387,3.44724956147387
63.375,3.4485559385442213,3.4485559385442213
63.416666666666664,3.449861068125635,3.449861068125635
63.45833333333333,3.4511650137827776,3.4511650137827776
63.5,3.4524677027169837,3.4524677027169837
63.541666666666664,3.4537692079113507,3.4537692079113507
63.58333333333333,3.4550693478490726,3.4550693478490726
63.625,3.456367947999508,3.456367947999508
63.666666666666664,3.4576651119384834,3.4576651119384834
63.70833333333333,3.458960831585456,3.458960831585456
63.75,3.4602549968496707,3.4602549968496707
63.791666666666664,3.461547078923413,3.461547078923413
63.83333333333333,3.4628372752591274,3.4628372752591274
63.875,3.464125502607711,3.464125502607711
63.916666666666664,3.4654116777200605,3.4654116777200605
63.95833333333333,3.466695245991059,3.466695245991059
64.0,3.4679761886574356,3.4679761886574356
64.04166666666666,3.4692543729364576,3.4692543729364576
64.08333333333333,3.4705304801887826,3.4705304801887826
64.125,3.4718044950941422,3.4718044950941422
64.16666666666666,3.47307667047843,3.47307667047843
64.20833333333333,3.4743470628547524,3.4743470628547524
64.25,3.475615879922678,3.475615879922678
64.29166666666666,3.476883231152135,3.476883231152135
64.33333333333333,3.478149200205354,3.478149200205354
64.375,3.47941384664257,3.47941384664257
64.41666666666666,3.480677287438513,3.480677287438513
64.45833333333333,3.4819395850456862,3.4819395850456862
64.5,3.483200674373148,3.483200674373148
64.54166666666666,3.4844606157552507,3.4844606157552507
64.58333333333333,3.485719255782727,3.485719255782727
64.625,3.4869763838784,3.4869763838784
64.66666666666666,3.4882321137241465,3.4882321137241465
64.70833333333333,3.4894864361793214,3.4894864361793214
64.75,3.4907392784352633,3.4907392784352633
64.79166666666666,3.4919900577746605,3.4919900577746605
64.83333333333333,3.4932389897591793,3.4932389897591793
64.875,3.494485990158536,3.494485990158536
64.91666666666666,3.4957309747424485,3.4957309747424485
64.95833333333333,3.4969734471888456,3.4969734471888456
65.0,3.498213300437977,3.498213300437977
65.04166666666666,3.4994504508462168,3.4994504508462168
65.08333333333333,3.50068556335508,3.50068556335508
65.125,3.5019186261742266,3.5019186261742266
65.16666666666666,3.5031498920747035,3.5031498920747035
65.20833333333333,3.5043794171114726,3.5043794171114726
65.25,3.50560741376709,3.50560741376709
65.29166666666666,3.506833982972163,3.506833982972163
65.33333333333333,3.5080592161727457,3.5080592161727457
65.375,3.509283167838234,3.509283167838234
65.41666666666666,3.5105059556264604,3.5105059556264604
65.45833333333333,3.5117276409910723,3.5117276409910723
65.5,3.5129481660747315,3.5129481660747315
65.54166666666666,3.5141675794005645,3.5141675794005645
65.58333333333333,3.515385753611755,3.515385753611755
65.625,3.5166024449966273,3.5166024449966273
65.66666666666666,3.5178177762737337,3.5178177762737337
65.70833333333333,3.519031737293611,3.519031737293611
65.75,3.5202442895445416,3.5202442895445416
65.79166666666666,3.521454801132601,3.521454801132601
65.83333333333333,3.5226635039053553,3.5226635039053553
65.875,3.5238703126993713,3.5238703126993713
65.91666666666666,3.525075142351215,3.525075142351215
65.95833333333333,3.526277549979108,3.526277549979108
66.0,3.5274773481549055,3.5274773481549055
66.04166666666666,3.528674498380485,3.528674498380485
66.08333333333333,3.5298696495514426,3.5298696495514426
66.125,3.531062793433128,3.531062793433128
66.16666666666666,3.5322541828138623,3.5322541828138623
66.20833333333333,3.5334438733594937,3.5334438733594937
66.25,3.5346320820350954,3.5346320820350954
66.29166666666666,3.535818911800441,3.535818911800441
66.33333333333333,3.5370044673481322,3.5370044673481322
66.375,3.5381887906200875,3.5381887906200875
66.41666666666666,3.539371966083656,3.539371966083656
66.45833333333333,3.5405540560034807,3.5405540560034807
66.5,3.541735022012355,3.541735022012355
66.54166666666666,3.5429148991889505,3.5429148991889505
66.58333333333333,3.54409360153564,3.54409360153564
66.625,3.5452708895671177,3.5452708895671177
66.66666666666666,3.5464468695160365,3.5464468695160365
66.70833333333333,3.547621527136265,3.547621527136265
66.75,3.548794701440404,3.548794701440404
66.79166666666666,3.5499660143387923,3.5499660143387923
66.83333333333333,3.5511355793688684,3.5511355793688684
66.875,3.552303311256596,3.552303311256596
66.91666666666666,3.55346901810299,3.55346901810299
66.95833333333333,3.5546322619773565,3.5546322619773565
67.0,3.55579308097913,3.55579308097913
67.04166666666666,3.556951190220567,3.556951190220567
67.08333333333333,3.5581073433447656,3.5581073433447656
67.125,3.559261535957803,3.559261535957803
67.16666666666666,3.5604140207014447,3.5604140207014447
67.20833333333333,3.561564852836393,3.561564852836393
67.25,3.562714253265917,3.562714253265917
67.29166666666666,3.5638623167627763,3.5638623167627763
67.33333333333333,3.5650091549508636,3.5650091549508636
67.375,3.566154806366689,3.566154806366689
67.41666666666666,3.56729935463338,3.56729935463338
67.45833333333333,3.568442861378679,3.568442861378679
67.5,3.569585293108079,3.569585293108079
67.54166666666666,3.570726675945224,3.570726675945224
67.58333333333333,3.5718669429910737,3.5718669429910737
67.625,3.5730058305411685,3.5730058305411685
67.66666666666666,3.5741434506430787,3.5741434506430787
67.70833333333333,3.5752797879539275,3.5752797879539275
67.75,3.5764147100315653,3.5764147100315653
67.79166666666666,3.5775477975088745,3.5775477975088745
67.83333333333333,3.578679177333896,3.578679177333896
67.875,3.5798087632277515,3.5798087632277515
67.91666666666666,3.5809363934765734,3.5809363934765734
67.95833333333333,3.582061588254625,3.582061588254625
68.0,3.583184399065197,3.583184399065197
68.04166666666666,3.584304556964946,3.584304556964946
68.08333333333333,3.5854227978389734,3.5854227978389734
68.125,3.58653912091562,3.58653912091562
68.16666666666666,3.587653778901489,3.587653778901489
68.20833333333333,3.5887668267694335,3.5887668267694335
68.25,3.589878489283737,3.589878489283737
68.29166666666666,3.590988853730702,3.590988853730702
68.33333333333333,3.592098038258248,3.592098038258248
68.375,3.593206078385004,3.593206078385004
68.41666666666666,3.5943130570586055,3.5943130570586055
68.45833333333333,3.595419035405138,3.595419035405138
68.5,3.596523984668836,3.596523984668836
68.54166666666666,3.5976279227332877,3.5976279227332877
68.58333333333333,3.5987308004649283,3.5987308004649283
68.625,3.599832332017596,3.599832332017596
68.66666666666666,3.6009326347344137,3.6009326347344137
68.70833333333333,3.6020316923572326,3.6020316923572326
68.75,3.603129398810667,3.603129398810667
68.79166666666666,3.6042252969733903,3.6042252969733903
68.83333333333333,3.6053195260631057,3.6053195260631057
68.875,3.6064119989485444,3.6064119989485444
68.91666666666666,3.60750258148675,3.60750258148675
68.95833333333333,3.608590756096506,3.608590756096506
69.0,3.609676586255651,3.609676586255651
69.04166666666666,3.6107598181940737,3.6107598181940737
69.08333333333333,3.611841170818734,3.611841170818734
69.125,3.6129206469212614,3.6129206469212614
69.16666666666666,3.6139984993773564,3.6139984993773564
69.20833333333333,3.615074782939935,3.615074782939935
69.25,3.616149726052896,3.616149726052896
69.29166666666666,3.6172234090360016,3.6172234090360016
69.33333333333333,3.6182959561356025,3.6182959561356025
69.375,3.6193674001367278,3.6193674001367278
69.41666666666666,3.620437823341047,3.620437823341047
69.45833333333333,3.621507286440767,3.621507286440767
69.5,3.62257576519295,3.62257576519295
69.54166666666666,3.6236432697928267,3.6236432697928267
69.58333333333333,3.6247097676416526,3.6247097676416526
69.625,3.625774952521752,3.625774952521752
69.66666666666666,3.626838946525406,3.626838946525406
69.70833333333333,3.6279017325605953,3.6279017325605953
69.75,3.6289632289658726,3.6289632289658726
69.79166666666666,3.630022943941175,3.630022943941175
69.83333333333333,3.6310810278758274,3.6310810278758274
69.875,3.6321373928569103,3.6321373928569103
69.91666666666666,3.633191929984586,3.633191929984586
69.95833333333333,3.6342440875397974,3.6342440875397974
70.0,3.635293939646737,3.635293939646737
70.04166666666666,3.636341247062715,3.636341247062715
70.08333333333333,3.637386712201509,3.637386712201509
70.125,3.638430341398486,3.638430341398486
70.16666666666666,3.6394723877621984,3.6394723877621984
70.20833333333333,3.640512905875453,3.640512905875453
70.25,3.6415521276563836,3.6415521276563836
70.29166666666666,3.6425901268998815,3.6425901268998815
70.33333333333333,3.643627033541158,3.643627033541158
70.375,3.644662877869121,3.644662877869121
70.41666666666666,3.645697741528965,3.645697741528965
70.45833333333333,3.6467316848226314,3.6467316848226314
70.5,3.6477646877781242,3.6477646877781242
70.54166666666666,3.6487967533776664,3.6487967533776664
70.58333333333333,3.6498278644243842,3.6498278644243842
70.625,3.6508576959067347,3.6508576959067347
70.66666666666666,3.651886374148709,3.651886374148709
70.70833333333333,3.652913881272707,3.652913881272707
70.75,3.6539401582595157,3.6539401582595157
70.79166666666666,3.6549646813852665,3.6549646813852665
70.83333333333333,3.6559876111987064,3.6559876111987064
70.875,3.657008859048997,3.657008859048997
70.91666666666666,3.6580283362853003,3.6580283362853003
70.95833333333333,3.659045468969212,3.659045468969212
71.0,3.660060331971872,3.660060331971872
71.04166666666666,3.6610727028922336,3.6610727028922336
71.08333333333333,3.6620832680493653,3.6620832680493653
71.125,3.6630920373061038,3.6630920373061038
71.16666666666666,3.6640992640506274,3.6640992640506274
71.20833333333333,3.6651050027374064,3.6651050027374064
71.25,3.666109488556199,3.666109488556199
71.29166666666666,3.66711278917478,3.66711278917478
71.33333333333333,3.668115039834498,3.668115039834498
71.375,3.6691162685377114,3.6691162685377114
71.41666666666666,3.6701165562553766,3.6701165562553766
71.45833333333333,3.671115962933059,3.671115962933059
71.5,3.6721144726348167,3.6721144726348167
71.54166666666666,3.6731120815604945,3.6731120815604945
71.58333333333333,3.674108786872094,3.674108786872094
71.625,3.6751042461952843,3.6751042461952843
71.66666666666666,3.676098589612222,3.676098589612222
71.70833333333333,3.677091798496971,3.677091798496971
71.75,3.678083834856948,3.678083834856948
71.79166666666666,3.6790741455373555,3.6790741455373555
71.83333333333333,3.6800629003270022,3.6800629003270022
71.875,3.6810500098717784,3.6810500098717784
71.91666666666666,3.6820353848175755,3.6820353848175755
71.95833333333333,3.6830184890697915,3.6830184890697915
72.0,3.6839993399948523,3.6839993399948523
72.04166666666666,3.684977750547155,3.684977750547155
72.08333333333333,3.6859543913246062,3.6859543913246062
72.125,3.686929275695309,3.686929275695309
72.16666666666666,3.6879026573651337,3.6879026573651337
72.20833333333333,3.688874590697143,3.688874590697143
72.25,3.689845313960966,3.689845313960966
72.29166666666666,3.6908148890630392,3.6908148890630392
72.33333333333333,3.6917834561970118,3.6917834561970118
72.375,3.6927510412672904,3.6927510412672904
72.41666666666666,3.6937177245553863,3.6937177245553863
72.45833333333333,3.6946835656794366,3.6946835656794366
72.5,3.69564855251773,3.69564855251773
72.54166666666666,3.6966126748854293,3.6966126748854293
72.58333333333333,3.6975759433426902,3.6975759433426902
72.625,3.6985379994590075,3.6985379994590075
72.66666666666666,3.699498976646399,3.699498976646399
72.70833333333333,3.70045885556371,3.70045885556371
72.75,3.701417616869786,3.701417616869786
72.79166666666666,3.7023746829387383,3.7023746829387383
72.83333333333333,3.7033302292734893,3.7033302292734893
72.875,3.7042841667460635,3.7042841667460635
72.91666666666666,3.7052364053302242,3.7052364053302242
72.95833333333333,3.7061864441305676,3.7061864441305676
73.0,3.7071342472895124,3.7071342472895124
73.04166666666666,3.708079660858414,3.708079660858414
73.08333333333333,3.709023340078585,3.709023340078585
73.125,3.709965301793999,3.709965301793999
73.16666666666666,3.710905800060603,3.710905800060603
73.20833333333333,3.7118448891832108,3.7118448891832108
73.25,3.712782810332106,3.712782810332106
73.29166666666666,3.7137196199912315,3.7137196199912315
73.33333333333333,3.714655462980365,3.714655462980365
73.375,3.7155903632768412,3.7155903632768412
73.41666666666666,3.7165244004623084,3.7165244004623084
73.45833333333333,3.7174576338531327,3.7174576338531327
73.5,3.71839005493387,3.71839005493387
73.54166666666666,3.719321647504872,3.719321647504872
73.58333333333333,3.7202524346385912,3.7202524346385912
73.625,3.7211820430446183,3.7211820430446183
73.66666666666666,3.722110609078861,3.722110609078861
73.70833333333333,3.7230381127159817,3.7230381127159817
73.75,3.723964533930643,3.723964533930643
73.79166666666666,3.7248893266372556,3.7248893266372556
73.83333333333333,3.7258126173532786,3.7258126173532786
73.875,3.7267343351890325,3.7267343351890325
73.91666666666666,3.727654389475421,3.727654389475421
73.95833333333333,3.728572312094749,3.728572312094749
74.0,3.7294880178691225,3.7294880178691225
74.04166666666666,3.73040138387837,3.73040138387837
74.08333333333333,3.731313050365956,3.731313050365956
74.125,3.7322230376158783,3.7322230376158783
74.16666666666666,3.73313160006212,3.73313160006212
74.20833333333333,3.734038791981057,3.734038791981057
74.25,3.734944857276596,3.734944857276596
74.29166666666666,3.735849847325023,3.735849847325023
74.33333333333333,3.7367539112715216,3.7367539112715216
74.375,3.7376570713216135,3.7376570713216135
74.41666666666666,3.738559406351395,3.738559406351395
74.45833333333333,3.739460975398491,3.739460975398491
74.5,3.7403617733589387,3.7403617733589387
74.54166666666666,3.7412617783632047,3.7412617783632047
74.58333333333333,3.7421610251781967,3.7421610251781967
74.625,3.743059126750538,3.743059126750538
74.66666666666666,3.7439562220325193,3.7439562220325193
74.70833333333333,3.744852290344123,3.744852290344123
74.75,3.7457473110053323,3.7457473110053323
74.79166666666666,3.7466407675407147,3.7466407675407147
74.83333333333333,3.7475327406152026,3.7475327406152026
74.875,3.7484231763346396,3.7484231763346396
74.91666666666666,3.7493119834149002,3.7493119834149002
74.95833333333333,3.75019872429403,3.75019872429403
75.0,3.7510832680410546,3.7510832680410546
75.04166666666666,3.7519655208657308,3.7519655208657308
75.08333333333333,3.75284610836682,3.75284610836682
75.125,3.7537250542270804,3.7537250542270804
75.16666666666666,3.7546026132826986,3.7546026132826986
75.20833333333333,3.7554788398083288,3.7554788398083288
75.25,3.7563539802857835,3.7563539802857835
75.29166666666666,3.757228081276695,3.757228081276695
75.33333333333333,3.7581012959740696,3.7581012959740696
75.375,3.7589736449529,3.7589736449529
75.41666666666666,3.7598452063821464,3.7598452063821464
75.45833333333333,3.760716039041462,3.760716039041462
75.5,3.76158614105577,3.76158614105577
75.54166666666666,3.762455485207726,3.762455485207726
75.58333333333333,3.76332411720271,3.76332411720271
75.625,3.764191637231366,3.764191637231366
75.66666666666666,3.765058186529506,3.765058186529506
75.70833333333333,3.765923743790553,3.765923743790553
75.75,3.7667882877079317,3.7667882877079317
75.79166666666666,3.76765132962951,3.76765132962951
75.83333333333333,3.768512907259172,3.768512907259172
75.875,3.7693729825561566,3.7693729825561566
75.91666666666666,3.7702314636478165,3.7702314636478165
75.95833333333333,3.77108794148555,3.77108794148555
76.0,3.7719422426504026,3.7719422426504026
76.04166666666666,3.7727943007359612,3.7727943007359612
76.08333333333333,3.773644727043945,3.773644727043945
76.125,3.774493548610068,3.774493548610068
76.16666666666666,3.7753410206933333,3.7753410206933333
76.20833333333333,3.776187197590636,3.776187197590636
76.25,3.777032328216527,3.777032328216527
76.29166666666666,3.777876454590611,3.777876454590611
76.33333333333333,3.7787197336974567,3.7787197336974567
76.375,3.779562184610134,3.779562184610134
76.41666666666666,3.7804038847922663,3.7804038847922663
76.45833333333333,3.7812448927842794,3.7812448927842794
76.5,3.7820852097688413,3.7820852097688413
76.54166666666666,3.7829248034814604,3.7829248034814604
76.58333333333333,3.7837637274522438,3.7837637274522438
76.625,3.7846015772847386,3.7846015772847386
76.66666666666666,3.7854384889724826,3.7854384889724826
76.70833333333333,3.7862744430238244,3.7862744430238244
76.75,3.7871094175323843,3.7871094175323843
76.79166666666666,3.7879429500140533,3.7879429500140533
76.83333333333333,3.7887750378821234,3.7887750378821234
76.875,3.7896056578987865,3.7896056578987865
76.91666666666666,3.7904347176280857,3.7904347176280857
76.95833333333333,3.7912618346559457,3.7912618346559457
77.0,3.7920867960663833,3.7920867960663833
77.04166666666666,3.7929095612288917,3.7929095612288917
77.08333333333333,3.7937307274900314,3.7937307274900314
77.125,3.794550325188864,3.794550325188864
77.16666666666666,3.7953686100248003,3.7953686100248003
77.20833333333333,3.796185636338248,3.796185636338248
77.25,3.797001655340817,3.797001655340817
77.29166666666666,3.7978167047644904,3.7978167047644904
77.33333333333333,3.7986309451481293,3.7986309451481293
77.375,3.7994443941802096,3.7994443941802096
77.41666666666666,3.8002571286236693,3.8002571286236693
77.45833333333333,3.8010692067966807,3.8010692067966807
77.5,3.8018806327788535,3.8018806327788535
77.54166666666666,3.8026913695397946,3.8026913695397946
77.58333333333333,3.8035014714306934,3.8035014714306934
77.625,3.8043105493863854,3.8043105493863854
77.66666666666666,3.805118714836783,3.805118714836783
77.70833333333333,3.8059259564865746,3.8059259564865746
77.75,3.8067322518550655,3.8067322518550655
77.79166666666666,3.80753716308905,3.80753716308905
77.83333333333333,3.8083406497833594,3.8083406497833594
77.875,3.8091427025348077,3.8091427025348077
77.91666666666666,3.8099432283681347,3.8099432283681347
77.95833333333333,3.810741869771509,3.810741869771509
78.0,3.8115383770775892,3.8115383770775892
78.04166666666666,3.8123327339472004,3.8123327339472004
78.08333333333333,3.8131255241084054,3.8131255241084054
78.125,3.813916781150774,3.813916781150774
78.16666666666666,3.8147067612288263,3.8147067612288263
78.20833333333333,3.8154955187453727,3.8154955187453727
78.25,3.8162833070822555,3.8162833070822555
78.29166666666666,3.817070159921187,3.817070159921187
78.33333333333333,3.8178562411356025,3.8178562411356025
78.375,3.8186415671364493,3.8186415671364493
78.41666666666666,3.8194262139929567,3.8194262139929567
78.45833333333333,3.8202102398164164,3.8202102398164164
78.5,3.820993651432326,3.820993651432326
78.54166666666666,3.821776407307407,3.821776407307407
78.58333333333333,3.8225585625497147,3.8225585625497147
78.625,3.823339742599705,3.823339742599705
78.66666666666666,3.824120035703731,3.824120035703731
78.70833333333333,3.8248994382509736,3.8248994382509736
78.75,3.825677927210673,3.825677927210673
78.79166666666666,3.826455087932399,3.826455087932399
78.83333333333333,3.8272308444823553,3.8272308444823553
78.875,3.828005200398765,3.828005200398765
78.91666666666666,3.828778062189895,3.828778062189895
78.95833333333333,3.829549095647941,3.829549095647941
79.0,3.8303180168764155,3.8303180168764155
79.04166666666666,3.8310848324549336,3.8310848324549336
79.08333333333333,3.8318501128247195,3.8318501128247195
79.125,3.8326138947702773,3.8326138947702773
79.16666666666666,3.8333764349132546,3.8333764349132546
79.20833333333333,3.834137787735614,3.834137787735614
79.25,3.8348982086708054,3.8348982086708054
79.29166666666666,3.8356577275718227,3.8356577275718227
79.33333333333333,3.83641651144306,3.83641651144306
79.375,3.8371745755157147,3.8371745755157147
79.41666666666666,3.837931995174168,3.837931995174168
79.45833333333333,3.838688828336785,3.838688828336785
79.5,3.839445084433008,3.839445084433008
79.54166666666666,3.8402007176727224,3.8402007176727224
79.58333333333333,3.8409557838618373,3.8409557838618373
79.625,3.841709922173745,3.841709922173745
79.66666666666666,3.842463198959081,3.842463198959081
79.70833333333333,3.843215617816849,3.843215617816849
79.75,3.843967155189289,3.843967155189289
79.79166666666666,3.844717418300697,3.844717418300697
79.83333333333333,3.8454662978116096,3.8454662978116096
79.875,3.8462138093769362,3.8462138093769362
79.91666666666666,3.8469598590101803,3.8469598590101803
79.95833333333333,3.847704134331586,3.847704134331586
80.0,3.8484463195347254,3.8484463195347254
80.04166666666666,3.8491864428471008,3.8491864428471008
80.08333333333333,3.849925061749831,3.849925061749831
80.125,3.8506622161644732,3.8506622161644732
80.16666666666666,3.8513981631895193,3.8513981631895193
80.20833333333333,3.852132957400761,3.852132957400761
80.25,3.8528668561720787,3.8528668561720787
80.29166666666666,3.85359988573508,3.85359988573508
80.33333333333333,3.8543322160359668,3.8543322160359668
80.375,3.8550638613299326,3.8550638613299326
80.41666666666666,3.8557948959841366,3.8557948959841366
80.45833333333333,3.8565253780795548,3.8565253780795548
80.5,3.857255319401659,3.857255319401659
80.54166666666666,3.857984670134091,3.857984670134091
80.58333333333333,3.8587134867263333,3.8587134867263333
80.625,3.8594414213600947,3.8594414213600947
80.66666666666666,3.8601685196944824,3.8601685196944824
80.70833333333333,3.860894792097327,3.860894792097327
80.75,3.861620214505849,3.861620214505849
80.79166666666666,3.862344414781501,3.862344414781501
80.83333333333333,3.8630672521514122,3.8630672521514122
80.875,3.8637887536242013,3.8637887536242013
80.91666666666666,3.86450882473929,3.86450882473929
80.95833333333333,3.865227173579226,3.865227173579226
81.0,3.8659434545641247,3.8659434545641247
81.04166666666666,3.8666577163897773,3.8666577163897773
81.08333333333333,3.8673705038994597,3.8673705038994597
81.125,3.8680818600919626,3.8680818600919626
81.16666666666666,3.8687920425501265,3.8687920425501265
81.20833333333333,3.869501105956443,3.869501105956443
81.25,3.8702093095210484,3.8702093095210484
81.29166666666666,3.870916676048115,3.870916676048115
81.33333333333333,3.8716233782499607,3.8716233782499607
81.375,3.8723294295239663,3.8723294295239663
81.41666666666666,3.8730349031228566,3.8730349031228566
81.45833333333333,3.873739857410735,3.873739857410735
81.5,3.874444306367023,3.874444306367023
81.54166666666666,3.8751481963651804,3.8751481963651804
81.58333333333333,3.875851584448337,3.875851584448337
81.625,3.8765541351270265,3.8765541351270265
81.66666666666666,3.8772558744948356,3.8772558744948356
81.70833333333333,3.877956819278656,3.877956819278656
81.75,3.8786569449316244,3.8786569449316244
81.79166666666666,3.8793558987987304,3.8793558987987304
81.83333333333333,3.880053510506676,3.880053510506676
81.875,3.8807498177116138,3.8807498177116138
81.91666666666666,3.881444725498575,3.881444725498575
81.95833333333333,3.882137961148052,3.882137961148052
82.0,3.8828291512758986,3.8828291512758986
82.04166666666666,3.883518363950084,3.883518363950084
82.08333333333333,3.8842061316938152,3.8842061316938152
82.125,3.8848925005217105,3.8848925005217105
82.16666666666666,3.8855777285065263,3.8855777285065263
82.20833333333333,3.8862618704486227,3.8862618704486227
82.25,3.886945187296631,3.886945187296631
82.29166666666666,3.8876276986090628,3.8876276986090628
82.33333333333333,3.888309579700864,3.888309579700864
82.375,3.8889908431667664,3.8889908431667664
82.41666666666666,3.8896715612174946,3.8896715612174946
82.45833333333333,3.8903517924511983,3.8903517924511983
82.5,3.891031552942623,3.891031552942623
82.54166666666666,3.891710785457763,3.891710785457763
82.58333333333333,3.892389547587442,3.892389547587442
82.625,3.8930675155328593,3.8930675155328593
82.66666666666666,3.8937446968765688,3.8937446968765688
82.70833333333333,3.8944211143232574,3.8944211143232574
82.75,3.895096742861935,3.895096742861935
82.79166666666666,3.8957712482440314,3.8957712482440314
82.83333333333333,3.8964444322020886,3.8964444322020886
82.875,3.8971163423851727,3.8971163423851727
82.91666666666666,3.897786883442699,3.897786883442699
82.95833333333333,3.8984558006807886,3.8984558006807886
83.0,3.899122694728738,3.899122694728738
83.04166666666666,3.8997876520061174,3.8997876520061174
83.08333333333333,3.9004511930295918,3.9004511930295918
83.125,3.9011133667669005,3.9011133667669005
83.16666666666666,3.901774431784454,3.901774431784454
83.20833333333333,3.9024344430101596,3.9024344430101596
83.25,3.903093663039401,3.903093663039401
83.29166666666666,3.9037521083553752,3.9037521083553752
83.33333333333333,3.9044099567235175,3.9044099567235175
83.375,3.905067219986954,3.905067219986954
83.41666666666666,3.9057239693812766,3.9057239693812766
83.45833333333333,3.906380263695083,3.906380263695083
83.5,3.9070361210045492,3.9070361210045492
83.54166666666666,3.9076914806583893,3.9076914806583893
83.58333333333333,3.9083464007528343,3.9083464007528343
83.625,3.909000568580353,3.909000568580353
83.66666666666666,3.9096539742001606,3.9096539742001606
83.70833333333333,3.910306645939894,3.910306645939894
83.75,3.910958558343472,3.910958558343472
83.79166666666666,3.911609394562674,3.911609394562674
83.83333333333333,3.9122589300249797,3.9122589300249797
83.875,3.9129072217652148,3.9129072217652148
83.91666666666666,3.913554174015076,3.913554174015076
83.95833333333333,3.9141995490187194,3.9141995490187194
84.0,3.914842923097769,3.914842923097769
84.04166666666666,3.915484400072012,3.915484400072012
84.08333333333333,3.916124488760792,3.916124488760792
84.125,3.916763241021252,3.916763241021252
84.16666666666666,3.9174009159155956,3.9174009159155956
84.20833333333333,3.918037568507544,3.918037568507544
84.25,3.9186734629530338,3.9186734629530338
84.29166666666666,3.919308612819851,3.919308612819851
84.33333333333333,3.919943198182108,3.919943198182108
84.375,3.9205772301786372,3.9205772301786372
84.41666666666666,3.9212107791317248,3.9212107791317248
84.45833333333333,3.9218439039817077,3.9218439039817077
84.5,3.922476624716736,3.922476624716736
84.54166666666666,3.923108877446907,3.923108877446907
84.58333333333333,3.923740720734916,3.923740720734916
84.625,3.924371852400712,3.924371852400712
84.66666666666666,3.9250022459065965,3.9250022459065965
84.70833333333333,3.9256319348724804,3.9256319348724804
84.75,3.9262608934153573,3.9262608934153573
84.79166666666666,3.9268888211462056,3.9268888211462056
84.83333333333333,3.9275154686696077,3.9275154686696077
84.875,3.92814090184221,3.92814090184221
84.91666666666666,3.9287650244950707,3.9287650244950707
84.95833333333333,3.9293876147999343,3.9293876147999343
85.0,3.9300082263235625,3.9300082263235625
85.04166666666666,3.9306269793974895,3.9306269793974895
85.08333333333333,3.931244371448672,3.931244371448672
85.125,3.9318604571591815,3.9318604571591815
85.16666666666666,3.932475496087718,3.932475496087718
85.20833333333333,3.9330895434407975,3.9330895434407975
85.25,3.9337028648538532,3.9337028648538532
85.29166666666666,3.934315471129504,3.934315471129504
85.33333333333333,3.9349275445182244,3.9349275445182244
85.375,3.9355390954984397,3.9355390954984397
85.41666666666666,3.9361501935363727,3.9361501935363727
85.45833333333333,3.936760897689769,3.936760897689769
85.5,3.937371229773506,3.937371229773506
85.54166666666666,3.9379811228270265,3.9379811228270265
85.58333333333333,3.9385906358436134,3.9385906358436134
85.625,3.939199476639946,3.939199476639946
85.66666666666666,3.939807602951137,3.939807602951137
85.70833333333333,3.9404150533809514,3.9404150533809514
85.75,3.941021801636818,3.941021801636818
85.79166666666666,3.941627562907598,3.941627562907598
85.83333333333333,3.942232064358856,3.942232064358856
85.875,3.9428353801447145,3.9428353801447145
85.91666666666666,3.943437413711905,3.943437413711905
85.95833333333333,3.944037958219999,3.944037958219999
86.0,3.944636545918587,3.944636545918587
86.04166666666666,3.94523331281994,3.94523331281994
86.08333333333333,3.945828745259344,3.945828745259344
86.125,3.9464229006787845,3.9464229006787845
86.16666666666666,3.947016039132796,3.947016039132796
86.20833333333333,3.9476082159765613,3.9476082159765613
86.25,3.948199698248786,3.948199698248786
86.29166666666666,3.9487904941280716,3.9487904941280716
86.33333333333333,3.9493807879178036,3.9493807879178036
86.375,3.949970589476722,3.949970589476722
86.41666666666666,3.950559967467984,3.950559967467984
86.45833333333333,3.9511489810363534,3.9511489810363534
86.5,3.9517376537422604,3.9517376537422604
86.54166666666666,3.952325915712384,3.952325915712384
86.58333333333333,3.9529138263375554,3.9529138263375554
86.625,3.953501102931533,3.953501102931533
86.66666666666666,3.9540876883188116,3.9540876883188116
86.70833333333333,3.9546736257993103,3.9546736257993103
86.75,3.9552588886874633,3.9552588886874633
86.79166666666666,3.9558432069244795,3.9558432069244795
86.83333333333333,3.9564262855295174,3.9564262855295174
86.875,3.957008206466421,3.957008206466421
86.91666666666666,3.957588872813177,3.957588872813177
86.95833333333333,3.9581680918427544,3.9581680918427544
87.0,3.9587453758193587,3.9587453758193587
87.04166666666666,3.9593208756579372,3.9593208756579372
87.08333333333333,3.959895066898446,3.959895066898446
87.125,3.960468009677442,3.960468009677442
87.16666666666666,3.961039964543474,3.961039964543474
87.20833333333333,3.961610987005197,3.961610987005197
87.25,3.962181345432831,3.962181345432831
87.29166666666666,3.9627510455137833,3.9627510455137833
87.33333333333333,3.963320273488978,3.963320273488978
87.375,3.963889038635312,3.963889038635312
87.41666666666666,3.9644574088620432,3.9644574088620432
87.45833333333333,3.965025443374067,3.965025443374067
87.5,3.9655931674000007,3.9655931674000007
87.54166666666666,3.9661605083023876,3.9661605083023876
87.58333333333333,3.966727525839154,3.966727525839154
87.625,3.9672939463500794,3.9672939463500794
87.66666666666666,3.967859698516804,3.967859698516804
87.70833333333333,3.9684248300666636,3.9684248300666636
87.75,3.968989313936951,3.968989313936951
87.79166666666666,3.9695528940467857,3.9695528940467857
87.83333333333333,3.9701152544780496,3.9701152544780496
87.875,3.970676484549964,3.970676484549964
87.91666666666666,3.971236486986663,3.971236486986663
87.95833333333333,3.9717950823597077,3.9717950823597077
88.0,3.9723517641833,3.9723517641833
88.04166666666666,3.9729066975453304,3.9729066975453304
88.08333333333333,3.9734603474823813,3.9734603474823813
88.125,3.974012776760104,3.974012776760104
88.16666666666666,3.97456424641818,3.97456424641818
88.20833333333333,3.975114812122594,3.975114812122594
88.25,3.9756647435074814,3.9756647435074814
88.29166666666666,3.976214043894125,3.976214043894125
88.33333333333333,3.976762901353097,3.976762901353097
88.375,3.9773113246146328,3.9773113246146328
88.41666666666666,3.9778593808797384,3.9778593808797384
88.45833333333333,3.9784071293897094,3.9784071293897094
88.5,3.9789545969676166,3.9789545969676166
88.54166666666666,3.979501708351832,3.979501708351832
88.58333333333333,3.980048523639307,3.980048523639307
88.625,3.980594777751524,3.980594777751524
88.66666666666666,3.9811403859495305,3.9811403859495305
88.70833333333333,3.9816854001369233,3.9816854001369233
88.75,3.9822297928890134,3.9822297928890134
88.79166666666666,3.9827733213758325,3.9827733213758325
88.83333333333333,3.9833156498738616,3.9833156498738616
88.875,3.9838568746341436,3.9838568746341436
88.91666666666666,3.9843968980412066,3.9843968980412066
88.95833333333333,3.9849355532053714,3.9849355532053714
89.0,3.985472316037678,3.985472316037678
89.04166666666666,3.9860073651137244,3.9860073651137244
89.08333333333333,3.986541155254233,3.986541155254233
89.125,3.9870737517884907,3.9870737517884907
89.16666666666666,3.9876054162434658,3.9876054162434658
89.20833333333333,3.988136204445489,3.988136204445489
89.25,3.988666387228927,3.988666387228927
89.29166666666666,3.9891959656667177,3.9891959656667177
89.33333333333333,3.989725129558158,3.989725129558158
89.375,3.990253887119554,3.990253887119554
89.41666666666666,3.990782304886059,3.990782304886059
89.45833333333333,3.9913104421144663,3.9913104421144663
89.5,3.9918383271520477,3.9918383271520477
89.54166666666666,3.992365882244848,3.992365882244848
89.58333333333333,3.992893167802971,3.992893167802971
89.625,3.9934199269103607,3.9934199269103607
89.66666666666666,3.993946062087205,3.993946062087205
89.70833333333333,3.9944716291785305,3.9944716291785305
89.75,3.9949966004121693,3.9949966004121693
89.79166666666666,3.9955207455262167,3.9955207455262167
89.83333333333333,3.99604371005196,3.99604371005196
89.875,3.9965655967771596,3.9965655967771596
89.91666666666666,3.997086307760356,3.997086307760356
89.95833333333333,3.9976056879416024,3.9976056879416024
90.0,3.9981231966941566,3.9981231966941566
90.04166666666666,3.998639025437182,3.998639025437182
90.08333333333333,3.9991536190584553,3.9991536190584553
90.125,3.999667045385632,3.999667045385632
90.16666666666666,4.000179566428311,4.000179566428311
90.20833333333333,4.0006912381753805,4.0006912381753805
90.25,4.001202332601352,4.001202332601352
90.29166666666666,4.001712848641945,4.001712848641945
90.33333333333333,4.002222977730609,4.002222977730609
90.375,4.002732727600216,4.002732727600216
90.41666666666666,4.003242164159518,4.003242164159518
90.45833333333333,4.003751346662441,4.003751346662441
90.5,4.004260304913444,4.004260304913444
90.54166666666666,4.0047689587906135,4.0047689587906135
90.58333333333333,4.00527736899334,4.00527736899334
90.625,4.005785286371882,4.005785286371882
90.66666666666666,4.006292601346175,4.006292601346175
90.70833333333333,4.0067993734828224,4.0067993734828224
90.75,4.007305574676067,4.007305574676067
90.79166666666666,4.007810986589769,4.007810986589769
90.83333333333333,4.00831523700451,4.00831523700451
90.875,4.0088184348756934,4.0088184348756934
90.91666666666666,4.009320481948921,4.009320481948921
90.95833333333333,4.0098212343314295,4.0098212343314295
91.0,4.010320135849712,4.010320135849712
91.04166666666666,4.010817390160038,4.010817390160038
91.08333333333333,4.011313432495549,4.011313432495549
91.125,4.011808333117319,4.011808333117319
91.16666666666666,4.01230235451215,4.01230235451215
91.20833333333333,4.0127955528330235,4.0127955528330235
91.25,4.0132882011379225,4.0132882011379225
91.29166666666666,4.013780296330142,4.013780296330142
91.33333333333333,4.014272031388687,4.014272031388687
91.375,4.014763413591409,4.014763413591409
91.41666666666666,4.015254508257374,4.015254508257374
91.45833333333333,4.015745374621545,4.015745374621545
91.5,4.016236043881702,4.016236043881702
91.54166666666666,4.016726433665261,4.016726433665261
91.58333333333333,4.017216604938893,4.017216604938893
91.625,4.0177063159449276,4.0177063159449276
91.66666666666666,4.018195445606716,4.018195445606716
91.70833333333333,4.018684057006609,4.018684057006609
91.75,4.019172121718554,4.019172121718554
91.79166666666666,4.0196594327279715,4.0196594327279715
91.83333333333333,4.020145600997734,4.020145600997734
91.875,4.020630741306049,4.020630741306049
91.91666666666666,4.021114755098065,4.021114755098065
91.95833333333333,4.02159750902893,4.02159750902893
92.0,4.022078432300526,4.022078432300526
92.04166666666666,4.022557740234808,4.022557740234808
92.08333333333333,4.023035858683845,4.023035858683845
92.125,4.023512860277629,4.023512860277629
92.16666666666666,4.0239890079740945,4.0239890079740945
92.20833333333333,4.0244643580912065,4.0244643580912065
92.25,4.024939184716893,4.024939184716893
92.29166666666666,4.025413482821014,4.025413482821014
92.33333333333333,4.025887446845001,4.025887446845001
92.375,4.0263610836381964,4.0263610836381964
92.41666666666666,4.0268344579641955,4.0268344579641955
92.45833333333333,4.027307629024947,4.027307629024947
92.5,4.027780629350624,4.027780629350624
92.54166666666666,4.028253374428717,4.028253374428717
92.58333333333333,4.02872592547287,4.02872592547287
92.625,4.029198047763475,4.029198047763475
92.66666666666666,4.0296696092968896,4.0296696092968896
92.70833333333333,4.030140676478276,4.030140676478276
92.75,4.030611220574034,4.030611220574034
92.79166666666666,4.031081045322013,4.031081045322013
92.83333333333333,4.031549745743838,4.031549745743838
92.875,4.0320174421179145,4.0320174421179145
92.91666666666666,4.032484035600899,4.032484035600899
92.95833333333333,4.032949402816275,4.032949402816275
93.0,4.033412959200463,4.033412959200463
93.04166666666666,4.033874931201914,4.033874931201914
93.08333333333333,4.03433573556044,4.03433573556044
93.125,4.034795447210995,4.034795447210995
93.16666666666666,4.035254329575969,4.035254329575969
93.20833333333333,4.035712439138665,4.035712439138665
93.25,4.036170050966435,4.036170050966435
93.29166666666666,4.036627158189121,4.036627158189121
93.33333333333333,4.03708395663264,4.03708395663264
93.375,4.037540452742542,4.037540452742542
93.41666666666666,4.0379967107588435,4.0379967107588435
93.45833333333333,4.038452789838255,4.038452789838255
93.5,4.0389087237852745,4.0389087237852745
93.54166666666666,4.039364426051988,4.039364426051988
93.58333333333333,4.039819958080285,4.039819958080285
93.625,4.040275091853918,4.040275091853918
93.66666666666666,4.04072968497948,4.04072968497948
93.70833333333333,4.041183807004145,4.041183807004145
93.75,4.041637428898957,4.041637428898957
93.79166666666666,4.042090364618223,4.042090364618223
93.83333333333333,4.042542194065608,4.042542194065608
93.875,4.042993042717893,4.042993042717893
93.91666666666666,4.043442811454702,4.043442811454702
93.95833333333333,4.043891386325408,4.043891386325408
94.0,4.04433816980151,4.04433816980151
94.04166666666666,4.044783398948942,4.044783398948942
94.08333333333333,4.045227481659121,4.045227481659121
94.125,4.0456704951086735,4.0456704951086735
94.16666666666666,4.0461127031773,4.0461127031773
94.20833333333333,4.046554162513451,4.046554162513451
94.25,4.046995149116121,4.046995149116121
94.29166666666666,4.0474356543635475,4.0474356543635475
94.33333333333333,4.047875875392845,4.047875875392845
94.375,4.048315818268891,4.048315818268891
94.41666666666666,4.0487555467379,4.0487555467379
94.45833333333333,4.0491951199007685,4.0491951199007685
94.5,4.049634572780863,4.049634572780863
94.54166666666666,4.050073816893726,4.050073816893726
94.58333333333333,4.050512913892201,4.050512913892201
94.625,4.050951642146252,4.050951642146252
94.66666666666666,4.051389849380488,4.051389849380488
94.70833333333333,4.05182760811433,4.05182760811433
94.75,4.052264889035178,4.052264889035178
94.79166666666666,4.052701515807997,4.052701515807997
94.83333333333333,4.05313705399336,4.05313705399336
94.875,4.053571633983524,4.053571633983524
94.91666666666666,4.05400515639207,4.05400515639207
94.95833333333333,4.054437516185615,4.054437516185615
95.0,4.0548681036180065,4.0548681036180065
95.04166666666666,4.055297165891262,4.055297165891262
95.08333333333333,4.055725102307389,4.055725102307389
95.125,4.056151992222129,4.056151992222129
95.16666666666666,4.056578099964877,4.056578099964877
95.20833333333333,4.057003482348626,4.057003482348626
95.25,4.057428416258857,4.057428416258857
95.29166666666666,4.057852891405749,4.057852891405749
95.33333333333333,4.058277106168809,4.058277106168809
95.375,4.058701066253823,4.058701066253823
95.41666666666666,4.059124834941009,4.059124834941009
95.45833333333333,4.0595484712663366,4.0595484712663366
95.5,4.059972011419178,4.059972011419178
95.54166666666666,4.060395365071924,4.060395365071924
95.58333333333333,4.06081859407242,4.06081859407242
95.625,4.061241482876671,4.061241482876671
95.66666666666666,4.061663869806796,4.061663869806796
95.70833333333333,4.062085830195174,4.062085830195174
95.75,4.062507334456783,4.062507334456783
95.79166666666666,4.062928215490265,4.062928215490265
95.83333333333333,4.063348025241992,4.063348025241992
95.875,4.063766898754641,4.063766898754641
95.91666666666666,4.064184736386275,4.064184736386275
95.95833333333333,4.06460143849496,4.06460143849496
96.0,4.065016392961333,4.065016392961333
96.04166666666666,4.065429847521052,4.065429847521052
96.08333333333333,4.065842196189676,4.065842196189676
96.125,4.066253520440323,4.066253520440323
96.16666666666666,4.066664085044129,4.066664085044129
96.20833333333333,4.067073946977586,4.067073946977586
96.25,4.067483383969935,4.067483383969935
96.29166666666666,4.067892384142409,4.067892384142409
96.33333333333333,4.068301147052166,4.068301147052166
96.375,4.068709678066102,4.068709678066102
96.41666666666666,4.069118040024432,4.069118040024432
96.45833333333333,4.069526291890412,4.069526291890412
96.5,4.069934470968938,4.069934470968938
96.54166666666666,4.07034248517764,4.07034248517764
96.58333333333333,4.07075039654464,4.07075039654464
96.625,4.071157995327367,4.071157995327367
96.66666666666666,4.071565110899001,4.071565110899001
96.70833333333333,4.0719718212551985,4.0719718212551985
96.75,4.072378096549275,4.072378096549275
96.79166666666666,4.072783778462991,4.072783778462991
96.83333333333333,4.073188406015292,4.073188406015292
96.875,4.073592118650538,4.073592118650538
96.91666666666666,4.073994816481381,4.073994816481381
96.95833333333333,4.074396399620471,4.074396399620471
97.0,4.074796269794783,4.074796269794783
97.04166666666666,4.075194659274478,4.075194659274478
97.08333333333333,4.075591962226819,4.075591962226819
97.125,4.075988262181452,4.075988262181452
97.16666666666666,4.076383824342967,4.076383824342967
97.20833333333333,4.076778705849971,4.076778705849971
97.25,4.077173185235023,4.077173185235023
97.29166666666666,4.0775672491053125,4.0775672491053125
97.33333333333333,4.07796109813474,4.07796109813474
97.375,4.078354737370209,4.078354737370209
97.41666666666666,4.078748229236258,4.078748229236258
97.45833333333333,4.079141632616815,4.079141632616815
97.5,4.079534985884122,4.079534985884122
97.54166666666666,4.0799281952846975,4.0799281952846975
97.58333333333333,4.080321323013335,4.080321323013335
97.625,4.08071416485907,4.08071416485907
97.66666666666666,4.081106541675144,4.081106541675144
97.70833333333333,4.081498533979812,4.081498533979812
97.75,4.081890111675053,4.081890111675053
97.79166666666666,4.082281124800112,4.082281124800112
97.83333333333333,4.082671100093689,4.082671100093689
97.875,4.083060181168364,4.083060181168364
97.91666666666666,4.083448267901061,4.083448267901061
97.95833333333333,4.083835260168712,4.083835260168712
98.0,4.084220572863942,4.084220572863942
98.04166666666666,4.084604423672601,4.084604423672601
98.08333333333333,4.084987206727407,4.084987206727407
98.125,4.085369007554637,4.085369007554637
98.16666666666666,4.0857500917838,4.0857500917838
98.20833333333333,4.086130516713899,4.086130516713899
98.25,4.086510561642515,4.086510561642515
98.29166666666666,4.086890211733781,4.086890211733781
98.33333333333333,4.087269668720971,4.087269668720971
98.375,4.087648937348711,4.087648937348711
98.41666666666666,4.088028079648625,4.088028079648625
98.45833333333333,4.0884071544197695,4.0884071544197695
98.5,4.088786201055722,4.088786201055722
98.54166666666666,4.0891651242111084,4.0891651242111084
98.58333333333333,4.089543986234843,4.089543986234843
98.625,4.089922588191531,4.089922588191531
98.66666666666666,4.090300742820623,4.090300742820623
98.70833333333333,4.090678533030642,4.090678533030642
98.75,4.091055928482145,4.091055928482145
98.79166666666666,4.091432787169378,4.091432787169378
98.83333333333333,4.0918086241612865,4.0918086241612865
98.875,4.092183587019304,4.092183587019304
98.91666666666666,4.092557575393933,4.092557575393933
98.95833333333333,4.092930488935679,4.092930488935679
99.0,4.093301755059903,4.093301755059903
99.04166666666666,4.093671577693384,4.093671577693384
99.08333333333333,4.094040350768574,4.094040350768574
99.125,4.094408161749465,4.094408161749465
99.16666666666666,4.094775276681712,4.094775276681712
99.20833333333333,4.095141753022744,4.095141753022744
99.25,4.095507870798909,4.095507870798909
99.29166666666666,4.095873613798505,4.095873613798505
99.33333333333333,4.0962391847601864,4.0962391847601864
99.375,4.0966045881428785,4.0966045881428785
99.41666666666666,4.096969885606614,4.096969885606614
99.45833333333333,4.097335135860975,4.097335135860975
99.5,4.097700379276968,4.097700379276968
99.54166666666666,4.098065518992333,4.098065518992333
99.58333333333333,4.098430617498506,4.098430617498506
99.625,4.098795480892856,4.098795480892856
99.66666666666666,4.099159914185391,4.099159914185391
99.70833333333333,4.099524002550453,4.099524002550453
99.75,4.099887715416676,4.099887715416676
99.79166666666666,4.100250918352846,4.100250918352846
99.83333333333333,4.100613115333907,4.100613115333907
99.875,4.100974457664059,4.100974457664059
99.91666666666666,4.1013348447763045,4.1013348447763045
99.95833333333333,4.101694176103637,4.101694176103637
100.0,4.102051890977019,4.102051890977019
