time,APlasma,[APlasma]
0.0,0.0,0.0
0.041666666666666664,1.9952151977181902e-09,1.9952151977181902e-09
0.08333333333333333,1.5654399548917823e-08,1.5654399548917823e-08
0.125,5.181947069498034e-08,5.181947069498034e-08
0.16666666666666666,1.204808433739191e-07,1.204808433739191e-07
0.20833333333333331,2.308250068037425e-07,2.308250068037425e-07
0.25,3.9127976972683945e-07,3.9127976972683945e-07
0.29166666666666663,6.095572437555511e-07,6.095572437555511e-07
0.3333333333333333,8.926947616397898e-07,8.926947616397898e-07
0.375,1.2470937463705257e-06,1.2470937463705257e-06
0.41666666666666663,1.678556578078e-06,1.678556578078e-06
0.4583333333333333,2.1923216802608676e-06,2.1923216802608676e-06
0.5,2.7930968350296458e-06,2.7930968350296458e-06
0.5416666666666666,3.4850907699063966e-06,3.4850907699063966e-06
0.5833333333333333,4.2720433693698646e-06,4.2720433693698646e-06
0.625,5.157254191514152e-06,5.157254191514152e-06
0.6666666666666666,6.1436093451076505e-06,6.1436093451076505e-06
0.7083333333333333,7.233607136707224e-06,7.233607136707224e-06
0.75,8.429382532722377e-06,8.429382532722377e-06
0.7916666666666666,9.732730308977735e-06,9.732730308977735e-06
0.8333333333333333,1.1145126912882812e-05,1.1145126912882812e-05
0.875,1.2667750806796007e-05,1.2667750806796007e-05
0.9166666666666666,1.4301502936097971e-05,1.4301502936097971e-05
0.9583333333333333,1.604702515591754e-05,1.604702515591754e-05
1.0,1.790471733490983e-05,1.790471733490983e-05
1.0416666666666665,1.9876770255584484e-05,1.9876770255584484e-05
1.0833333333333333,2.197276655162819e-05,2.197276655162819e-05
1.125,2.420335861741231e-05,2.420335861741231e-05
1.1666666666666665,2.657813764460514e-05,2.657813764460514e-05
1.2083333333333333,2.9105703897385573e-05,2.9105703897385573e-05
1.25,3.179375086950783e-05,3.179375086950783e-05
1.2916666666666665,3.46491187085252e-05,3.46491187085252e-05
1.3333333333333333,3.767784632845355e-05,3.767784632845355e-05
1.375,4.088521493403999e-05,4.088521493403999e-05
1.4166666666666665,4.427580868200338e-05,4.427580868200338e-05
1.4583333333333333,4.785353096235054e-05,4.785353096235054e-05
1.5,5.16216855570762e-05,5.16216855570762e-05
1.5416666666666665,5.5582939879061295e-05,5.5582939879061295e-05
1.5833333333333333,5.973944559086954e-05,5.973944559086954e-05
1.625,6.409285278349316e-05,6.409285278349316e-05
1.6666666666666665,6.86443276313083e-05,6.86443276313083e-05
1.7083333333333333,7.339461900020423e-05,7.339461900020423e-05
1.75,7.834404144255525e-05,7.834404144255525e-05
1.7916666666666665,8.349254363620323e-05,8.349254363620323e-05
1.8333333333333333,8.883973734777101e-05,8.883973734777101e-05
1.875,9.438483613922238e-05,9.438483613922238e-05
1.9166666666666665,0.00010012685943095886,0.00010012685943095886
1.9583333333333333,0.00010606443419135845,0.00010606443419135845
2.0,0.000112195999043532,0.000112195999043532
2.0416666666666665,0.00011852189634853863,0.00011852189634853863
2.083333333333333,0.00012504941317804716,0.00012504941317804716
2.125,0.00013178725852523067,0.00013178725852523067
2.1666666666666665,0.00013874304856393527,0.00013874304856393527
2.208333333333333,0.00014592326935107923,0.00014592326935107923
2.25,0.00015333366302812312,0.00015333366302812312
2.2916666666666665,0.00016097916881068343,0.00016097916881068343
2.333333333333333,0.00016886382096013765,0.00016886382096013765
2.375,0.00017699086619736126,0.00017699086619736126
2.4166666666666665,0.00018536285281236075,0.00018536285281236075
2.458333333333333,0.0001939816934438905,0.0001939816934438905
2.5,0.0002028487062661043,0.0002028487062661043
2.5416666666666665,0.00021196465982236946,0.00021196465982236946
2.583333333333333,0.00022132979745945232,0.00022132979745945232
2.625,0.00023094387853729855,0.00023094387853729855
2.6666666666666665,0.00024080624767248914,0.00024080624767248914
2.708333333333333,0.0002509157163586808,0.0002509157163586808
2.75,0.00026127089048524476,0.00026127089048524476
2.7916666666666665,0.00027186982811091843,0.00027186982811091843
2.833333333333333,0.0002827101900108176,0.0002827101900108176
2.875,0.0002937896693499502,0.0002937896693499502
2.9166666666666665,0.0003051052391125918,0.0003051052391125918
2.958333333333333,0.0003166539381678363,0.0003166539381678363
3.0,0.00032843249639598094,0.00032843249639598094
3.0416666666666665,0.00034043969905422157,0.00034043969905422157
3.083333333333333,0.0003526810268897605,0.0003526810268897605
3.125,0.00036516362457876116,0.00036516362457876116
3.1666666666666665,0.0003778935568759866,0.0003778935568759866
3.208333333333333,0.0003908759500321503,0.0003908759500321503
3.25,0.00040411498893609763,0.00040411498893609763
3.2916666666666665,0.0004176138054750453,0.0004176138054750453
3.333333333333333,0.0004313752339281708,0.0004313752339281708
3.375,0.0004454009980608373,0.0004454009980608373
3.4166666666666665,0.0004596925125474514,0.0004596925125474514
3.458333333333333,0.00047425025956696705,0.00047425025956696705
3.5,0.0004890742177125307,0.0004890742177125307
3.5416666666666665,0.000504163743925957,0.000504163743925957
3.583333333333333,0.0005195177715299125,0.0005195177715299125
3.625,0.0005351347526571114,0.0005351347526571114
3.6666666666666665,0.0005510127272385308,0.0005510127272385308
3.708333333333333,0.0005671493991749423,0.0005671493991749423
3.75,0.0005835420572453138,0.0005835420572453138
3.7916666666666665,0.0006001876943590495,0.0006001876943590495
3.833333333333333,0.0006170829984368912,0.0006170829984368912
3.875,0.0006342243619356689,0.0006342243619356689
3.9166666666666665,0.0006516080517602232,0.0006516080517602232
3.958333333333333,0.0006692299254322067,0.0006692299254322067
4.0,0.0006870855311152718,0.0006870855311152718
4.041666666666666,0.0007051727997257109,0.0007051727997257109
4.083333333333333,0.0007234959830448491,0.0007234959830448491
4.125,0.0007420614157742008,0.0007420614157742008
4.166666666666666,0.0007608740055413595,0.0007608740055413595
4.208333333333333,0.0007799381049420053,0.0007799381049420053
4.25,0.0007992571753571092,0.0007992571753571092
4.291666666666666,0.0008188337085070522,0.0008188337085070522
4.333333333333333,0.0008386693545115949,0.0008386693545115949
4.375,0.0008587651241354319,0.0008587651241354319
4.416666666666666,0.0008791215745264481,0.0008791215745264481
4.458333333333333,0.0008997384096111334,0.0008997384096111334
4.5,0.0009206150524450668,0.0009206150524450668
4.541666666666666,0.0009417501816558633,0.0009417501816558633
4.583333333333333,0.0009631420026818146,0.0009631420026818146
4.625,0.0009847883407520146,0.0009847883407520146
4.666666666666666,0.0010066864304593378,0.0010066864304593378
4.708333333333333,0.001028833383427624,0.001028833383427624
4.75,0.0010512257256914122,0.0010512257256914122
4.791666666666666,0.0010738599379229053,0.0010738599379229053
4.833333333333333,0.0010967320015821524,0.0010967320015821524
4.875,0.001119837836167402,0.001119837836167402
4.916666666666666,0.001143172966386943,0.001143172966386943
4.958333333333333,0.0011667328437693354,0.0011667328437693354
5.0,0.0011905125968307733,0.0011905125968307733
5.041666666666666,0.0012145100237807862,0.0012145100237807862
5.083333333333333,0.0012387283022803162,0.0012387283022803162
5.125,0.0012631734091371261,0.0012631734091371261
5.166666666666666,0.0012878499246383682,0.0012878499246383682
5.208333333333333,0.0013127613326418162,0.0013127613326418162
5.25,0.001337910873049143,0.001337910873049143
5.291666666666666,0.0013633008572786405,0.0013633008572786405
5.333333333333333,0.0013889321360996286,0.0013889321360996286
5.375,0.0014148061592063387,0.0014148061592063387
5.416666666666666,0.0014409224344559691,0.0014409224344559691
5.458333333333333,0.00146728058764898,0.00146728058764898
5.5,0.0014938796038715383,0.0014938796038715383
5.541666666666666,0.0015207174793581302,0.0015207174793581302
5.583333333333333,0.0015477925389627393,0.0015477925389627393
5.625,0.0015751020606828265,0.0015751020606828265
5.666666666666666,0.0016026430877714858,0.0016026430877714858
5.708333333333333,0.0016304125356453403,0.0016304125356453403
5.75,0.0016584063590847965,0.0016584063590847965
5.791666666666666,0.001686621159768271,0.001686621159768271
5.833333333333333,0.0017150526179603891,0.0017150526179603891
5.875,0.00174369626565461,0.00174369626565461
5.916666666666666,0.0017725477365678748,0.0017725477365678748
5.958333333333333,0.0018016019507401874,0.0018016019507401874
6.0,0.0018308539203657794,0.0018308539203657794
6.041666666666666,0.001860301393816138,0.001860301393816138
6.083333333333333,0.0018899468699657236,0.0018899468699657236
6.125,0.0019197962728538696,0.0019197962728538696
6.166666666666666,0.0019498540140049552,0.0019498540140049552
6.208333333333333,0.001980123503146806,0.001980123503146806
6.25,0.002010607251030286,0.002010607251030286
6.291666666666666,0.0020413077612112056,0.0020413077612112056
6.333333333333333,0.002072225964749996,0.002072225964749996
6.375,0.0021033628535163727,0.0021033628535163727
6.416666666666666,0.002134718162776848,0.002134718162776848
6.458333333333333,0.0021662912287319295,0.0021662912287319295
6.5,0.002198080984891331,0.002198080984891331
6.541666666666666,0.0022300853336235118,0.0022300853336235118
6.583333333333333,0.0022623025798701266,0.0022623025798701266
6.625,0.0022947294385181317,0.0022947294385181317
6.666666666666666,0.002327363620265909,0.002327363620265909
6.708333333333333,0.0023602010413169864,0.0023602010413169864
6.75,0.0023932386823535727,0.0023932386823535727
6.791666666666666,0.0024264719713936885,0.0024264719713936885
6.833333333333333,0.0024598971392452134,0.0024598971392452134
6.875,0.002493509108995367,0.002493509108995367
6.916666666666666,0.002527303658213618,0.002527303658213618
6.958333333333333,0.0025612759319140472,0.0025612759319140472
7.0,0.002595420510978403,0.002595420510978403
7.041666666666666,0.0026297360164776067,0.0026297360164776067
7.083333333333333,0.0026642240411738367,0.0026642240411738367
7.125,0.0026988906871980756,0.0026988906871980756
7.166666666666666,0.0027337401552662527,0.0027337401552662527
7.208333333333333,0.002768775979428606,0.002768775979428606
7.25,0.002804000593317028,0.002804000593317028
7.291666666666666,0.002839415891571967,0.002839415891571967
7.333333333333333,0.0028750237574089793,0.0028750237574089793
7.375,0.002910823975765712,0.002910823975765712
7.416666666666666,0.0029468177445905706,0.0029468177445905706
7.458333333333333,0.0029830030602843696,0.0029830030602843696
7.5,0.003019380126339956,0.003019380126339956
7.541666666666666,0.0030559457946559227,0.0030559457946559227
7.583333333333333,0.003092699221691214,0.003092699221691214
7.625,0.0031296364845526527,0.0031296364845526527
7.666666666666666,0.003166755785387886,0.003166755785387886
7.708333333333333,0.0032040526187646027,0.0032040526187646027
7.75,0.003241524337164265,0.003241524337164265
7.791666666666666,0.003279166052159897,0.003279166052159897
7.833333333333333,0.0033169742671095605,0.0033169742671095605
7.875,0.0033549439666811045,0.0033549439666811045
7.916666666666666,0.0033930708144546944,0.0033930708144546944
7.958333333333333,0.0034313496972054936,0.0034313496972054936
8.0,0.003469775660837665,0.003469775660837665
8.041666666666666,0.0035083468786975347,0.0035083468786975347
8.083333333333332,0.003547065537852424,0.003547065537852424
8.125,0.0035859375794349696,0.0035859375794349696
8.166666666666666,0.0036249670649158745,0.0036249670649158745
8.208333333333332,0.003664157622404006,0.003664157622404006
8.25,0.0037035120264901716,0.0037035120264901716
8.291666666666666,0.0037430314472851178,0.0037430314472851178
8.333333333333332,0.0037827180972431584,0.0037827180972431584
8.375,0.003822572520948834,0.003822572520948834
8.416666666666666,0.0038625942516496196,0.0038625942516496196
8.458333333333332,0.0039027840552669714,0.0039027840552669714
8.5,0.003943138993924015,0.003943138993924015
8.541666666666666,0.003983659440752242,0.003983659440752242
8.583333333333332,0.004024341157530635,0.004024341157530635
8.625,0.004065183294606891,0.004065183294606891
8.666666666666666,0.004106181896139708,0.004106181896139708
8.708333333333332,0.004147334010862594,0.004147334010862594
8.75,0.004188636141421394,0.004188636141421394
8.791666666666666,0.004230083868801189,0.004230083868801189
8.833333333333332,0.004271673707064194,0.004271673707064194
8.875,0.004313400405766293,0.004313400405766293
8.916666666666666,0.004355260193190895,0.004355260193190895
8.958333333333332,0.004397247376380435,0.004397247376380435
9.0,0.004439357628790189,0.004439357628790189
9.041666666666666,0.004481589088449552,0.004481589088449552
9.083333333333332,0.004523943955371451,0.004523943955371451
9.125,0.004566428130565173,0.004566428130565173
9.166666666666666,0.004609045704609486,0.004609045704609486
9.208333333333332,0.00465180036383807,0.00465180036383807
9.25,0.004694694895694206,0.004694694895694206
9.291666666666666,0.004737731657835105,0.004737731657835105
9.333333333333332,0.004780911539760492,0.004780911539760492
9.375,0.004824235950377024,0.004824235950377024
9.416666666666666,0.004867704505259932,0.004867704505259932
9.458333333333332,0.004911315990321357,0.004911315990321357
9.5,0.004955069184501749,0.004955069184501749
9.541666666666666,0.004998963686060431,0.004998963686060431
9.583333333333332,0.00504299729295937,0.00504299729295937
9.625,0.005087165961960895,0.005087165961960895
9.666666666666666,0.005131468851687888,0.005131468851687888
9.708333333333332,0.005175903583734675,0.005175903583734675
9.75,0.005220464416735955,0.005220464416735955
9.791666666666666,0.005265148809066926,0.005265148809066926
9.833333333333332,0.005309952735596175,0.005309952735596175
9.875,0.005354871704053342,0.005354871704053342
9.916666666666666,0.005399900930795895,0.005399900930795895
9.958333333333332,0.005445035326484924,0.005445035326484924
10.0,0.005490269899163252,0.005490269899163252
10.041666666666666,0.0055356022058178625,0.0055356022058178625
10.083333333333332,0.005581035554418715,0.005581035554418715
10.125,0.005626576091664626,0.005626576091664626
10.166666666666666,0.005672227883464865,0.005672227883464865
10.208333333333332,0.005717994564989917,0.005717994564989917
10.25,0.00576387913771961,0.00576387913771961
10.291666666666666,0.005809883393766558,0.005809883393766558
10.333333333333332,0.005856009544897697,0.005856009544897697
10.375,0.005902257598441635,0.005902257598441635
10.416666666666666,0.0059486285913374895,0.0059486285913374895
10.458333333333332,0.005995121416478752,0.005995121416478752
10.5,0.006041734956538063,0.006041734956538063
10.541666666666666,0.006088466929975969,0.006088466929975969
10.583333333333332,0.006135316578725214,0.006135316578725214
10.625,0.006182282320051523,0.006182282320051523
10.666666666666666,0.006229358694218792,0.006229358694218792
10.708333333333332,0.006276544677610024,0.006276544677610024
10.75,0.006323837600930506,0.006323837600930506
10.791666666666666,0.00637123282237342,0.00637123282237342
10.833333333333332,0.006418726035039057,0.006418726035039057
10.875,0.0064663135015128135,0.0064663135015128135
10.916666666666666,0.006513990698529165,0.006513990698529165
10.958333333333332,0.0065617529059248895,0.0065617529059248895
11.0,0.006609594951072147,0.006609594951072147
11.041666666666666,0.006657514081637589,0.006657514081637589
11.083333333333332,0.006705513967723004,0.006705513967723004
11.125,0.006753600606969034,0.006753600606969034
11.166666666666666,0.006801778591987384,0.006801778591987384
11.208333333333332,0.0068500510180999185,0.0068500510180999185
11.25,0.006898421095382688,0.006898421095382688
11.291666666666666,0.006946891178502945,0.006946891178502945
11.333333333333332,0.006995462338280158,0.006995462338280158
11.375,0.007044136344394517,0.007044136344394517
11.416666666666666,0.007092912570047088,0.007092912570047088
11.458333333333332,0.0071417916578167965,0.0071417916578167965
11.5,0.007190771825337468,0.007190771825337468
11.541666666666666,0.007239852072744557,0.007239852072744557
11.583333333333332,0.007289029171595635,0.007289029171595635
11.625,0.0073383020682300255,0.0073383020682300255
11.666666666666666,0.0073876691678262515,0.0073876691678262515
11.708333333333332,0.007437125042952312,0.007437125042952312
11.75,0.007486667504540326,0.007486667504540326
11.791666666666666,0.007536293768371966,0.007536293768371966
11.833333333333332,0.00758600001741138,0.00758600001741138
11.875,0.007635780824573946,0.007635780824573946
11.916666666666666,0.007685632534420512,0.007685632534420512
11.958333333333332,0.00773555045436969,0.00773555045436969
12.0,0.007785529923326346,0.007785529923326346
12.041666666666666,0.007835568182891387,0.007835568182891387
12.083333333333332,0.007885668907943217,0.007885668907943217
12.125,0.007935838021113226,0.007935838021113226
12.166666666666666,0.007986080095871978,0.007986080095871978
12.208333333333332,0.008036398326440262,0.008036398326440262
12.25,0.008086796018480035,0.008086796018480035
12.291666666666666,0.008137275393410815,0.008137275393410815
12.333333333333332,0.008187838423538804,0.008187838423538804
12.375,0.008238485933768417,0.008238485933768417
12.416666666666666,0.008289217072361828,0.008289217072361828
12.458333333333332,0.008340033291290787,0.008340033291290787
12.5,0.008390932534921392,0.008390932534921392
12.541666666666666,0.008441913991244953,0.008441913991244953
12.583333333333332,0.008492976893663105,0.008492976893663105
12.625,0.008544117124126744,0.008544117124126744
12.666666666666666,0.008595334131309544,0.008595334131309544
12.708333333333332,0.00864662330370941,0.00864662330370941
12.75,0.008697982113365262,0.008697982113365262
12.791666666666666,0.008749407208753363,0.008749407208753363
12.833333333333332,0.008800893749423267,0.008800893749423267
12.875,0.008852438813860006,0.008852438813860006
12.916666666666666,0.008904036818078699,0.008904036818078699
12.958333333333332,0.008955684086191504,0.008955684086191504
13.0,0.009007375795825723,0.009007375795825723
13.041666666666666,0.00905911047862223,0.00905911047862223
13.083333333333332,0.009110891054137565,0.009110891054137565
13.125,0.00916272365748645,0.00916272365748645
13.166666666666666,0.009214612559384596,0.009214612559384596
13.208333333333332,0.009266561393361981,0.009266561393361981
13.25,0.009318573108204326,0.009318573108204326
13.291666666666666,0.00937065013960755,0.00937065013960755
13.333333333333332,0.009422794481097348,0.009422794481097348
13.375,0.009475006989325357,0.009475006989325357
13.416666666666666,0.009527288047105842,0.009527288047105842
13.458333333333332,0.009579636578770232,0.009579636578770232
13.5,0.009632053757639578,0.009632053757639578
13.541666666666666,0.00968453613952189,0.00968453613952189
13.583333333333332,0.009737083593959736,0.009737083593959736
13.625,0.009789694446339812,0.009789694446339812
13.666666666666666,0.009842364394963396,0.009842364394963396
13.708333333333332,0.00989509258755419,0.00989509258755419
13.75,0.009947874200439008,0.009947874200439008
13.791666666666666,0.010000706327488779,0.010000706327488779
13.833333333333332,0.01005358568023064,0.01005358568023064
13.875,0.010106506957772366,0.010106506957772366
13.916666666666666,0.010159467098199718,0.010159467098199718
13.958333333333332,0.010212460893473592,0.010212460893473592
14.0,0.010265483871178567,0.010265483871178567
14.041666666666666,0.010318534970887007,0.010318534970887007
14.083333333333332,0.010371617089667731,0.010371617089667731
14.125,0.01042473657036327,0.01042473657036327
14.166666666666666,0.010477897535985443,0.010477897535985443
14.208333333333332,0.010531104035795266,0.010531104035795266
14.25,0.010584358240079451,0.010584358240079451
14.291666666666666,0.010637663234143507,0.010637663234143507
14.333333333333332,0.010691020541728265,0.010691020541728265
14.375,0.010744431869235932,0.010744431869235932
14.416666666666666,0.010797897334726534,0.010797897334726534
14.458333333333332,0.010851416324370686,0.010851416324370686
14.5,0.010904988127981536,0.010904988127981536
14.541666666666666,0.010958613274231619,0.010958613274231619
14.583333333333332,0.011012287275957613,0.011012287275957613
14.625,0.011066010566009865,0.011066010566009865
14.666666666666666,0.011119780487826494,0.011119780487826494
14.708333333333332,0.011173592759886768,0.011173592759886768
14.75,0.01122744620262993,0.01122744620262993
14.791666666666666,0.011281335688721382,0.011281335688721382
14.833333333333332,0.01133525812352673,0.01133525812352673
14.875,0.011389210162592195,0.011389210162592195
14.916666666666666,0.011443186176122503,0.011443186176122503
14.958333333333332,0.011497182961976247,0.011497182961976247
15.0,0.011551195539827247,0.011551195539827247
15.041666666666666,0.011605222428947067,0.011605222428947067
15.083333333333332,0.011659267079868234,0.011659267079868234
15.125,0.011713336058717291,0.011713336058717291
15.166666666666666,0.011767433413982795,0.011767433413982795
15.208333333333332,0.011821562968351493,0.011821562968351493
15.25,0.011875727117538414,0.011875727117538414
15.291666666666666,0.011929928798432948,0.011929928798432948
15.333333333333332,0.011984169845063454,0.011984169845063454
15.375,0.01203845156962021,0.01203845156962021
15.416666666666666,0.012092774659644452,0.012092774659644452
15.458333333333332,0.012147139342514648,0.012147139342514648
15.5,0.0122015431375639,0.0122015431375639
15.541666666666666,0.012255986662957345,0.012255986662957345
15.583333333333332,0.012310468866714505,0.012310468866714505
15.625,0.01236498553370197,0.01236498553370197
15.666666666666666,0.012419536754231086,0.012419536754231086
15.708333333333332,0.012474118855654253,0.012474118855654253
15.75,0.012528728039933192,0.012528728039933192
15.791666666666666,0.012583362702865768,0.012583362702865768
15.833333333333332,0.012638017136896018,0.012638017136896018
15.875,0.012692688489666036,0.012692688489666036
15.916666666666666,0.012747373106101866,0.012747373106101866
15.958333333333332,0.012802065204489623,0.012802065204489623
16.0,0.012856761441104427,0.012856761441104427
16.041666666666664,0.01291145990466774,0.01291145990466774
16.083333333333332,0.012966164491987675,0.012966164491987675
16.125,0.013020881809281912,0.013020881809281912
16.166666666666664,0.013075615530375931,0.013075615530375931
16.208333333333332,0.013130369446844401,0.013130369446844401
16.25,0.01318514673600044,0.01318514673600044
16.291666666666664,0.013239949496992004,0.013239949496992004
16.333333333333332,0.013294780148846481,0.013294780148846481
16.375,0.01334963947411577,0.01334963947411577
16.416666666666664,0.013404529060616743,0.013404529060616743
16.458333333333332,0.013459448062416118,0.013459448062416118
16.5,0.013514396567924018,0.013514396567924018
16.541666666666664,0.013569371874206976,0.013569371874206976
16.583333333333332,0.013624374546886628,0.013624374546886628
16.625,0.013679401959363948,0.013679401959363948
16.666666666666664,0.013734450807390625,0.013734450807390625
16.708333333333332,0.013789520638913776,0.013789520638913776
16.75,0.013844605807667377,0.013844605807667377
16.791666666666664,0.013899703232216598,0.013899703232216598
16.833333333333332,0.013954810724443394,0.013954810724443394
16.875,0.014009925430278639,0.014009925430278639
16.916666666666664,0.014065042182717941,0.014065042182717941
16.958333333333332,0.014120155380154906,0.014120155380154906
17.0,0.014175262220416757,0.014175262220416757
17.041666666666664,0.014230361987168432,0.014230361987168432
17.083333333333332,0.01428545773950649,0.01428545773950649
17.125,0.014340554819123906,0.014340554819123906
17.166666666666664,0.014395657726951186,0.014395657726951186
17.208333333333332,0.014450771143379499,0.014450771143379499
17.25,0.014505897345023678,0.014505897345023678
17.291666666666664,0.014561039167050652,0.014561039167050652
17.333333333333332,0.01461619825791283,0.01461619825791283
17.375,0.014671375912951673,0.014671375912951673
17.416666666666664,0.014726573310788828,0.014726573310788828
17.458333333333332,0.014781790213667885,0.014781790213667885
17.5,0.014837025406816617,0.014837025406816617
17.541666666666664,0.014892277579582893,0.014892277579582893
17.583333333333332,0.014947547412486713,0.014947547412486713
17.625,0.015002831560697498,0.015002831560697498
17.666666666666664,0.015058126971152526,0.015058126971152526
17.708333333333332,0.015113433657641711,0.015113433657641711
17.75,0.01516874740044802,0.01516874740044802
17.791666666666664,0.015224063609378629,0.015224063609378629
17.833333333333332,0.015279381031781024,0.015279381031781024
17.875,0.01533469506323245,0.01533469506323245
17.916666666666664,0.015390000350934515,0.015390000350934515
17.958333333333332,0.015445294399737713,0.015445294399737713
18.0,0.015500572372461116,0.015500572372461116
18.041666666666664,0.015555831974921636,0.015555831974921636
18.083333333333332,0.015611078486713439,0.015611078486713439
18.125,0.015666317142539136,0.015666317142539136
18.166666666666664,0.015721552360394624,0.015721552360394624
18.208333333333332,0.01577678849567434,0.01577678849567434
18.25,0.015832028827799813,0.015832028827799813
18.291666666666664,0.015887275027497032,0.015887275027497032
18.333333333333332,0.015942529534198713,0.015942529534198713
18.375,0.015997793363166576,0.015997793363166576
18.416666666666664,0.016053067779059838,0.016053067779059838
18.458333333333332,0.016108352559624044,0.016108352559624044
18.5,0.016163647924782316,0.016163647924782316
18.541666666666664,0.016218950615067004,0.016218950615067004
18.583333333333332,0.016274260799984713,0.016274260799984713
18.625,0.01632957838575994,0.01632957838575994
18.666666666666664,0.016384898112477796,0.016384898112477796
18.708333333333332,0.016440218581429508,0.016440218581429508
18.75,0.01649553891523337,0.01649553891523337
18.791666666666664,0.01655085371311435,0.01655085371311435
18.833333333333332,0.0166061593090877,0.0166061593090877
18.875,0.016661453868175434,0.016661453868175434
18.916666666666664,0.016716732265328667,0.016716732265328667
18.958333333333332,0.01677198943484624,0.01677198943484624
19.0,0.016827222573416435,0.016827222573416435
19.041666666666664,0.01688242907231152,0.01688242907231152
19.083333333333332,0.016937614500087097,0.016937614500087097
19.125,0.01699278398113769,0.01699278398113769
19.166666666666664,0.017047941849250774,0.017047941849250774
19.208333333333332,0.01710309225337434,0.01710309225337434
19.25,0.017158239123702804,0.017158239123702804
19.291666666666664,0.017213383508160464,0.017213383508160464
19.333333333333332,0.017268528106055035,0.017268528106055035
19.375,0.01732367413158933,0.01732367413158933
19.416666666666664,0.017378822106702732,0.017378822106702732
19.458333333333332,0.017433973177235357,0.017433973177235357
19.5,0.01748912596348635,0.01748912596348635
19.541666666666664,0.017544280565009247,0.017544280565009247
19.583333333333332,0.01759943299881953,0.01759943299881953
19.625,0.01765458393929291,0.01765458393929291
19.666666666666664,0.01770973268375601,0.01770973268375601
19.708333333333332,0.01776487201639404,0.01776487201639404
19.75,0.017820002542940215,0.017820002542940215
19.791666666666664,0.01787512234869037,0.01787512234869037
19.833333333333332,0.017930224687462627,0.017930224687462627
19.875,0.01798530716310026,0.01798530716310026
19.916666666666664,0.0180403672409693,0.0180403672409693
19.958333333333332,0.018095399201880115,0.018095399201880115
20.0,0.018150398436118015,0.018150398436118015
20.041666666666664,0.01820536410679027,0.01820536410679027
20.083333333333332,0.01826030171665086,0.01826030171665086
20.125,0.01831521628834698,0.01831521628834698
20.166666666666664,0.018370112073119862,0.018370112073119862
20.208333333333332,0.018424993109670502,0.018424993109670502
20.25,0.018479863623840968,0.018479863623840968
20.291666666666664,0.018534724651489518,0.018534724651489518
20.333333333333332,0.018589578507157683,0.018589578507157683
20.375,0.01864442677169741,0.01864442677169741
20.416666666666664,0.018699269917548642,0.018699269917548642
20.458333333333332,0.018754108736477006,0.018754108736477006
20.5,0.018808942899654603,0.018808942899654603
20.541666666666664,0.018863771430074436,0.018863771430074436
20.583333333333332,0.018918592783348075,0.018918592783348075
20.625,0.018973403872413152,0.018973403872413152
20.666666666666664,0.01902820493393468,0.01902820493393468
20.708333333333332,0.01908299379133019,0.01908299379133019
20.75,0.01913776415441802,0.01913776415441802
20.791666666666664,0.019192516115297743,0.019192516115297743
20.833333333333332,0.01924724741886763,0.01924724741886763
20.875,0.019301950064534612,0.019301950064534612
20.916666666666664,0.019356623041339494,0.019356623041339494
20.958333333333332,0.01941126306644062,0.01941126306644062
21.0,0.019465863737909064,0.019465863737909064
21.041666666666664,0.019520423709263678,0.019520423709263678
21.083333333333332,0.019574949634856984,0.019574949634856984
21.125,0.019629446405957048,0.019629446405957048
21.166666666666664,0.0196839180612304,0.0196839180612304
21.208333333333332,0.019738368604435848,0.019738368604435848
21.25,0.019792801909038274,0.019792801909038274
21.291666666666664,0.01984722025950153,0.01984722025950153
21.333333333333332,0.019901624784172383,0.019901624784172383
21.375,0.019956017520713288,0.019956017520713288
21.416666666666664,0.020010399316020198,0.020010399316020198
21.458333333333332,0.02006476993522114,0.02006476993522114
21.5,0.020119130563590222,0.020119130563590222
21.541666666666664,0.020173478681970475,0.020173478681970475
21.583333333333332,0.020227814786280773,0.020227814786280773
21.625,0.02028213607500817,0.02028213607500817
21.666666666666664,0.020336440901490293,0.020336440901490293
21.708333333333332,0.02039072682000624,0.02039072682000624
21.75,0.020444990503162983,0.020444990503162983
21.791666666666664,0.02049922927794284,0.02049922927794284
21.833333333333332,0.02055343819216424,0.02055343819216424
21.875,0.02060761463284006,0.02060761463284006
21.916666666666664,0.02066175536107753,0.02066175536107753
21.958333333333332,0.020715857170295563,0.020715857170295563
22.0,0.020769912684866956,0.020769912684866956
22.041666666666664,0.0208239222359796,0.0208239222359796
22.083333333333332,0.02087789268422292,0.02087789268422292
22.125,0.02093182859671382,0.02093182859671382
22.166666666666664,0.020985733901136693,0.020985733901136693
22.208333333333332,0.0210396126113452,0.0210396126113452
22.25,0.02109346839571359,0.02109346839571359
22.291666666666664,0.02114730434751059,0.02114730434751059
22.333333333333332,0.021201120937197972,0.021201120937197972
22.375,0.02125492028893184,0.02125492028893184
22.416666666666664,0.02130870341775646,0.02130870341775646
22.458333333333332,0.021362470017176397,0.021362470017176397
22.5,0.021416220643586257,0.021416220643586257
22.541666666666664,0.02146995478007821,0.02146995478007821
22.583333333333332,0.021523670355236755,0.021523670355236755
22.625,0.021577367256126218,0.021577367256126218
22.666666666666664,0.02163104150433114,0.02163104150433114
22.708333333333332,0.021684692332422015,0.021684692332422015
22.75,0.021738315855245566,0.021738315855245566
22.791666666666664,0.021791909344540894,0.021791909344540894
22.833333333333332,0.021845469321035406,0.021845469321035406
22.875,0.021898990977188573,0.021898990977188573
22.916666666666664,0.021952471474746466,0.021952471474746466
22.958333333333332,0.02200590737999854,0.02200590737999854
23.0,0.022059295088896487,0.022059295088896487
23.041666666666664,0.02211262954867469,0.02211262954867469
23.083333333333332,0.022165920556576835,0.022165920556576835
23.125,0.022219172338477686,0.022219172338477686
23.166666666666664,0.022272388744726708,0.022272388744726708
23.208333333333332,0.022325573814733598,0.022325573814733598
23.25,0.02237873111535223,0.02237873111535223
23.291666666666664,0.02243186419937223,0.02243186419937223
23.333333333333332,0.02248497339645394,0.02248497339645394
23.375,0.022538060365982826,0.022538060365982826
23.416666666666664,0.02259112635136972,0.02259112635136972
23.458333333333332,0.022644171764097554,0.022644171764097554
23.5,0.022697195778338154,0.022697195778338154
23.541666666666664,0.022750199447297684,0.022750199447297684
23.583333333333332,0.022803179558460344,0.022803179558460344
23.625,0.02285613606710784,0.02285613606710784
23.666666666666664,0.02290906681983478,0.02290906681983478
23.708333333333332,0.022961968438849564,0.022961968438849564
23.75,0.023014839677382846,0.023014839677382846
23.791666666666664,0.023067675623824353,0.023067675623824353
23.833333333333332,0.02312047430527777,0.02312047430527777
23.875,0.023173231222643108,0.023173231222643108
23.916666666666664,0.023225941969811134,0.023225941969811134
23.958333333333332,0.023278603415581352,0.023278603415581352
24.0,0.0233312119531008,0.0233312119531008
24.041666666666664,0.023383763584115008,0.023383763584115008
24.083333333333332,0.023436268045787374,0.023436268045787374
24.125,0.02348872922360997,0.02348872922360997
24.166666666666664,0.023541150923262838,0.023541150923262838
24.208333333333332,0.02359353722258287,0.02359353722258287
24.25,0.023645891658744738,0.023645891658744738
24.291666666666664,0.023698217953600328,0.023698217953600328
24.333333333333332,0.023750516580620967,0.023750516580620967
24.375,0.023802788692216713,0.023802788692216713
24.416666666666664,0.023855035719593656,0.023855035719593656
24.458333333333332,0.023907258560404158,0.023907258560404158
24.5,0.023959455652716996,0.023959455652716996
24.541666666666664,0.024011627855999394,0.024011627855999394
24.583333333333332,0.02406377414870503,0.02406377414870503
24.625,0.024115891613843178,0.024115891613843178
24.666666666666664,0.024167980333715876,0.024167980333715876
24.708333333333332,0.024220035866646217,0.024220035866646217
24.75,0.024272056635906737,0.024272056635906737
24.791666666666664,0.024324039891152432,0.024324039891152432
24.833333333333332,0.024375981012921502,0.024375981012921502
24.875,0.024427877809011074,0.024427877809011074
24.916666666666664,0.024479724843604153,0.024479724843604153
24.958333333333332,0.02453151846025355,0.02453151846025355
25.0,0.02458325512539192,0.02458325512539192
25.041666666666664,0.02463493130920385,0.02463493130920385
25.083333333333332,0.024686557186093912,0.024686557186093912
25.125,0.02473813631094295,0.02473813631094295
25.166666666666664,0.024789672476584222,0.024789672476584222
25.208333333333332,0.024841169808154786,0.024841169808154786
25.25,0.024892632272226288,0.024892632272226288
25.291666666666664,0.02494406228216485,0.02494406228216485
25.333333333333332,0.024995461840512392,0.024995461840512392
25.375,0.02504683139183729,0.02504683139183729
25.416666666666664,0.025098172304084707,0.025098172304084707
25.458333333333332,0.025149485370723146,0.025149485370723146
25.5,0.025200770153165988,0.025200770153165988
25.541666666666664,0.025252025700604093,0.025252025700604093
25.583333333333332,0.02530325279443627,0.02530325279443627
25.625,0.025354447384379357,0.025354447384379357
25.666666666666664,0.025405609245649084,0.025405609245649084
25.708333333333332,0.02545673645225291,0.02545673645225291
25.75,0.025507824408334077,0.025507824408334077
25.791666666666664,0.025558872005940404,0.025558872005940404
25.833333333333332,0.02560987490988779,0.02560987490988779
25.875,0.025660829487154216,0.025660829487154216
25.916666666666664,0.02571173290425538,0.02571173290425538
25.958333333333332,0.025762579090446738,0.025762579090446738
26.0,0.025813365036861668,0.025813365036861668
26.041666666666664,0.02586408708790038,0.02586408708790038
26.083333333333332,0.02591475621479932,0.02591475621479932
26.125,0.025965375658693238,0.025965375658693238
26.166666666666664,0.026015949229605796,0.026015949229605796
26.208333333333332,0.026066481439149667,0.026066481439149667
26.25,0.0261169755139791,0.0261169755139791
26.291666666666664,0.026167433952579647,0.026167433952579647
26.333333333333332,0.026217859495103166,0.026217859495103166
26.375,0.026268252239641632,0.026268252239641632
26.416666666666664,0.026318613257852893,0.026318613257852893
26.458333333333332,0.02636894338053908,0.02636894338053908
26.5,0.02641924304873672,0.02641924304873672
26.541666666666664,0.026469509943987696,0.026469509943987696
26.583333333333332,0.026519745087808046,0.026519745087808046
26.625,0.02656994665345262,0.02656994665345262
26.666666666666664,0.02662011135516444,0.02662011135516444
26.708333333333332,0.02667023908403136,0.02667023908403136
26.75,0.026720325434007392,0.026720325434007392
26.791666666666664,0.02677036779769929,0.02677036779769929
26.833333333333332,0.026820364147801458,0.026820364147801458
26.875,0.02687030874308909,0.02687030874308909
26.916666666666664,0.026920199379353436,0.026920199379353436
26.958333333333332,0.026970031900788723,0.026970031900788723
27.0,0.02701980074314141,0.02701980074314141
27.041666666666664,0.02706950261679126,0.02706950261679126
27.083333333333332,0.02711914941207425,0.02711914941207425
27.125,0.027168744078539506,0.027168744078539506
27.166666666666664,0.027218290470649966,0.027218290470649966
27.208333333333332,0.027267793504810265,0.027267793504810265
27.25,0.027317255470810164,0.027317255470810164
27.291666666666664,0.027366679334682977,0.027366679334682977
27.333333333333332,0.027416068181270573,0.027416068181270573
27.375,0.02746542197387611,0.02746542197387611
27.416666666666664,0.027514741509220664,0.027514741509220664
27.458333333333332,0.027564027590081273,0.027564027590081273
27.5,0.027613280953176205,0.027613280953176205
27.541666666666664,0.027662499535623733,0.027662499535623733
27.583333333333332,0.027711683230477645,0.027711683230477645
27.625,0.027760832171351717,0.027760832171351717
27.666666666666664,0.027809941149954703,0.027809941149954703
27.708333333333332,0.027859010427745797,0.027859010427745797
27.75,0.02790803773534332,0.02790803773534332
27.791666666666664,0.02795701773861615,0.02795701773861615
27.833333333333332,0.028005949268431092,0.028005949268431092
27.875,0.02805482841065465,0.02805482841065465
27.916666666666664,0.028103650346100677,0.028103650346100677
27.958333333333332,0.028152412519092698,0.028152412519092698
28.0,0.028201109631148694,0.028201109631148694
28.041666666666664,0.028249736668225132,0.028249736668225132
28.083333333333332,0.02829830688396204,0.02829830688396204
28.125,0.0283468229621301,0.0283468229621301
28.166666666666664,0.02839528898255716,0.02839528898255716
28.208333333333332,0.028443709695355843,0.028443709695355843
28.25,0.028492087094647844,0.028492087094647844
28.291666666666664,0.028540424437252625,0.028540424437252625
28.333333333333332,0.028588724949837215,0.028588724949837215
28.375,0.028636988574337933,0.028636988574337933
28.416666666666664,0.0286852159824883,0.0286852159824883
28.458333333333332,0.02873340778867658,0.02873340778867658
28.5,0.028781564695188264,0.028781564695188264
28.541666666666664,0.028829685833795048,0.028829685833795048
28.583333333333332,0.028877769261223155,0.028877769261223155
28.625,0.028925815698427424,0.028925815698427424
28.666666666666664,0.028973821986607137,0.028973821986607137
28.708333333333332,0.029021785341773458,0.029021785341773458
28.75,0.02906970525809065,0.02906970525809065
28.791666666666664,0.029117576772767183,0.029117576772767183
28.833333333333332,0.029165397112486703,0.029165397112486703
28.875,0.029213164214086446,0.029213164214086446
28.916666666666664,0.029260872114000358,0.029260872114000358
28.958333333333332,0.02930851810052531,0.02930851810052531
29.0,0.02935609865058931,0.02935609865058931
29.041666666666664,0.029403606418389554,0.029403606418389554
29.083333333333332,0.029451055987202893,0.029451055987202893
29.125,0.029498449803028896,0.029498449803028896
29.166666666666664,0.029545792380561434,0.029545792380561434
29.208333333333332,0.029593087644939935,0.029593087644939935
29.25,0.02964033801885792,0.02964033801885792
29.291666666666664,0.02968754684198848,0.02968754684198848
29.333333333333332,0.029734717280022117,0.029734717280022117
29.375,0.029781849392340486,0.029781849392340486
29.416666666666664,0.029828943807573643,0.029828943807573643
29.458333333333332,0.029876000863484867,0.029876000863484867
29.5,0.02992302126279564,0.02992302126279564
29.541666666666664,0.02997000510649167,0.02997000510649167
29.583333333333332,0.030016949041691107,0.030016949041691107
29.625,0.03006385409484856,0.03006385409484856
29.666666666666664,0.030110718879495343,0.030110718879495343
29.708333333333332,0.03015753827793361,0.03015753827793361
29.75,0.03020431237619561,0.03020431237619561
29.791666666666664,0.030251038289650426,0.030251038289650426
29.833333333333332,0.030297710535202634,0.030297710535202634
29.875,0.030344327787749936,0.030344327787749936
29.916666666666664,0.030390886075774434,0.030390886075774434
29.958333333333332,0.03043738006482622,0.03043738006482622
30.0,0.03048380714629268,0.03048380714629268
30.041666666666664,0.030530160466644578,0.030530160466644578
30.083333333333332,0.030576454530152678,0.030576454530152678
30.125,0.030622691573983056,0.030622691573983056
30.166666666666664,0.030668876511375672,0.030668876511375672
30.208333333333332,0.03071501252117979,0.03071501252117979
30.25,0.030761102436108082,0.030761102436108082
30.291666666666664,0.030807150005674376,0.030807150005674376
30.333333333333332,0.03085315726887842,0.03085315726887842
30.375,0.030899125424898654,0.030899125424898654
30.416666666666664,0.03094505475056266,0.03094505475056266
30.458333333333332,0.030990945422964915,0.030990945422964915
30.5,0.031036798007508852,0.031036798007508852
30.541666666666664,0.031082613065430083,0.031082613065430083
30.583333333333332,0.031128387278692937,0.031128387278692937
30.625,0.03117412076655921,0.03117412076655921
30.666666666666664,0.03121981339330792,0.03121981339330792
30.708333333333332,0.03126545967180626,0.03126545967180626
30.75,0.03131105882801495,0.03131105882801495
30.791666666666664,0.0313566094814787,0.0313566094814787
30.833333333333332,0.03140210535261227,0.03140210535261227
30.875,0.03144754462648036,0.03144754462648036
30.916666666666664,0.03149292470244089,0.03149292470244089
30.958333333333332,0.031538239260343846,0.031538239260343846
31.0,0.0315834855348875,0.0315834855348875
31.041666666666664,0.031628657329729554,0.031628657329729554
31.083333333333332,0.031673769099198563,0.031673769099198563
31.125,0.03171882290059145,0.03171882290059145
31.166666666666664,0.03176382401007315,0.03176382401007315
31.208333333333332,0.0318087749357299,0.0318087749357299
31.25,0.031853678898012695,0.031853678898012695
31.291666666666664,0.03189853994407996,0.03189853994407996
31.333333333333332,0.03194335924402244,0.03194335924402244
31.375,0.03198813885072893,0.03198813885072893
31.416666666666664,0.03203287878274857,0.03203287878274857
31.458333333333332,0.032077579207955266,0.032077579207955266
31.5,0.0321222404017219,0.0321222404017219
31.541666666666664,0.03216686295713833,0.03216686295713833
31.583333333333332,0.03221144481625835,0.03221144481625835
31.625,0.03225598416607983,0.03225598416607983
31.666666666666664,0.032300481438315605,0.032300481438315605
31.708333333333332,0.03234493318579273,0.03234493318579273
31.75,0.03238933576866934,0.03238933576866934
31.791666666666664,0.03243368867750754,0.03243368867750754
31.833333333333332,0.03247798776984308,0.03247798776984308
31.875,0.032522228320356665,0.032522228320356665
31.916666666666664,0.032566408611902284,0.032566408611902284
31.958333333333332,0.032610524153007074,0.032610524153007074
32.0,0.032654569731323364,0.032654569731323364
32.041666666666664,0.03269854024292424,0.03269854024292424
32.08333333333333,0.03274245021890813,0.03274245021890813
32.125,0.032786301564887814,0.032786301564887814
32.166666666666664,0.03283009988592542,0.03283009988592542
32.20833333333333,0.032873847090494866,0.032873847090494866
32.25,0.03291754676225483,0.03291754676225483
32.291666666666664,0.03296120315216697,0.03296120315216697
32.33333333333333,0.03300481677337023,0.03300481677337023
32.375,0.03304839030354687,0.03304839030354687
32.416666666666664,0.03309192358947143,0.03309192358947143
32.45833333333333,0.03313541685549816,0.03313541685549816
32.5,0.033178870033249305,0.033178870033249305
32.541666666666664,0.0332222837700376,0.0332222837700376
32.58333333333333,0.03326565705879559,0.03326565705879559
32.625,0.03330898653257313,0.03330898653257313
32.666666666666664,0.033352273042584056,0.033352273042584056
32.70833333333333,0.03339551471168163,0.03339551471168163
32.75,0.03343870581665569,0.03343870581665569
32.791666666666664,0.033481846411487666,0.033481846411487666
32.83333333333333,0.03352493389566118,0.03352493389566118
32.875,0.03356796160481335,0.03356796160481335
32.916666666666664,0.033610928324000915,0.033610928324000915
32.95833333333333,0.03365383079547394,0.03365383079547394
33.0,0.033696662319901816,0.033696662319901816
33.041666666666664,0.033739418354058213,0.033739418354058213
33.08333333333333,0.03378211357084687,0.03378211357084687
33.125,0.033824749751011254,0.033824749751011254
33.166666666666664,0.03386733279670918,0.03386733279670918
33.20833333333333,0.033909864082704466,0.033909864082704466
33.25,0.03395234771550609,0.03395234771550609
33.291666666666664,0.03399478751725287,0.03399478751725287
33.33333333333333,0.034037184072084545,0.034037184072084545
33.375,0.03407954031618931,0.03407954031618931
33.416666666666664,0.03412185599103854,0.03412185599103854
33.45833333333333,0.034164131418869606,0.034164131418869606
33.5,0.0342063661660675,0.0342063661660675
33.541666666666664,0.034248560944002006,0.034248560944002006
33.58333333333333,0.03429071561402557,0.03429071561402557
33.625,0.034332825577953606,0.034332825577953606
33.666666666666664,0.034374891983500674,0.034374891983500674
33.70833333333333,0.03441691408088427,0.03441691408088427
33.75,0.03445888487383404,0.03445888487383404
33.791666666666664,0.034500804549781314,0.034500804549781314
33.83333333333333,0.03454267115166107,0.03454267115166107
33.875,0.034584478322351835,0.034584478322351835
33.916666666666664,0.03462622355358183,0.03462622355358183
33.95833333333333,0.03466790424699819,0.03466790424699819
34.0,0.03470951483116681,0.03470951483116681
34.041666666666664,0.034751049035606954,0.034751049035606954
34.08333333333333,0.034792522361339825,0.034792522361339825
34.125,0.03483393648357715,0.03483393648357715
34.166666666666664,0.03487529747511945,0.03487529747511945
34.20833333333333,0.034916606372522425,0.034916606372522425
34.25,0.034957867843177254,0.034957867843177254
34.291666666666664,0.034999084872849945,0.034999084872849945
34.33333333333333,0.03504025860074465,0.03504025860074465
34.375,0.03508139196472514,0.03508139196472514
34.416666666666664,0.03512248465124186,0.03512248465124186
34.45833333333333,0.03516353710452491,0.03516353710452491
34.5,0.035204548525638944,0.035204548525638944
34.541666666666664,0.03524551969169281,0.03524551969169281
34.58333333333333,0.03528645086093859,0.03528645086093859
34.625,0.035327337419672464,0.035327337419672464
34.666666666666664,0.035368179767061074,0.035368179767061074
34.70833333333333,0.03540897739717261,0.03540897739717261
34.75,0.03544972521185296,0.03544972521185296
34.791666666666664,0.03549042066258476,0.03549042066258476
34.83333333333333,0.035531062682729216,0.035531062682729216
34.875,0.035571646668181196,0.035571646668181196
34.916666666666664,0.03561216771212888,0.03561216771212888
34.95833333333333,0.03565262396216445,0.03565262396216445
35.0,0.03569301115128636,0.03569301115128636
35.041666666666664,0.03573332135175857,0.03573332135175857
35.08333333333333,0.03577357080464848,0.03577357080464848
35.125,0.0358137611745237,0.0358137611745237
35.166666666666664,0.035853898369882425,0.035853898369882425
35.20833333333333,0.03589398348273996,0.03589398348273996
35.25,0.03593402154496671,0.03593402154496671
35.291666666666664,0.03597401481591841,0.03597401481591841
35.33333333333333,0.036013964941018835,0.036013964941018835
35.375,0.03605387480318272,0.03605387480318272
35.416666666666664,0.03609374407123911,0.03609374407123911
35.45833333333333,0.036133573259382316,0.036133573259382316
35.5,0.036173361409052834,0.036173361409052834
35.541666666666664,0.03621310916751106,0.03621310916751106
35.58333333333333,0.03625281680653773,0.03625281680653773
35.625,0.036292480865557857,0.036292480865557857
35.666666666666664,0.0363320999707567,0.0363320999707567
35.70833333333333,0.036371674180746764,0.036371674180746764
35.75,0.036411199931838695,0.036411199931838695
35.791666666666664,0.036450672540707635,0.036450672540707635
35.83333333333333,0.03649009159376552,0.03649009159376552
35.875,0.036529453825074415,0.036529453825074415
35.916666666666664,0.03656875259870763,0.03656875259870763
35.95833333333333,0.03660798654663958,0.03660798654663958
36.0,0.03664715233202758,0.03664715233202758
36.041666666666664,0.03668624092807596,0.03668624092807596
36.08333333333333,0.03672526906085027,0.03672526906085027
36.125,0.036764238396619756,0.036764238396619756
36.166666666666664,0.03680315469333794,0.03680315469333794
36.20833333333333,0.03684201910548032,0.03684201910548032
36.25,0.036880836975097926,0.036880836975097926
36.291666666666664,0.03691960993127415,0.03691960993127415
36.33333333333333,0.03695834007813713,0.03695834007813713
36.375,0.03699703020445254,0.03699703020445254
36.416666666666664,0.03703567998871565,0.03703567998871565
36.45833333333333,0.037074289926399204,0.037074289926399204
36.5,0.037112859198353616,0.037112859198353616
36.541666666666664,0.037151388038173076,0.037151388038173076
36.58333333333333,0.03718987682780534,0.03718987682780534
36.625,0.03722832309720821,0.03722832309720821
36.666666666666664,0.0372667239829788,0.0372667239829788
36.70833333333333,0.037305079997987586,0.037305079997987586
36.75,0.03734338881649527,0.03734338881649527
36.791666666666664,0.0373816441024323,0.0373816441024323
36.83333333333333,0.03741984590883218,0.03741984590883218
36.875,0.03745799198313491,0.03745799198313491
36.916666666666664,0.03749607447332411,0.03749607447332411
36.95833333333333,0.0375340923005683,0.0375340923005683
37.0,0.037572042186128043,0.037572042186128043
37.041666666666664,0.03760991566793085,0.03760991566793085
37.08333333333333,0.037647729100849785,0.037647729100849785
37.125,0.037685484163744655,0.037685484163744655
37.166666666666664,0.037723186477687076,0.037723186477687076
37.20833333333333,0.037760837264336794,0.037760837264336794
37.25,0.03779844212938472,0.03779844212938472
37.291666666666664,0.03783600215532947,0.03783600215532947
37.33333333333333,0.037873519945913085,0.037873519945913085
37.375,0.03791099791265839,0.03791099791265839
37.416666666666664,0.03794843602056145,0.03794843602056145
37.45833333333333,0.03798583466205595,0.03798583466205595
37.5,0.03802319317419638,0.03802319317419638
37.541666666666664,0.03806051137844075,0.03806051137844075
37.58333333333333,0.03809778976766235,0.03809778976766235
37.625,0.03813502672222665,0.03813502672222665
37.666666666666664,0.03817221813003841,0.03817221813003841
37.70833333333333,0.038209364866339066,0.038209364866339066
37.75,0.0382464656022481,0.0382464656022481
37.791666666666664,0.038283512734216756,0.038283512734216756
37.83333333333333,0.03832050663644752,0.03832050663644752
37.875,0.03835744503611128,0.03835744503611128
37.916666666666664,0.038394321596706506,0.038394321596706506
37.95833333333333,0.038431133043977134,0.038431133043977134
38.0,0.038467876832240615,0.038467876832240615
38.041666666666664,0.03850454515329984,0.03850454515329984
38.08333333333333,0.03854115395574658,0.03854115395574658
38.125,0.03857770494068142,0.03857770494068142
38.166666666666664,0.03861420360521266,0.03861420360521266
38.20833333333333,0.038650651241010484,0.038650651241010484
38.25,0.038687053677347906,0.038687053677347906
38.291666666666664,0.03872341152244915,0.03872341152244915
38.33333333333333,0.03875972792244051,0.03875972792244051
38.375,0.03879600464168814,0.03879600464168814
38.416666666666664,0.03883224219889409,0.03883224219889409
38.45833333333333,0.03886844080017897,0.03886844080017897
38.5,0.038904599947033304,0.038904599947033304
38.541666666666664,0.03894071905968227,0.03894071905968227
38.58333333333333,0.03897679873894767,0.03897679873894767
38.625,0.03901283809520606,0.03901283809520606
38.666666666666664,0.0390488319712666,0.0390488319712666
38.70833333333333,0.03908478152845791,0.03908478152845791
38.75,0.039120685717772434,0.039120685717772434
38.791666666666664,0.0391565375383812,0.0391565375383812
38.83333333333333,0.039192336009359306,0.039192336009359306
38.875,0.039228079329544814,0.039228079329544814
38.916666666666664,0.03926376246925766,0.03926376246925766
38.95833333333333,0.039299380358711,0.039299380358711
39.0,0.03933493102113673,0.03933493102113673
39.041666666666664,0.03937040719167769,0.03937040719167769
39.08333333333333,0.03940582447536639,0.03940582447536639
39.125,0.03944118460400395,0.03944118460400395
39.166666666666664,0.03947649296287094,0.03947649296287094
39.20833333333333,0.039511750914998506,0.039511750914998506
39.25,0.03954696447892254,0.03954696447892254
39.291666666666664,0.03958213385098517,0.03958213385098517
39.33333333333333,0.03961726264426927,0.03961726264426927
39.375,0.039652352077959724,0.039652352077959724
39.416666666666664,0.039687403122320525,0.039687403122320525
39.45833333333333,0.03972241583534618,0.03972241583534618
39.5,0.03975738988534932,0.03975738988534932
39.541666666666664,0.03979232430797428,0.03979232430797428
39.58333333333333,0.039827219806770335,0.039827219806770335
39.625,0.03986207611904033,0.03986207611904033
39.666666666666664,0.03989688721406042,0.03989688721406042
39.70833333333333,0.03993165447621529,0.03993165447621529
39.75,0.03996637681068223,0.03996637681068223
39.791666666666664,0.04000104856321051,0.04000104856321051
39.83333333333333,0.04003566681059269,0.04003566681059269
39.875,0.04007023039403313,0.04007023039403313
39.916666666666664,0.04010473534078712,0.04010473534078712
39.95833333333333,0.04013917518311965,0.04013917518311965
40.0,0.04017354835900968,0.04017354835900968
40.041666666666664,0.04020784806147134,0.04020784806147134
40.08333333333333,0.040242089596284364,0.040242089596284364
40.125,0.040276274733291775,0.040276274733291775
40.166666666666664,0.0403104087572794,0.0403104087572794
40.20833333333333,0.04034449310286551,0.04034449310286551
40.25,0.04037853394856942,0.04037853394856942
40.291666666666664,0.04041253113262935,0.04041253113262935
40.33333333333333,0.04044648867043737,0.04044648867043737
40.375,0.04048040732134563,0.04048040732134563
40.416666666666664,0.04051428842345892,0.04051428842345892
40.45833333333333,0.04054813191743683,0.04054813191743683
40.5,0.04058193763686611,0.04058193763686611
40.541666666666664,0.04061570425275488,0.04061570425275488
40.58333333333333,0.040649432564914344,0.040649432564914344
40.625,0.040683122583022854,0.040683122583022854
40.666666666666664,0.040716768346551795,0.040716768346551795
40.70833333333333,0.04075037061164767,0.04075037061164767
40.75,0.04078392850768233,0.04078392850768233
40.791666666666664,0.040817437522531246,0.040817437522531246
40.83333333333333,0.040850893121803206,0.040850893121803206
40.875,0.04088429465996385,0.04088429465996385
40.916666666666664,0.04091763901954095,0.04091763901954095
40.95833333333333,0.04095091865035324,0.04095091865035324
41.0,0.04098413228522024,0.04098413228522024
41.041666666666664,0.0410172735087667,0.0410172735087667
41.08333333333333,0.04105035735838955,0.04105035735838955
41.125,0.04108338564828746,0.04108338564828746
41.166666666666664,0.04111636357325575,0.04111636357325575
41.20833333333333,0.04114929263888289,0.04114929263888289
41.25,0.041182179158751046,0.041182179158751046
41.291666666666664,0.04121502265931273,0.04121502265931273
41.33333333333333,0.041247827502900875,0.041247827502900875
41.375,0.04128059406054927,0.04128059406054927
41.416666666666664,0.041313323969522045,0.041313323969522045
41.45833333333333,0.04134601707797382,0.04134601707797382
41.5,0.04137867338061463,0.04137867338061463
41.541666666666664,0.04141129120536732,0.04141129120536732
41.58333333333333,0.04144387144125696,0.04144387144125696
41.625,0.04147641406687289,0.04147641406687289
41.666666666666664,0.04150891399796132,0.04150891399796132
41.70833333333333,0.04154137063504749,0.04154137063504749
41.75,0.041573783563137484,0.041573783563137484
41.791666666666664,0.04160614924137058,0.04160614924137058
41.83333333333333,0.04163846179741405,0.04163846179741405
41.875,0.04167072099407325,0.04167072099407325
41.916666666666664,0.041702924383812984,0.041702924383812984
41.95833333333333,0.041735063651366006,0.041735063651366006
42.0,0.04176713766447828,0.04176713766447828
42.041666666666664,0.04179914037010697,0.04179914037010697
42.08333333333333,0.04183108655838879,0.04183108655838879
42.125,0.04186297809325725,0.04186297809325725
42.166666666666664,0.0418948200891861,0.0418948200891861
42.20833333333333,0.04192661418427548,0.04192661418427548
42.25,0.041958366617653176,0.041958366617653176
42.291666666666664,0.04199007683220445,0.04199007683220445
42.33333333333333,0.04202174942700476,0.04202174942700476
42.375,0.042053384444770185,0.042053384444770185
42.416666666666664,0.04208498376551862,0.04208498376551862
42.45833333333333,0.04211654716492604,0.04211654716492604
42.5,0.04214807479301457,0.04214807479301457
42.541666666666664,0.04217956465663839,0.04217956465663839
42.58333333333333,0.04221101772684168,0.04221101772684168
42.625,0.04224243395332692,0.04224243395332692
42.666666666666664,0.04227380903078799,0.04227380903078799
42.70833333333333,0.04230514116847377,0.04230514116847377
42.75,0.04233643034347034,0.04233643034347034
42.791666666666664,0.04236767384306889,0.04236767384306889
42.83333333333333,0.04239886468290278,0.04239886468290278
42.875,0.04243000294877499,0.04243000294877499
42.916666666666664,0.04246108615768884,0.04246108615768884
42.95833333333333,0.042492107148166425,0.042492107148166425
43.0,0.042523063130989525,0.042523063130989525
43.041666666666664,0.04255394894841898,0.04255394894841898
43.08333333333333,0.04258477915745169,0.04258477915745169
43.125,0.04261555567628958,0.04261555567628958
43.166666666666664,0.04264628354793287,0.04264628354793287
43.20833333333333,0.04267696465067142,0.04267696465067142
43.25,0.042707604803109984,0.042707604803109984
43.291666666666664,0.0427382037269947,0.0427382037269947
43.33333333333333,0.042768766108150974,0.042768766108150974
43.375,0.04279929171139627,0.04279929171139627
43.416666666666664,0.0428297826131179,0.0428297826131179
43.45833333333333,0.04286023853266944,0.04286023853266944
43.5,0.04289065976858105,0.04289065976858105
43.541666666666664,0.042921044028369576,0.042921044028369576
43.58333333333333,0.04295139235803662,0.04295139235803662
43.625,0.04298170468039079,0.04298170468039079
43.666666666666664,0.04301197738414931,0.04301197738414931
43.70833333333333,0.04304220762932537,0.04304220762932537
43.75,0.04307239573080627,0.04307239573080627
43.791666666666664,0.043102539683858444,0.043102539683858444
43.83333333333333,0.04313263157924637,0.04313263157924637
43.875,0.04316267175628248,0.04316267175628248
43.916666666666664,0.04319265769911606,0.04319265769911606
43.95833333333333,0.04322258322855916,0.04322258322855916
44.0,0.043252444172556415,0.043252444172556415
44.041666666666664,0.04328223612707287,0.04328223612707287
44.08333333333333,0.04331197342512302,0.04331197342512302
44.125,0.04334165804294917,0.04334165804294917
44.166666666666664,0.043371294960137016,0.043371294960137016
44.20833333333333,0.04340088627677873,0.04340088627677873
44.25,0.043430437424872875,0.043430437424872875
44.291666666666664,0.0434599483854402,0.0434599483854402
44.33333333333333,0.04348942391260201,0.04348942391260201
44.375,0.043518863535721944,0.043518863535721944
44.416666666666664,0.043548269489357964,0.043548269489357964
44.45833333333333,0.04357764144957861,0.04357764144957861
44.5,0.043606979804330745,0.043606979804330745
44.541666666666664,0.04363628213805518,0.04363628213805518
44.58333333333333,0.043665549409664724,0.043665549409664724
44.625,0.04369478156864399,0.04369478156864399
44.666666666666664,0.04372397562353542,0.04372397562353542
44.70833333333333,0.04375312780805168,0.04375312780805168
44.75,0.04378223872847288,0.04378223872847288
44.791666666666664,0.04381130698684025,0.04381130698684025
44.83333333333333,0.04384032390447046,0.04384032390447046
44.875,0.043869290017545144,0.043869290017545144
44.916666666666664,0.04389820277970057,0.04389820277970057
44.95833333333333,0.04392705685078744,0.04392705685078744
45.0,0.043955846902279175,0.043955846902279175
45.041666666666664,0.04398456916906259,0.04398456916906259
45.08333333333333,0.044013237765877955,0.044013237765877955
45.125,0.04404185473009562,0.04404185473009562
45.166666666666664,0.04407042498519825,0.04407042498519825
45.20833333333333,0.04409895083636418,0.04409895083636418
45.25,0.04412743735958632,0.04412743735958632
45.291666666666664,0.04415588477713343,0.04415588477713343
45.33333333333333,0.04418429789601666,0.04418429789601666
45.375,0.04421267604594757,0.04421267604594757
45.416666666666664,0.044241021588151394,0.044241021588151394
45.45833333333333,0.04426933416593345,0.04426933416593345
45.5,0.044297614157563496,0.044297614157563496
45.541666666666664,0.04432585931903626,0.04432585931903626
45.58333333333333,0.04435407024112198,0.04435407024112198
45.625,0.044382246993188906,0.044382246993188906
45.666666666666664,0.04441038713867096,0.04441038713867096
45.70833333333333,0.0444384860915638,0.0444384860915638
45.75,0.044466544709805475,0.044466544709805475
45.791666666666664,0.04449456168671557,0.04449456168671557
45.83333333333333,0.04452252899360736,0.04452252899360736
45.875,0.044550446027239565,0.044550446027239565
45.916666666666664,0.044578310642869504,0.044578310642869504
45.95833333333333,0.04460611821929348,0.04460611821929348
46.0,0.04463386245905136,0.04463386245905136
46.041666666666664,0.044661540142537974,0.044661540142537974
46.08333333333333,0.04468916516959457,0.04468916516959457
46.125,0.04471673964119466,0.04471673964119466
46.166666666666664,0.044744268431329774,0.044744268431329774
46.20833333333333,0.04477175403507021,0.04477175403507021
46.25,0.044799201200028116,0.044799201200028116
46.291666666666664,0.044826610373149375,0.044826610373149375
46.33333333333333,0.04485398640147428,0.04485398640147428
46.375,0.04488132844532326,0.04488132844532326
46.416666666666664,0.04490863896657094,0.04490863896657094
46.45833333333333,0.04493591758424998,0.04493591758424998
46.5,0.04496316466755216,0.04496316466755216
46.541666666666664,0.0449903781384535,0.0449903781384535
46.58333333333333,0.045017558237989565,0.045017558237989565
46.625,0.04504470514880256,0.04504470514880256
46.666666666666664,0.045071816932281,0.045071816932281
46.70833333333333,0.04509888827529579,0.04509888827529579
46.75,0.04512592025336595,0.04512592025336595
46.791666666666664,0.045152911532478635,0.045152911532478635
46.83333333333333,0.04517985498050595,0.04517985498050595
46.875,0.045206748678419756,0.045206748678419756
46.916666666666664,0.04523359093121155,0.04523359093121155
46.95833333333333,0.045260377735574925,0.045260377735574925
47.0,0.04528710198099227,0.04528710198099227
47.041666666666664,0.04531376091702619,0.04531376091702619
47.08333333333333,0.04534036823047923,0.04534036823047923
47.125,0.045366926087856446,0.045366926087856446
47.166666666666664,0.045393439319622704,0.045393439319622704
47.20833333333333,0.04541991059692246,0.04541991059692246
47.25,0.04544634436395395,0.04544634436395395
47.291666666666664,0.04547274127711338,0.04547274127711338
47.33333333333333,0.04549910621273682,0.04549910621273682
47.375,0.04552543818738613,0.04552543818738613
47.416666666666664,0.045551739742070184,0.045551739742070184
47.45833333333333,0.045578010478397345,0.045578010478397345
47.5,0.045604250757029265,0.045604250757029265
47.541666666666664,0.04563045865976004,0.04563045865976004
47.58333333333333,0.045656634096103675,0.045656634096103675
47.625,0.04568277735545665,0.04568277735545665
47.666666666666664,0.04570888694712758,0.04570888694712758
47.70833333333333,0.045734956911479205,0.045734956911479205
47.75,0.04576098851233413,0.04576098851233413
47.791666666666664,0.04578698039008171,0.04578698039008171
47.83333333333333,0.045812926209661625,0.045812926209661625
47.875,0.04583882289518558,0.04583882289518558
47.916666666666664,0.045864669139852474,0.045864669139852474
47.95833333333333,0.04589046147291829,0.04589046147291829
48.0,0.045916192100783404,0.045916192100783404
48.041666666666664,0.04594185867951873,0.04594185867951873
48.08333333333333,0.04596747468382904,0.04596747468382904
48.125,0.045993042347192876,0.045993042347192876
48.166666666666664,0.04601856646191777,0.04601856646191777
48.20833333333333,0.04604404986264538,0.04604404986264538
48.25,0.046069496712756515,0.046069496712756515
48.291666666666664,0.046094907864104494,0.046094907864104494
48.33333333333333,0.04612028821336774,0.04612028821336774
48.375,0.04614563665510795,0.04614563665510795
48.416666666666664,0.04617095579165795,0.04617095579165795
48.45833333333333,0.046196245212720026,0.046196245212720026
48.5,0.04622150527092795,0.04622150527092795
48.541666666666664,0.04624673420140255,0.04624673420140255
48.58333333333333,0.04627193159988486,0.04627193159988486
48.625,0.04629709785619862,0.04629709785619862
48.666666666666664,0.04632223188350133,0.04632223188350133
48.70833333333333,0.04634732714600214,0.04634732714600214
48.75,0.04637238507062608,0.04637238507062608
48.791666666666664,0.046397404273746924,0.046397404273746924
48.83333333333333,0.046422379131003326,0.046422379131003326
48.875,0.046447305546483166,0.046447305546483166
48.916666666666664,0.04647218254915301,0.04647218254915301
48.95833333333333,0.0464970071285081,0.0464970071285081
49.0,0.04652177091658033,0.04652177091658033
49.041666666666664,0.046546471924284266,0.046546471924284266
49.08333333333333,0.04657112341467926,0.04657112341467926
49.125,0.04659572768922754,0.04659572768922754
49.166666666666664,0.04662028950690323,0.04662028950690323
49.20833333333333,0.04664481185438746,0.04664481185438746
49.25,0.04666929863472375,0.04666929863472375
49.291666666666664,0.04669375091723558,0.04669375091723558
49.33333333333333,0.04671817350685439,0.04671817350685439
49.375,0.04674256529927574,0.04674256529927574
49.416666666666664,0.04676692890852647,0.04676692890852647
49.45833333333333,0.04679126391684206,0.04679126391684206
49.5,0.0468155706692899,0.0468155706692899
49.541666666666664,0.046839847547688496,0.046839847547688496
49.58333333333333,0.04686409385111536,0.04686409385111536
49.625,0.04688831006375217,0.04688831006375217
49.666666666666664,0.04691249546369493,0.04691249546369493
49.70833333333333,0.04693664300054376,0.04693664300054376
49.75,0.04696075424259298,0.04696075424259298
49.791666666666664,0.04698482778364794,0.04698482778364794
49.83333333333333,0.04700885863482425,0.04700885863482425
49.875,0.0470328417983805,0.0470328417983805
49.916666666666664,0.0470567765942266,0.0470567765942266
49.95833333333333,0.04708066035131131,0.04708066035131131
50.0,0.04710448439632991,0.04710448439632991
50.041666666666664,0.047128246874405436,0.047128246874405436
50.08333333333333,0.047151960896498694,0.047151960896498694
50.125,0.04717562883268385,0.04717562883268385
50.166666666666664,0.04719925541292918,0.04719925541292918
50.20833333333333,0.04722284376550256,0.04722284376550256
50.25,0.04724639755170599,0.04724639755170599
50.291666666666664,0.04726991812544144,0.04726991812544144
50.33333333333333,0.047293409956857824,0.047293409956857824
50.375,0.04731687219538201,0.04731687219538201
50.416666666666664,0.04734030737556576,0.04734030737556576
50.45833333333333,0.04736371507574031,0.04736371507574031
50.5,0.047387095633831776,0.047387095633831776
50.541666666666664,0.04741044757172456,0.04741044757172456
50.58333333333333,0.047433769908200106,0.047433769908200106
50.625,0.04745706321602343,0.04745706321602343
50.666666666666664,0.04748032710379039,0.04748032710379039
50.70833333333333,0.0475035540604622,0.0475035540604622
50.75,0.04752674577692458,0.04752674577692458
50.791666666666664,0.04754990082574192,0.04754990082574192
50.83333333333333,0.04757301478777886,0.04757301478777886
50.875,0.047596081865882676,0.047596081865882676
50.916666666666664,0.04761910163248296,0.04761910163248296
50.95833333333333,0.04764207139604719,0.04764207139604719
51.0,0.04766498317699856,0.04766498317699856
51.041666666666664,0.04768783429668854,0.04768783429668854
51.08333333333333,0.047710638021726294,0.047710638021726294
51.125,0.04773339679108965,0.04773339679108965
51.166666666666664,0.047756115309617736,0.047756115309617736
51.20833333333333,0.047778796837615004,0.047778796837615004
51.25,0.04780144481155832,0.04780144481155832
51.291666666666664,0.04782406084866112,0.04782406084866112
51.33333333333333,0.047846649110241765,0.047846649110241765
51.375,0.0478692089818147,0.0478692089818147
51.416666666666664,0.04789174291869381,0.04789174291869381
51.45833333333333,0.04791425049815521,0.04791425049815521
51.5,0.04793673205137638,0.04793673205137638
51.541666666666664,0.047959186233768,0.047959186233768
51.58333333333333,0.04798161179938654,0.04798161179938654
51.625,0.04800400940411876,0.04800400940411876
51.666666666666664,0.04802637880882129,0.04802637880882129
51.70833333333333,0.04804871253230913,0.04804871253230913
51.75,0.04807101192875599,0.04807101192875599
51.791666666666664,0.04809327569838943,0.04809327569838943
51.83333333333333,0.04811549993420856,0.04811549993420856
51.875,0.04813767812867154,0.04813767812867154
51.916666666666664,0.04815981007370102,0.04815981007370102
51.95833333333333,0.04818189305848012,0.04818189305848012
52.0,0.04820391972347826,0.04820391972347826
52.041666666666664,0.048225886674844155,0.048225886674844155
52.08333333333333,0.04824780728917666,0.04824780728917666
52.125,0.048269684074353246,0.048269684074353246
52.166666666666664,0.04829152171355314,0.04829152171355314
52.20833333333333,0.04831332359037591,0.04831332359037591
52.25,0.048335092931894176,0.048335092931894176
52.291666666666664,0.048356831599348005,0.048356831599348005
52.33333333333333,0.048378543468664256,0.048378543468664256
52.375,0.048400228145251474,0.048400228145251474
52.416666666666664,0.04842188800603046,0.04842188800603046
52.45833333333333,0.04844352262948974,0.04844352262948974
52.5,0.04846513234042175,0.04846513234042175
52.541666666666664,0.048486715921380666,0.048486715921380666
52.58333333333333,0.04850827187645292,0.04850827187645292
52.625,0.04852980093950358,0.04852980093950358
52.666666666666664,0.04855130285610365,0.04855130285610365
52.70833333333333,0.048572770637834314,0.048572770637834314
52.75,0.04859420486695851,0.04859420486695851
52.791666666666664,0.048615604512861385,0.048615604512861385
52.83333333333333,0.048636966130016994,0.048636966130016994
52.875,0.0486582825781061,0.0486582825781061
52.916666666666664,0.04867955384008306,0.04867955384008306
52.95833333333333,0.04870077718694783,0.04870077718694783
53.0,0.04872194581486458,0.04872194581486458
53.041666666666664,0.04874305570874954,0.04874305570874954
53.08333333333333,0.04876412031624205,0.04876412031624205
53.125,0.04878514221385649,0.04878514221385649
53.166666666666664,0.04880612606621228,0.04880612606621228
53.20833333333333,0.048827075372190644,0.048827075372190644
53.25,0.048847993163543754,0.048847993163543754
53.291666666666664,0.04886888152801609,0.04886888152801609
53.33333333333333,0.04888974407735902,0.04888974407735902
53.375,0.04891058062199989,0.04891058062199989
53.416666666666664,0.04893139346177108,0.04893139346177108
53.45833333333333,0.04895218217816648,0.04895218217816648
53.5,0.04897294708993095,0.04897294708993095
53.541666666666664,0.04899368710058028,0.04899368710058028
53.58333333333333,0.04901440047817156,0.04901440047817156
53.625,0.04903508802971955,0.04903508802971955
53.666666666666664,0.04905574948633938,0.04905574948633938
53.70833333333333,0.04907637831412283,0.04907637831412283
53.75,0.04909697438636457,0.04909697438636457
53.791666666666664,0.049117536917587586,0.049117536917587586
53.83333333333333,0.0491380628790647,0.0491380628790647
53.875,0.04915854456555773,0.04915854456555773
53.916666666666664,0.04917898212646577,0.04917898212646577
53.95833333333333,0.04919937281562167,0.04919937281562167
54.0,0.04921971032849746,0.04921971032849746
54.041666666666664,0.04923999011029192,0.04923999011029192
54.08333333333333,0.0492602256464967,0.0492602256464967
54.125,0.049280419581774856,0.049280419581774856
54.166666666666664,0.049300576564953257,0.049300576564953257
54.20833333333333,0.049320700202835105,0.049320700202835105
54.25,0.04934079334474121,0.04934079334474121
54.291666666666664,0.04936085828896594,0.04936085828896594
54.33333333333333,0.04938089840233301,0.04938089840233301
54.375,0.04940091368660899,0.04940091368660899
54.416666666666664,0.04942090636618649,0.04942090636618649
54.45833333333333,0.049440876026970115,0.049440876026970115
54.5,0.04946082298197116,0.04946082298197116
54.541666666666664,0.04948074624971333,0.04948074624971333
54.58333333333333,0.0495006438753691,0.0495006438753691
54.625,0.049520516734580015,0.049520516734580015
54.666666666666664,0.049540364544775964,0.049540364544775964
54.70833333333333,0.0495601811919743,0.0495601811919743
54.75,0.049579965897132205,0.049579965897132205
54.791666666666664,0.04959971809844975,0.04959971809844975
54.83333333333333,0.04961943514448552,0.04961943514448552
54.875,0.0496391088245782,0.0496391088245782
54.916666666666664,0.049658739433282924,0.049658739433282924
54.95833333333333,0.04967832420820546,0.04967832420820546
55.0,0.049697857294561186,0.049697857294561186
55.041666666666664,0.04971733366868712,0.04971733366868712
55.08333333333333,0.049736766825696305,0.049736766825696305
55.125,0.04975615947771684,0.04975615947771684
55.166666666666664,0.049775516260250376,0.049775516260250376
55.20833333333333,0.04979484088125017,0.04979484088125017
55.25,0.04981413601942595,0.04981413601942595
55.291666666666664,0.049833404169063816,0.049833404169063816
55.33333333333333,0.049852648469561944,0.049852648469561944
55.375,0.0498718691014307,0.0498718691014307
55.416666666666664,0.04989106821552448,0.04989106821552448
55.45833333333333,0.04991024540324696,0.04991024540324696
55.5,0.04992940097216882,0.04992940097216882
55.541666666666664,0.04994853405011178,0.04994853405011178
55.58333333333333,0.049967642471741125,0.049967642471741125
55.625,0.04998672717709502,0.04998672717709502
55.666666666666664,0.05000578787063564,0.05000578787063564
55.70833333333333,0.05002481882696794,0.05002481882696794
55.75,0.050043818665784896,0.050043818665784896
55.791666666666664,0.050062787029744774,0.050062787029744774
55.83333333333333,0.050081721609647765,0.050081721609647765
55.875,0.05010061374171349,0.05010061374171349
55.916666666666664,0.05011946384718012,0.05011946384718012
55.95833333333333,0.05013826914829847,0.05013826914829847
56.0,0.05015702419632674,0.05015702419632674
56.041666666666664,0.05017572356044558,0.05017572356044558
56.08333333333333,0.05019438072143354,0.05019438072143354
56.125,0.0502129984580316,0.0502129984580316
56.166666666666664,0.050231581394613034,0.050231581394613034
56.20833333333333,0.050250133334039625,0.050250133334039625
56.25,0.050268656795270435,0.050268656795270435
56.291666666666664,0.050287154455273396,0.050287154455273396
56.33333333333333,0.05030562924196937,0.05030562924196937
56.375,0.05032408153502548,0.05032408153502548
56.416666666666664,0.05034251331776969,0.05034251331776969
56.45833333333333,0.050360924284004155,0.050360924284004155
56.5,0.05037931470410926,0.05037931470410926
56.541666666666664,0.05039768380974647,0.05039768380974647
56.58333333333333,0.05041602923671749,0.05041602923671749
56.625,0.05043435198550506,0.05043435198550506
56.666666666666664,0.0504526517482731,0.0504526517482731
56.70833333333333,0.050470923159757555,0.050470923159757555
56.75,0.05048916428455208,0.05048916428455208
56.791666666666664,0.0505073749525241,0.0505073749525241
56.83333333333333,0.050525553165553,0.050525553165553
56.875,0.05054368985283695,0.05054368985283695
56.916666666666664,0.05056178554623587,0.05056178554623587
56.95833333333333,0.05057983745345671,0.05057983745345671
57.0,0.05059784049315942,0.05059784049315942
57.041666666666664,0.05061578888119346,0.05061578888119346
57.08333333333333,0.05063369606374067,0.05063369606374067
57.125,0.050651564885158595,0.050651564885158595
57.166666666666664,0.050669399960645865,0.050669399960645865
57.20833333333333,0.05068720518220886,0.05068720518220886
57.25,0.050704982919055216,0.050704982919055216
57.291666666666664,0.05072273601864061,0.05072273601864061
57.33333333333333,0.05074046721197286,0.05074046721197286
57.375,0.050758177075259266,0.050758177075259266
57.416666666666664,0.050775867402206354,0.050775867402206354
57.45833333333333,0.05079353801393277,0.05079353801393277
57.5,0.05081118913578484,0.05081118913578484
57.541666666666664,0.0508288200980582,0.0508288200980582
57.58333333333333,0.05084642834863911,0.05084642834863911
57.625,0.05086401494476485,0.05086401494476485
57.666666666666664,0.05088157956692697,0.05088157956692697
57.70833333333333,0.05089911718409593,0.05089911718409593
57.75,0.05091662534758892,0.05091662534758892
57.791666666666664,0.05093410405896737,0.05093410405896737
57.83333333333333,0.050951551603407266,0.050951551603407266
57.875,0.050968958543813614,0.050968958543813614
57.916666666666664,0.05098632550867751,0.05098632550867751
57.95833333333333,0.05100364969191812,0.05100364969191812
58.0,0.051020926345333555,0.051020926345333555
58.041666666666664,0.05103814937846431,0.05103814937846431
58.08333333333333,0.051055332185829895,0.051055332185829895
58.125,0.051072477676285345,0.051072477676285345
58.166666666666664,0.05108959045758915,0.05108959045758915
58.20833333333333,0.05110667450556152,0.05110667450556152
58.25,0.05112373204888046,0.05112373204888046
58.291666666666664,0.05114076609429779,0.05114076609429779
58.33333333333333,0.05115777918923414,0.05115777918923414
58.375,0.05117477209223697,0.05117477209223697
58.416666666666664,0.051191746422566776,0.051191746422566776
58.45833333333333,0.05120870211621149,0.05120870211621149
58.5,0.05122563935802119,0.05122563935802119
58.541666666666664,0.051242557571970604,0.051242557571970604
58.58333333333333,0.051259454028320696,0.051259454028320696
58.625,0.05127632983761937,0.05127632983761937
58.666666666666664,0.05129318466927222,0.05129318466927222
58.70833333333333,0.05131001380287139,0.05131001380287139
58.75,0.05132681431442508,0.05132681431442508
58.791666666666664,0.05134358636320493,0.05134358636320493
58.83333333333333,0.05136032838897416,0.05136032838897416
58.875,0.05137703093605452,0.05137703093605452
58.916666666666664,0.05139369440571735,0.05139369440571735
58.95833333333333,0.05141031608268174,0.05141031608268174
59.0,0.051426891521423275,0.051426891521423275
59.041666666666664,0.051443414366303744,0.051443414366303744
59.08333333333333,0.051459897945884556,0.051459897945884556
59.125,0.0514763452322963,0.0514763452322963
59.166666666666664,0.051492760827395394,0.051492760827395394
59.20833333333333,0.05150914878587524,0.05150914878587524
59.25,0.05152551120440741,0.05152551120440741
59.291666666666664,0.0515418512387465,0.0515418512387465
59.33333333333333,0.051558171264945454,0.051558171264945454
59.375,0.051574472210933975,0.051574472210933975
59.416666666666664,0.05159075553523501,0.05159075553523501
59.45833333333333,0.05160702127762801,0.05160702127762801
59.5,0.05162326958648669,0.05162326958648669
59.541666666666664,0.051639499974753734,0.051639499974753734
59.58333333333333,0.05165570954473778,0.05165570954473778
59.625,0.05167189945708311,0.05167189945708311
59.666666666666664,0.05168806937065974,0.05168806937065974
59.70833333333333,0.05170421485410546,0.05170421485410546
59.75,0.05172033254266238,0.05172033254266238
59.791666666666664,0.051736422740682145,0.051736422740682145
59.83333333333333,0.05175248387497309,0.05175248387497309
59.875,0.05176850693918541,0.05176850693918541
59.916666666666664,0.051784491660802144,0.051784491660802144
59.95833333333333,0.05180043556130388,0.05180043556130388
60.0,0.05181633447069268,0.05181633447069268
60.041666666666664,0.0518321818041708,0.0518321818041708
60.08333333333333,0.05184799081244848,0.05184799081244848
60.125,0.05186376452962408,0.05186376452962408
60.166666666666664,0.05187950755301268,0.05187950755301268
60.20833333333333,0.051895224011596415,0.051895224011596415
60.25,0.051910915877928794,0.051910915877928794
60.291666666666664,0.051926586447285934,0.051926586447285934
60.33333333333333,0.05194223793557633,0.05194223793557633
60.375,0.051957871428267924,0.051957871428267924
60.416666666666664,0.05197348823555418,0.05197348823555418
60.45833333333333,0.05198908849112877,0.05198908849112877
60.5,0.05200467231045728,0.05200467231045728
60.541666666666664,0.05202023929097645,0.05202023929097645
60.58333333333333,0.05203578637613458,0.05203578637613458
60.625,0.05205131477367271,0.05205131477367271
60.666666666666664,0.05206682413244264,0.05206682413244264
60.70833333333333,0.052082310290378304,0.052082310290378304
60.75,0.05209776947344143,0.05209776947344143
60.791666666666664,0.05211320211963527,0.05211320211963527
60.83333333333333,0.052128606643456414,0.052128606643456414
60.875,0.05214397445452046,0.05214397445452046
60.916666666666664,0.05215930465901971,0.05215930465901971
60.95833333333333,0.05217459499520565,0.05217459499520565
61.0,0.052189841544349413,0.052189841544349413
61.041666666666664,0.05220503752406375,0.05220503752406375
61.08333333333333,0.052220196097400993,0.052220196097400993
61.125,0.05223532035904948,0.05223532035904948
61.166666666666664,0.052250414902985085,0.052250414902985085
61.20833333333333,0.052265483928215756,0.052265483928215756
61.25,0.052280529290493115,0.052280529290493115
61.291666666666664,0.05229555441586364,0.05229555441586364
61.33333333333333,0.052310561370421206,0.052310561370421206
61.375,0.05232555138632388,0.05232555138632388
61.416666666666664,0.052340525636691955,0.052340525636691955
61.45833333333333,0.05235548434030875,0.05235548434030875
61.5,0.052370427582905714,0.052370427582905714
61.541666666666664,0.05238535504216737,0.05238535504216737
61.58333333333333,0.05240026351123115,0.05240026351123115
61.625,0.05241515424213447,0.05241515424213447
61.666666666666664,0.05243002687419815,0.05243002687419815
61.70833333333333,0.052444877496539054,0.052444877496539054
61.75,0.052459701954596136,0.052459701954596136
61.791666666666664,0.05247450080966287,0.05247450080966287
61.83333333333333,0.05248927246452908,0.05248927246452908
61.875,0.05250400871443527,0.05250400871443527
61.916666666666664,0.05251870809181727,0.05251870809181727
61.95833333333333,0.052533368533709004,0.052533368533709004
62.0,0.0525479863509264,0.0525479863509264
62.041666666666664,0.05256255459118614,0.05256255459118614
62.08333333333333,0.05257708632188759,0.05257708632188759
62.125,0.052591584696874916,0.052591584696874916
62.166666666666664,0.05260605430784406,0.05260605430784406
62.20833333333333,0.05262049941986,0.05262049941986
62.25,0.05263492177866723,0.05263492177866723
62.291666666666664,0.052649324932993576,0.052649324932993576
62.33333333333333,0.052663710808640844,0.052663710808640844
62.375,0.052678080774505406,0.052678080774505406
62.416666666666664,0.05269243587686511,0.05269243587686511
62.45833333333333,0.05270677641169533,0.05270677641169533
62.5,0.05272110243782216,0.05272110243782216
62.541666666666664,0.05273541370914985,0.05273541370914985
62.58333333333333,0.05274970687654604,0.05274970687654604
62.625,0.0527639832337296,0.0527639832337296
62.666666666666664,0.05277824241094981,0.05277824241094981
62.70833333333333,0.0527924807318664,0.0527924807318664
62.75,0.052806693687707656,0.052806693687707656
62.791666666666664,0.05282088195364711,0.05282088195364711
62.83333333333333,0.05283504392133774,0.05283504392133774
62.875,0.052849171743998564,0.052849171743998564
62.916666666666664,0.052863263423436675,0.052863263423436675
62.95833333333333,0.05287731707924947,0.05287731707924947
63.0,0.052891329232300076,0.052891329232300076
63.041666666666664,0.052905292784713676,0.052905292784713676
63.08333333333333,0.052919220701816976,0.052919220701816976
63.125,0.05293311619513163,0.05293311619513163
63.166666666666664,0.05294698385500414,0.05294698385500414
63.20833333333333,0.05296082800885757,0.05296082800885757
63.25,0.052974650298747705,0.052974650298747705
63.291666666666664,0.05298845438859669,0.05298845438859669
63.33333333333333,0.05300224207270542,0.05300224207270542
63.375,0.05301601484756557,0.05301601484756557
63.416666666666664,0.053029773641927264,0.053029773641927264
63.45833333333333,0.05304351882187896,0.05304351882187896
63.5,0.053057250421866736,0.053057250421866736
63.541666666666664,0.05307096826819559,0.05307096826819559
63.58333333333333,0.05308466887702799,0.05308466887702799
63.625,0.053098353581321915,0.053098353581321915
63.666666666666664,0.05311202200268883,0.05311202200268883
63.70833333333333,0.053125670684020396,0.053125670684020396
63.75,0.05313929478644927,0.05313929478644927
63.791666666666664,0.05315289509046859,0.05315289509046859
63.83333333333333,0.05316646997713199,0.05316646997713199
63.875,0.053180011932398116,0.053180011932398116
63.916666666666664,0.05319351846665115,0.05319351846665115
63.95833333333333,0.05320698786740057,0.05320698786740057
64.0,0.05322041684802127,0.05322041684802127
64.04166666666666,0.053233798186385295,0.053233798186385295
64.08333333333333,0.05324714474069449,0.05324714474069449
64.125,0.05326045977863692,0.05326045977863692
64.16666666666666,0.05327374789002574,0.05327374789002574
64.20833333333333,0.05328701346118638,0.05328701346118638
64.25,0.053300258036374566,0.053300258036374566
64.29166666666666,0.05331348538776222,0.05331348538776222
64.33333333333333,0.05332669718628235,0.05332669718628235
64.375,0.05333989504760475,0.05333989504760475
64.41666666666666,0.053353079791451166,0.053353079791451166
64.45833333333333,0.05336625184766596,0.05336625184766596
64.5,0.053379411228574196,0.053379411228574196
64.54166666666666,0.05339255782926007,0.05339255782926007
64.58333333333333,0.05340568803830293,0.05340568803830293
64.625,0.05341880322561691,0.05341880322561691
64.66666666666666,0.05343190300458585,0.05343190300458585
64.70833333333333,0.053444984123219345,0.053444984123219345
64.75,0.05345804143469783,0.05345804143469783
64.79166666666666,0.05347107581703239,0.05347107581703239
64.83333333333333,0.05348408564118517,0.05348408564118517
64.875,0.05349706370276557,0.05349706370276557
64.91666666666666,0.053510007056450606,0.053510007056450606
64.95833333333333,0.053522914144399386,0.053522914144399386
65.0,0.05353578185669373,0.05353578185669373
65.04166666666666,0.053548602865692276,0.053548602865692276
65.08333333333333,0.05356138991860754,0.05356138991860754
65.125,0.05357414633775942,0.05357414633775942
65.16666666666666,0.053586876713140115,0.053586876713140115
65.20833333333333,0.05359958548674784,0.05359958548674784
65.25,0.05361227411052982,0.05361227411052982
65.29166666666666,0.05362494645846104,0.05362494645846104
65.33333333333333,0.053637604085638384,0.053637604085638384
65.375,0.053650248719152506,0.053650248719152506
65.41666666666666,0.05366288107746275,0.05366288107746275
65.45833333333333,0.05367550164845331,0.05367550164845331
65.5,0.05368811042435188,0.05368811042435188
65.54166666666666,0.05370070736558916,0.05370070736558916
65.58333333333333,0.053713288739867505,0.053713288739867505
65.625,0.05372585595192291,0.05372585595192291
65.66666666666666,0.05373840860729973,0.05373840860729973
65.70833333333333,0.05375094364609801,0.05375094364609801
65.75,0.05376345563390764,0.05376345563390764
65.79166666666666,0.05377594553913746,0.05377594553913746
65.83333333333333,0.05378841172313821,0.05378841172313821
65.875,0.053800847270014565,0.053800847270014565
65.91666666666666,0.053813248811326854,0.053813248811326854
65.95833333333333,0.053825614931858966,0.053825614931858966
66.0,0.053837942684128864,0.053837942684128864
66.04166666666666,0.053850224651437656,0.053850224651437656
66.08333333333333,0.053862473467174585,0.053862473467174585
66.125,0.053874692506742206,0.053874692506742206
66.16666666666666,0.05388688636093197,0.05388688636093197
66.20833333333333,0.053899059524390516,0.053899059524390516
66.25,0.05391121336188765,0.05391121336188765
66.29166666666666,0.0539233518432058,0.0539233518432058
66.33333333333333,0.053935476414593425,0.053935476414593425
66.375,0.05394758890740023,0.05394758890740023
66.41666666666666,0.05395968994593271,0.05395968994593271
66.45833333333333,0.053971780070966834,0.053971780070966834
66.5,0.053983859256448996,0.053983859256448996
66.54166666666666,0.05399592752490183,0.05399592752490183
66.58333333333333,0.05400798102946976,0.05400798102946976
66.625,0.05402002120771385,0.05402002120771385
66.66666666666666,0.05403204765770674,0.05403204765770674
66.70833333333333,0.05404405749959466,0.05404405749959466
66.75,0.05405604503013208,0.05405604503013208
66.79166666666666,0.054068011301616606,0.054068011301616606
66.83333333333333,0.054079954666242144,0.054079954666242144
66.875,0.05409186847718867,0.05409186847718867
66.91666666666666,0.05410374897269492,0.05410374897269492
66.95833333333333,0.054115594869246615,0.054115594869246615
67.0,0.05412740326379284,0.05412740326379284
67.04166666666666,0.05413916688576057,0.05413916688576057
67.08333333333333,0.05415089813656375,0.05415089813656375
67.125,0.05416260044312056,0.05416260044312056
67.16666666666666,0.05417427839757923,0.05417427839757923
67.20833333333333,0.054185936544428416,0.054185936544428416
67.25,0.054197576166075546,0.054197576166075546
67.29166666666666,0.05420920132255812,0.05420920132255812
67.33333333333333,0.05422081335779064,0.05422081335779064
67.375,0.054232414200780156,0.054232414200780156
67.41666666666666,0.054244004388240286,0.054244004388240286
67.45833333333333,0.054255584509213396,0.054255584509213396
67.5,0.05426715452099572,0.05426715452099572
67.54166666666666,0.05427871450512575,0.05427871450512575
67.58333333333333,0.05429026050620394,0.05429026050620394
67.625,0.05430179399274158,0.05430179399274158
67.66666666666666,0.054313314555704255,0.054313314555704255
67.70833333333333,0.054324819484151646,0.054324819484151646
67.75,0.05433630282332483,0.05433630282332483
67.79166666666666,0.054347765703465736,0.054347765703465736
67.83333333333333,0.05435920646805934,0.05435920646805934
67.875,0.05437061872151574,0.05437061872151574
67.91666666666666,0.05438199833604802,0.05438199833604802
67.95833333333333,0.05439334414992436,0.05439334414992436
68.0,0.054404653251755995,0.054404653251755995
68.04166666666666,0.05441591861608535,0.05441591861608535
68.08333333333333,0.054427152365765355,0.054427152365765355
68.125,0.05443835797766735,0.05443835797766735
68.16666666666666,0.054449540045774056,0.054449540045774056
68.20833333333333,0.054460703161775655,0.054460703161775655
68.25,0.054471848530222314,0.054471848530222314
68.29166666666666,0.05448298029622407,0.05448298029622407
68.33333333333333,0.05449409970741397,0.05449409970741397
68.375,0.05450520878434309,0.05450520878434309
68.41666666666666,0.05451630798214302,0.05451630798214302
68.45833333333333,0.054527397933946384,0.054527397933946384
68.5,0.054538478581866306,0.054538478581866306
68.54166666666666,0.05454955006353566,0.05454955006353566
68.58333333333333,0.05456060832067148,0.05456060832067148
68.625,0.05457165485097988,0.05457165485097988
68.66666666666666,0.05458268923866146,0.05458268923866146
68.70833333333333,0.054593708931362714,0.054593708931362714
68.75,0.054604707738809585,0.054604707738809585
68.79166666666666,0.05461568686373471,0.05461568686373471
68.83333333333333,0.05462664464133441,0.05462664464133441
68.875,0.054637574910812066,0.054637574910812066
68.91666666666666,0.05464847320339059,0.05464847320339059
68.95833333333333,0.05465933847007639,0.05465933847007639
69.0,0.05467016779154477,0.05467016779154477
69.04166666666666,0.05468095437546598,0.05468095437546598
69.08333333333333,0.05469171007780594,0.05469171007780594
69.125,0.05470243842383846,0.05470243842383846
69.16666666666666,0.05471314400977898,0.05471314400977898
69.20833333333333,0.054723831472026335,0.054723831472026335
69.25,0.05473450194148367,0.05473450194148367
69.29166666666666,0.05474515964348433,0.05474515964348433
69.33333333333333,0.0547558057349992,0.0547558057349992
69.375,0.05476644232245115,0.05476644232245115
69.41666666666666,0.05477706978489099,0.05477706978489099
69.45833333333333,0.05478768879575952,0.05478768879575952
69.5,0.0547982992833087,0.0547982992833087
69.54166666666666,0.05480890143849081,0.05480890143849081
69.58333333333333,0.054819491105447024,0.054819491105447024
69.625,0.05483006980943698,0.05483006980943698
69.66666666666666,0.05484063712821201,0.05484063712821201
69.70833333333333,0.054851190658413464,0.054851190658413464
69.75,0.05486172398903449,0.05486172398903449
69.79166666666666,0.054872238390285134,0.054872238390285134
69.83333333333333,0.05488273218946221,0.05488273218946221
69.875,0.054893199445402614,0.054893199445402614
69.91666666666666,0.054903635371325574,0.054903635371325574
69.95833333333333,0.05491403902271292,0.05491403902271292
70.0,0.054924407472676774,0.054924407472676774
70.04166666666666,0.05493473415072035,0.05493473415072035
70.08333333333333,0.05494503065706202,0.05494503065706202
70.125,0.054955300563838856,0.054955300563838856
70.16666666666666,0.05496554846983401,0.05496554846983401
70.20833333333333,0.05497577905380674,0.05497577905380674
70.25,0.054985993376960765,0.054985993376960765
70.29166666666666,0.054996195740317784,0.054996195740317784
70.33333333333333,0.05500638721542098,0.05500638721542098
70.375,0.05501656998929895,0.05501656998929895
70.41666666666666,0.055026744369980424,0.055026744369980424
70.45833333333333,0.055036911067788304,0.055036911067788304
70.5,0.055047069998306504,0.055047069998306504
70.54166666666666,0.05505722140317396,0.05505722140317396
70.58333333333333,0.05506736103395645,0.05506736103395645
70.625,0.055077490441929375,0.055077490441929375
70.66666666666666,0.05508760919869228,0.05508760919869228
70.70833333333333,0.0550977150409653,0.0550977150409653
70.75,0.055107801350695144,0.055107801350695144
70.79166666666666,0.05511786946095912,0.05511786946095912
70.83333333333333,0.05512791769152119,0.05512791769152119
70.875,0.05513794030685076,0.05513794030685076
70.91666666666666,0.05514793222330799,0.05514793222330799
70.95833333333333,0.05515789259329509,0.05515789259329509
71.0,0.05516781848271234,0.05516781848271234
71.04166666666666,0.05517770353223337,0.05517770353223337
71.08333333333333,0.0551875590969869,0.0551875590969869
71.125,0.055197388794448625,0.055197388794448625
71.16666666666666,0.055207197226250525,0.055207197226250525
71.20833333333333,0.05521698911130085,0.05521698911130085
71.25,0.055226765444811594,0.055226765444811594
71.29166666666666,0.05523653059924952,0.05523653059924952
71.33333333333333,0.05524628556561523,0.05524628556561523
71.375,0.05525603260664988,0.05525603260664988
71.41666666666666,0.055265771964023276,0.055265771964023276
71.45833333333333,0.05527550438183457,0.05527550438183457
71.5,0.05528522976407808,0.05528522976407808
71.54166666666666,0.055294948359603364,0.055294948359603364
71.58333333333333,0.055304655955056764,0.055304655955056764
71.625,0.055314354003351086,0.055314354003351086
71.66666666666666,0.05532404211119511,0.05532404211119511
71.70833333333333,0.05533371814709242,0.05533371814709242
71.75,0.05534337529863331,0.05534337529863331
71.79166666666666,0.05535301495751903,0.05535301495751903
71.83333333333333,0.0553626354363286,0.0553626354363286
71.875,0.05537223119221654,0.05537223119221654
71.91666666666666,0.05538179686416303,0.05538179686416303
71.95833333333333,0.05539133169457505,0.05539133169457505
72.0,0.05540083274247438,0.05540083274247438
72.04166666666666,0.05541029384962483,0.05541029384962483
72.08333333333333,0.055419726136276,0.055419726136276
72.125,0.055429133263735414,0.055429133263735414
72.16666666666666,0.05543851983671676,0.05543851983671676
72.20833333333333,0.0554478906121968,0.0554478906121968
72.25,0.055457246522878055,0.055457246522878055
72.29166666666666,0.055466592008702895,0.055466592008702895
72.33333333333333,0.05547592798469048,0.05547592798469048
72.375,0.05548525678474631,0.05548525678474631
72.41666666666666,0.055494578588484555,0.055494578588484555
72.45833333333333,0.055503894170963575,0.055503894170963575
72.5,0.055513203425563644,0.055513203425563644
72.54166666666666,0.05552250659874278,0.05552250659874278
72.58333333333333,0.055531799538388237,0.055531799538388237
72.625,0.055541083575994125,0.055541083575994125
72.66666666666666,0.055550358360881257,0.055550358360881257
72.70833333333333,0.05555962188561299,0.05555962188561299
72.75,0.05556886715520105,0.05556886715520105
72.79166666666666,0.05557809561606149,0.05557809561606149
72.83333333333333,0.05558730557391899,0.05558730557391899
72.875,0.05559649166662785,0.05559649166662785
72.91666666666666,0.05560564827375423,0.05560564827375423
72.95833333333333,0.05561477472137258,0.05561477472137258
73.0,0.05562386806194289,0.05562386806194289
73.04166666666666,0.05563292232878131,0.05563292232878131
73.08333333333333,0.055641948417044194,0.055641948417044194
73.125,0.05565095003038596,0.05565095003038596
73.16666666666666,0.05565993177679343,0.05565993177679343
73.20833333333333,0.05566889844934919,0.05566889844934919
73.25,0.05567785092152516,0.05567785092152516
73.29166666666666,0.05568679369701772,0.05568679369701772
73.33333333333333,0.05569572761913251,0.05569572761913251
73.375,0.055704655088703474,0.055704655088703474
73.41666666666666,0.05571357622726854,0.05571357622726854
73.45833333333333,0.055722491838286335,0.055722491838286335
73.5,0.05573140180540705,0.05573140180540705
73.54166666666666,0.05574030637280449,0.05574030637280449
73.58333333333333,0.055749201446758066,0.055749201446758066
73.625,0.0557580882431355,0.0557580882431355
73.66666666666666,0.055766966451770955,0.055766966451770955
73.70833333333333,0.05577583418208519,0.05577583418208519
73.75,0.05578468426746008,0.05578468426746008
73.79166666666666,0.05579351820541981,0.05579351820541981
73.83333333333333,0.05580233429514954,0.05580233429514954
73.875,0.05581112734408989,0.05581112734408989
73.91666666666666,0.05581989148899164,0.05581989148899164
73.95833333333333,0.05582862613377986,0.05582862613377986
74.0,0.05583732832465427,0.05583732832465427
74.04166666666666,0.055845992277446556,0.055845992277446556
74.08333333333333,0.0558546286716055,0.0558546286716055
74.125,0.05586324125167199,0.05586324125167199
74.16666666666666,0.05587183462906035,0.05587183462906035
74.20833333333333,0.05588041363110701,0.05588041363110701
74.25,0.055888979075141954,0.055888979075141954
74.29166666666666,0.05589753552512436,0.05589753552512436
74.33333333333333,0.05590608375664269,0.05590608375664269
74.375,0.055914626233511455,0.055914626233511455
74.41666666666666,0.055923163022875776,0.055923163022875776
74.45833333333333,0.055931694954268196,0.055931694954268196
74.5,0.05594022190241059,0.05594022190241059
74.54166666666666,0.05594874410929497,0.05594874410929497
74.58333333333333,0.055957257536873875,0.055957257536873875
74.625,0.05596576329089935,0.05596576329089935
74.66666666666666,0.05597426109972764,0.05597426109972764
74.70833333333333,0.055982749182914786,0.055982749182914786
74.75,0.05599122021240076,0.05599122021240076
74.79166666666666,0.05599967573348683,0.05599967573348683
74.83333333333333,0.05600811403911837,0.05600811403911837
74.875,0.05601653009600672,0.05601653009600672
74.91666666666666,0.056024917813439865,0.056024917813439865
74.95833333333333,0.05603327666784835,0.05603327666784835
75.0,0.05604160369945862,0.05604160369945862
75.04166666666666,0.056049893298048485,0.056049893298048485
75.08333333333333,0.056058155936364366,0.056058155936364366
75.125,0.056066395398399874,0.056066395398399874
75.16666666666666,0.0560746162991172,0.0560746162991172
75.20833333333333,0.05608282349836126,0.05608282349836126
75.25,0.05609101776022735,0.05609101776022735
75.29166666666666,0.05609920370566399,0.05609920370566399
75.33333333333333,0.05610738204628377,0.05610738204628377
75.375,0.056115555305202014,0.056115555305202014
75.41666666666666,0.05612372349858204,0.05612372349858204
75.45833333333333,0.05613188747991437,0.05613188747991437
75.5,0.056140047115720335,0.056140047115720335
75.54166666666666,0.05614820264590786,0.05614820264590786
75.58333333333333,0.05615635008550997,0.05615635008550997
75.625,0.05616449043540274,0.05616449043540274
75.66666666666666,0.05617262346057608,0.05617262346057608
75.70833333333333,0.056180747484444,0.056180747484444
75.75,0.05618885502699064,0.05618885502699064
75.79166666666666,0.05619694767821554,0.05619694767821554
75.83333333333333,0.05620502372510973,0.05620502372510973
75.875,0.05621307828407229,0.05621307828407229
75.91666666666666,0.05622110505114172,0.05622110505114172
75.95833333333333,0.05622910357033736,0.05622910357033736
76.0,0.05623707087618561,0.05623707087618561
76.04166666666666,0.05624500152427998,0.05624500152427998
76.08333333333333,0.05625290578930478,0.05625290578930478
76.125,0.05626078749330172,0.05626078749330172
76.16666666666666,0.05626865125487256,0.05626865125487256
76.20833333333333,0.05627650196472026,0.05627650196472026
76.25,0.05628434033644967,0.05628434033644967
76.29166666666666,0.05629217104492128,0.05629217104492128
76.33333333333333,0.05629999474128263,0.05629999474128263
76.375,0.0563078140045126,0.0563078140045126
76.41666666666666,0.05631562880295796,0.05631562880295796
76.45833333333333,0.056323440012139604,0.056323440012139604
76.5,0.056331247491039904,0.056331247491039904
76.54166666666666,0.05633905147757604,0.05633905147757604
76.58333333333333,0.05634684803738674,0.05634684803738674
76.625,0.05635463807145966,0.05635463807145966
76.66666666666666,0.05636242137962538,0.05636242137962538
76.70833333333333,0.05637019638328509,0.05637019638328509
76.75,0.056377955459313435,0.056377955459313435
76.79166666666666,0.05638570023955824,0.05638570023955824
76.83333333333333,0.05639342900532823,0.05639342900532823
76.875,0.05640113701379396,0.05640113701379396
76.91666666666666,0.05640881776092386,0.05640881776092386
76.95833333333333,0.05641647085379646,0.05641647085379646
77.0,0.05642409332149857,0.05642409332149857
77.04166666666666,0.05643167987771684,0.05643167987771684
77.08333333333333,0.056439240607367824,0.056439240607367824
77.125,0.05644677936916713,0.05644677936916713
77.16666666666666,0.05645430078542131,0.05645430078542131
77.20833333333333,0.05646180977613313,0.05646180977613313
77.25,0.05646930700700462,0.05646930700700462
77.29166666666666,0.05647679720391733,0.05647679720391733
77.33333333333333,0.056484280960846976,0.056484280960846976
77.375,0.05649176090942565,0.05649176090942565
77.41666666666666,0.05649923697312147,0.05649923697312147
77.45833333333333,0.056506710047729086,0.056506710047729086
77.5,0.05651417998529377,0.05651417998529377
77.54166666666666,0.05652164702183104,0.05652164702183104
77.58333333333333,0.05652910727122536,0.05652910727122536
77.625,0.05653656153932026,0.05653656153932026
77.66666666666666,0.05654400965908561,0.05654400965908561
77.70833333333333,0.056551450144417086,0.056551450144417086
77.75,0.05655887523733381,0.05655887523733381
77.79166666666666,0.05656628660889185,0.05656628660889185
77.83333333333333,0.05657368253497696,0.05657368253497696
77.875,0.05658105840522999,0.05658105840522999
77.91666666666666,0.05658840752777903,0.05658840752777903
77.95833333333333,0.0565957295685855,0.0565957295685855
78.0,0.05660302155154475,0.05660302155154475
78.04166666666666,0.056610278341098864,0.056610278341098864
78.08333333333333,0.05661750984035823,0.05661750984035823
78.125,0.056624719943370184,0.056624719943370184
78.16666666666666,0.05663191327618855,0.05663191327618855
78.20833333333333,0.05663909478664194,0.05663909478664194
78.25,0.05664626509497357,0.05664626509497357
78.29166666666666,0.05665342897536597,0.05665342897536597
78.33333333333333,0.05666058696771657,0.05666058696771657
78.375,0.056667741753308166,0.056667741753308166
78.41666666666666,0.05667489321346105,0.05667489321346105
78.45833333333333,0.05668204226264087,0.05668204226264087
78.5,0.056689188746504006,0.056689188746504006
78.54166666666666,0.05669633289924941,0.05669633289924941
78.58333333333333,0.056703470880755884,0.056703470880755884
78.625,0.0567106034062383,0.0567106034062383
78.66666666666666,0.05671773034019034,0.05671773034019034
78.70833333333333,0.05672485028385747,0.05672485028385747
78.75,0.056731955352113395,0.056731955352113395
78.79166666666666,0.056739047252774184,0.056739047252774184
78.83333333333333,0.05674612425654985,0.05674612425654985
78.875,0.05675318187781327,0.05675318187781327
78.91666666666666,0.05676021324821566,0.05676021324821566
78.95833333333333,0.05676721808874555,0.05676721808874555
79.0,0.05677419341834332,0.05677419341834332
79.04166666666666,0.0567811342452293,0.0567811342452293
79.08333333333333,0.056788050298351524,0.056788050298351524
79.125,0.05679494550577985,0.05679494550577985
79.16666666666666,0.05680182449733797,0.05680182449733797
79.20833333333333,0.05680869224728512,0.05680869224728512
79.25,0.056815549332715674,0.056815549332715674
79.29166666666666,0.05682240057355178,0.05682240057355178
79.33333333333333,0.05682924645852116,0.05682924645852116
79.375,0.05683608971574643,0.05683608971574643
79.41666666666666,0.05684293018694107,0.05684293018694107
79.45833333333333,0.056849768803778136,0.056849768803778136
79.5,0.056856605406024975,0.056856605406024975
79.54166666666666,0.05686344022614527,0.05686344022614527
79.58333333333333,0.056870269467864186,0.056870269467864186
79.625,0.0568770937600664,0.0568770937600664
79.66666666666666,0.056883912997235206,0.056883912997235206
79.70833333333333,0.05689072586314288,0.05689072586314288
79.75,0.056897524352726686,0.056897524352726686
79.79166666666666,0.056904310208289885,0.056904310208289885
79.83333333333333,0.056911081695602564,0.056911081695602564
79.875,0.05691783444654916,0.05691783444654916
79.91666666666666,0.056924561426873424,0.056924561426873424
79.95833333333333,0.05693126240902736,0.05693126240902736
80.0,0.05693793440722198,0.05693793440722198
80.04166666666666,0.05694457256681765,0.05694457256681765
80.08333333333333,0.056951186449939406,0.056951186449939406
80.125,0.05695778001740425,0.05695778001740425
80.16666666666666,0.05696435790281042,0.05696435790281042
80.20833333333333,0.05697092510552773,0.05697092510552773
80.25,0.056977482161684495,0.056977482161684495
80.29166666666666,0.056984033934530706,0.056984033934530706
80.33333333333333,0.05699058086435923,0.05699058086435923
80.375,0.056997125723500415,0.056997125723500415
80.41666666666666,0.05700366831642667,0.05700366831642667
80.45833333333333,0.057010209590681156,0.057010209590681156
80.5,0.05701674938059829,0.05701674938059829
80.54166666666666,0.05702328791698413,0.05702328791698413
80.58333333333333,0.05702982144536192,0.05702982144536192
80.625,0.057036350512377036,0.057036350512377036
80.66666666666666,0.057042875041045445,0.057042875041045445
80.70833333333333,0.05704939379314268,0.05704939379314268
80.75,0.05705589865041404,0.05705589865041404
80.79166666666666,0.05706239138753853,0.05706239138753853
80.83333333333333,0.057068870265571184,0.057068870265571184
80.875,0.05707533102716564,0.05707533102716564
80.91666666666666,0.05708176648199743,0.05708176648199743
80.95833333333333,0.0570881764506853,0.0570881764506853
81.0,0.05709455794292607,0.05709455794292607
81.04166666666666,0.05710090623475724,0.05710090623475724
81.08333333333333,0.05710723072896213,0.05710723072896213
81.125,0.0571135354174295,0.0571135354174295
81.16666666666666,0.057119824937665764,0.057119824937665764
81.20833333333333,0.05712610431290237,0.05712610431290237
81.25,0.05713237404036455,0.05713237404036455
81.29166666666666,0.05713863902435841,0.05713863902435841
81.33333333333333,0.0571448996593147,0.0571448996593147
81.375,0.05715115875930542,0.05715115875930542
81.41666666666666,0.057157416093766074,0.057157416093766074
81.45833333333333,0.05716367262488723,0.05716367262488723
81.5,0.0571699281819869,0.0571699281819869
81.54166666666666,0.05717618299428769,0.05717618299428769
81.58333333333333,0.05718243334715811,0.05718243334715811
81.625,0.05718867970889726,0.05718867970889726
81.66666666666666,0.05719492202967032,0.05719492202967032
81.70833333333333,0.05720115914501076,0.05720115914501076
81.75,0.05720738282978619,0.05720738282978619
81.79166666666666,0.05721359488908819,0.05721359488908819
81.83333333333333,0.05721979357947129,0.05721979357947129
81.875,0.05722597474805785,0.05722597474805785
81.91666666666666,0.057232131057622065,0.057232131057622065
81.95833333333333,0.057238262373896995,0.057238262373896995
82.0,0.057244365702270435,0.057244365702270435
82.04166666666666,0.05725043644273315,0.05725043644273315
82.08333333333333,0.057256483847618334,0.057256483847618334
82.125,0.05726251193655397,0.05726251193655397
82.16666666666666,0.05726852535163907,0.05726852535163907
82.20833333333333,0.057274529138782754,0.057274529138782754
82.25,0.05728052375826009,0.05728052375826009
82.29166666666666,0.05728651415329025,0.05728651415329025
82.33333333333333,0.057292500674865424,0.057292500674865424
82.375,0.05729848617648567,0.05729848617648567
82.41666666666666,0.057304470394605955,0.057304470394605955
82.45833333333333,0.05731045430494512,0.05731045430494512
82.5,0.057316437732185574,0.057316437732185574
82.54166666666666,0.0573224209040374,0.0573224209040374
82.58333333333333,0.05732840014385154,0.05732840014385154
82.625,0.05733437584528789,0.05733437584528789
82.66666666666666,0.05734034798434623,0.05734034798434623
82.70833333333333,0.057346315466329574,0.057346315466329574
82.75,0.057352269965145836,0.057352269965145836
82.79166666666666,0.05735821331447191,0.05735821331447191
82.83333333333333,0.0573641437665665,0.0573641437665665
82.875,0.0573700572671262,0.0573700572671262
82.91666666666666,0.05737594634057486,0.05737594634057486
82.95833333333333,0.05738181089493003,0.05738181089493003
83.0,0.0573876479314663,0.0573876479314663
83.04166666666666,0.05739345296849162,0.05739345296849162
83.08333333333333,0.05739923511410269,0.05739923511410269
83.125,0.05740499841477751,0.05740499841477751
83.16666666666666,0.057410747517077455,0.057410747517077455
83.20833333333333,0.05741648748846782,0.05741648748846782
83.25,0.05742221875412142,0.05742221875412142
83.29166666666666,0.05742794629414924,0.05742794629414924
83.33333333333333,0.05743367041838792,0.05743367041838792
83.375,0.05743939401759461,0.05743939401759461
83.41666666666666,0.057445116797163215,0.057445116797163215
83.45833333333333,0.05745083974531591,0.05745083974531591
83.5,0.05745656268244794,0.05745656268244794
83.54166666666666,0.05746228583482462,0.05746228583482462
83.58333333333333,0.057468005562003266,0.057468005562003266
83.625,0.057473722186533356,0.057473722186533356
83.66666666666666,0.05747943570900047,0.05747943570900047
83.70833333333333,0.0574851451007287,0.0574851451007287
83.75,0.057490841940215524,0.057490841940215524
83.79166666666666,0.05749652808802121,0.05749652808802121
83.83333333333333,0.05750220179230399,0.05750220179230399
83.875,0.05750785909181715,0.05750785909181715
83.91666666666666,0.05751349238061558,0.05751349238061558
83.95833333333333,0.05751910160637604,0.05751910160637604
84.0,0.05752468376644673,0.05752468376644673
84.04166666666666,0.05753023449207834,0.05753023449207834
84.08333333333333,0.057535762753111744,0.057535762753111744
84.125,0.05754127262199378,0.05754127262199378
84.16666666666666,0.05754676874961715,0.05754676874961715
84.20833333333333,0.057552256223939516,0.057552256223939516
84.25,0.057557735436782075,0.057557735436782075
84.29166666666666,0.057563211403239,0.057563211403239
84.33333333333333,0.05756868439414442,0.05756868439414442
84.375,0.0575741573354732,0.0575741573354732
84.41666666666666,0.05757962990335186,0.05757962990335186
84.45833333333333,0.057585103097566336,0.057585103097566336
84.5,0.057590576734543895,0.057590576734543895
84.54166666666666,0.0575960510391698,0.0575960510391698
84.58333333333333,0.05760152240551382,0.05760152240551382
84.625,0.05760699108837562,0.05760699108837562
84.66666666666666,0.05761245711173958,0.05761245711173958
84.70833333333333,0.0576179195094249,0.0576179195094249
84.75,0.05762336976972697,0.05762336976972697
84.79166666666666,0.05762880977850267,0.05762880977850267
84.83333333333333,0.057634237779996204,0.057634237779996204
84.875,0.05763964990084765,0.05763964990084765
84.91666666666666,0.057645038412200686,0.057645038412200686
84.95833333333333,0.057650403298952976,0.057650403298952976
85.0,0.057655741554704626,0.057655741554704626
85.04166666666666,0.05766104891852206,0.05766104891852206
85.08333333333333,0.05766633422774622,0.05766633422774622
85.125,0.05767160157992182,0.05767160157992182
85.16666666666666,0.05767685563014132,0.05767685563014132
85.20833333333333,0.05768210148584632,0.05768210148584632
85.25,0.05768733950716422,0.05768733950716422
85.29166666666666,0.05769257474237053,0.05769257474237053
85.33333333333333,0.05769780742532721,0.05769780742532721
85.375,0.057703040515310784,0.057703040515310784
85.41666666666666,0.057708273660857276,0.057708273660857276
85.45833333333333,0.057713507872454654,0.057713507872454654
85.5,0.057718742962854765,0.057718742962854765
85.54166666666666,0.0577239791556247,0.0577239791556247
85.58333333333333,0.05772921287773163,0.05772921287773163
85.625,0.057734444319425086,0.057734444319425086
85.66666666666666,0.05773967352696022,0.05773967352696022
85.70833333333333,0.05774489959333346,0.05774489959333346
85.75,0.05775011392152862,0.05775011392152862
85.79166666666666,0.05775531842121898,0.05775531842121898
85.83333333333333,0.05776051133291271,0.05776051133291271
85.875,0.057765688866290014,0.057765688866290014
85.91666666666666,0.05777084317655597,0.05777084317655597
85.95833333333333,0.05777597428356291,0.05777597428356291
86.0,0.05778107917733307,0.05778107917733307
86.04166666666666,0.05778615369985699,0.05778615369985699
86.08333333333333,0.05779120656151372,0.05779120656151372
86.125,0.057796241884087045,0.057796241884087045
86.16666666666666,0.05780126432673774,0.05780126432673774
86.20833333333333,0.05780627901543498,0.05780627901543498
86.25,0.057811286280183095,0.057811286280183095
86.29166666666666,0.05781629120073687,0.05781629120073687
86.33333333333333,0.057821293975901876,0.057821293975901876
86.375,0.057826297596455,0.057826297596455
86.41666666666666,0.057831301684910554,0.057831301684910554
86.45833333333333,0.05783630726166774,0.05783630726166774
86.5,0.057841314136071284,0.057841314136071284
86.54166666666666,0.05784632253042928,0.05784632253042928
86.58333333333333,0.05785132890306655,0.05785132890306655
86.625,0.057856333382729164,0.057856333382729164
86.66666666666666,0.05786133603687096,0.05786133603687096
86.70833333333333,0.05786633601454154,0.05786633601454154
86.75,0.05787132463800848,0.05787132463800848
86.79166666666666,0.05787630383937943,0.05787630383937943
86.83333333333333,0.05788127185559641,0.05788127185559641
86.875,0.05788622497483267,0.05788622497483267
86.91666666666666,0.057891155242879334,0.057891155242879334
86.95833333333333,0.05789606271243514,0.05789606271243514
87.0,0.05790094437010686,0.05790094437010686
87.04166666666666,0.057905796156141345,0.057905796156141345
87.08333333333333,0.05791062665928265,0.05791062665928265
87.125,0.05791544002470892,0.05791544002470892
87.16666666666666,0.05792024091551869,0.05792024091551869
87.20833333333333,0.057925034475300584,0.057925034475300584
87.25,0.05792982100542562,0.05792982100542562
87.29166666666666,0.057934605615518324,0.057934605615518324
87.33333333333333,0.057939388471137394,0.057939388471137394
87.375,0.05794417259286497,0.05794417259286497
87.41666666666666,0.05794895757866295,0.05794895757866295
87.45833333333333,0.0579537444581153,0.0579537444581153
87.5,0.057958533037406015,0.057958533037406015
87.54166666666666,0.057963323537640755,0.057963323537640755
87.58333333333333,0.057968112447033406,0.057968112447033406
87.625,0.05797289983572868,0.05797289983572868
87.66666666666666,0.05797768579135969,0.05797768579135969
87.70833333333333,0.05798246951608576,0.05798246951608576
87.75,0.057987242255779316,0.057987242255779316
87.79166666666666,0.05799200596369113,0.05799200596369113
87.83333333333333,0.057996758873359235,0.057996758873359235
87.875,0.05800149734718086,0.05800149734718086
87.91666666666666,0.05800621332764317,0.05800621332764317
87.95833333333333,0.05801090689832842,0.05801090689832842
88.0,0.05801557504258308,0.05801557504258308
88.04166666666666,0.0580202137944549,0.0580202137944549
88.08333333333333,0.058024831626175936,0.058024831626175936
88.125,0.0580294327054893,0.0580294327054893
88.16666666666666,0.05803402169930174,0.05803402169930174
88.20833333333333,0.058038603767959766,0.058038603767959766
88.25,0.05804317918561325,0.05804317918561325
88.29166666666666,0.058047753090235146,0.058047753090235146
88.33333333333333,0.058052325615845994,0.058052325615845994
88.375,0.0580568998112379,0.0580568998112379
88.41666666666666,0.05806147525119693,0.05806147525119693
88.45833333333333,0.05806605297382405,0.05806605297382405
88.5,0.05807063278236898,0.05807063278236898
88.54166666666666,0.05807521489678894,0.05807521489678894
88.58333333333333,0.05807979583378707,0.05807979583378707
88.625,0.058084375607670255,0.058084375607670255
88.66666666666666,0.05808895432528178,0.05808895432528178
88.70833333333333,0.05809353123911628,0.05809353123911628
88.75,0.058098097522716156,0.058098097522716156
88.79166666666666,0.0581026551492679,0.0581026551492679
88.83333333333333,0.05810720234906046,0.05810720234906046
88.875,0.058111735554704405,0.058111735554704405
88.91666666666666,0.058116246611109035,0.058116246611109035
88.95833333333333,0.058120735630910955,0.058120735630910955
89.0,0.05812519959434435,0.05812519959434435
89.04166666666666,0.05812963462500496,0.05812963462500496
89.08333333333333,0.058134049083538315,0.058134049083538315
89.125,0.05813844715943985,0.05813844715943985
89.16666666666666,0.05814283352329638,0.05814283352329638
89.20833333333333,0.0581472133513943,0.0581472133513943
89.25,0.05815158689200191,0.05815158689200191
89.29166666666666,0.05815595931000138,0.05815595931000138
89.33333333333333,0.058160330709489984,0.058160330709489984
89.375,0.05816470416596738,0.05816470416596738
89.41666666666666,0.05816907923233452,0.05816907923233452
89.45833333333333,0.05817345695459521,0.05817345695459521
89.5,0.058177837133273166,0.058177837133273166
89.54166666666666,0.0581822199872288,0.0581822199872288
89.58333333333333,0.05818660206031969,0.05818660206031969
89.625,0.058190983313647124,0.058190983313647124
89.66666666666666,0.058195363872343066,0.058195363872343066
89.70833333333333,0.058199743036621086,0.058199743036621086
89.75,0.05820411191152008,0.05820411191152008
89.79166666666666,0.05820847248903267,0.05820847248903267
89.83333333333333,0.05821282299634656,0.05821282299634656
89.875,0.058217159932515965,0.058217159932515965
89.91666666666666,0.058221475050241535,0.058221475050241535
89.95833333333333,0.058225768489508604,0.058225768489508604
90.0,0.05823003722758045,0.05823003722758045
90.04166666666666,0.05823427747354061,0.05823427747354061
90.08333333333333,0.05823849748118255,0.05823849748118255
90.125,0.05824270146095887,0.05824270146095887
90.16666666666666,0.05824689408701022,0.05824689408701022
90.20833333333333,0.05825108055078621,0.05825108055078621
90.25,0.0582552610759443,0.0582552610759443
90.29166666666666,0.058259440852914283,0.058259440852914283
90.33333333333333,0.05826361995739658,0.05826361995739658
90.375,0.05826780149018298,0.05826780149018298
90.41666666666666,0.058271984983500114,0.058271984983500114
90.45833333333333,0.058276171490689525,0.058276171490689525
90.5,0.05828036080974046,0.05828036080974046
90.54166666666666,0.058284553158465924,0.058284553158465924
90.58333333333333,0.0582887451066056,0.0582887451066056
90.625,0.05829293656456202,0.05829293656456202
90.66666666666666,0.058297127674879615,0.058297127674879615
90.70833333333333,0.05830131778302243,0.05830131778302243
90.75,0.05830549792912963,0.05830549792912963
90.79166666666666,0.0583096701229424,0.0583096701229424
90.83333333333333,0.05831383258868831,0.05831383258868831
90.875,0.058317981888319714,0.058317981888319714
90.91666666666666,0.05832210968736697,0.05832210968736697
90.95833333333333,0.058326216151572303,0.058326216151572303
91.0,0.05833029825536307,0.05833029825536307
91.04166666666666,0.05833435228943394,0.05833435228943394
91.08333333333333,0.0583383864052763,0.0583383864052763
91.125,0.05834240483352315,0.05834240483352315
91.16666666666666,0.058346412251744466,0.058346412251744466
91.20833333333333,0.05835041386581618,0.05835041386581618
91.25,0.05835440987598995,0.05835440987598995
91.29166666666666,0.058358405496955236,0.058358405496955236
91.33333333333333,0.058362400777458356,0.058362400777458356
91.375,0.05836639884224959,0.05836639884224959
91.41666666666666,0.05837039920401754,0.05837039920401754
91.45833333333333,0.058374402922921086,0.058374402922921086
91.5,0.05837840979459152,0.05837840979459152
91.54166666666666,0.05838242003584154,0.05838242003584154
91.58333333333333,0.05838643024108041,0.05838643024108041
91.625,0.05839044027239897,0.05839044027239897
91.66666666666666,0.05839445028892103,0.05839445028892103
91.70833333333333,0.058398459679031706,0.058398459679031706
91.75,0.058402459421365495,0.058402459421365495
91.79166666666666,0.058406451542421516,0.058406451542421516
91.83333333333333,0.05841043426360198,0.05841043426360198
91.875,0.058414404206421404,0.058414404206421404
91.91666666666666,0.058418352953969944,0.058418352953969944
91.95833333333333,0.05842228069626026,0.05842228069626026
92.0,0.05842618440501263,0.05842618440501263
92.04166666666666,0.05843006044883202,0.05843006044883202
92.08333333333333,0.05843391688127803,0.05843391688127803
92.125,0.05843775795240693,0.05843775795240693
92.16666666666666,0.05844158834309632,0.05844158834309632
92.20833333333333,0.058445413272946445,0.058445413272946445
92.25,0.05844923291994946,0.05844923291994946
92.29166666666666,0.05845305252183272,0.05845305252183272
92.33333333333333,0.05845687210175543,0.05845687210175543
92.375,0.05846069480716703,0.05846069480716703
92.41666666666666,0.05846452013228659,0.05846452013228659
92.45833333333333,0.05846834914361033,0.05846834914361033
92.5,0.058472181634574356,0.058472181634574356
92.54166666666666,0.058476017821036244,0.058476017821036244
92.58333333333333,0.0584798543209175,0.0584798543209175
92.625,0.058483690950273254,0.058483690950273254
92.66666666666666,0.05848752788401358,0.05848752788401358
92.70833333333333,0.05849136455124352,0.05849136455124352
92.75,0.05849519187229564,0.05849519187229564
92.79166666666666,0.0584990118894979,0.0584990118894979
92.83333333333333,0.058502822821555896,0.058502822821555896
92.875,0.05850662134640364,0.05850662134640364
92.91666666666666,0.0585103989691371,0.0585103989691371
92.95833333333333,0.058514155902649696,0.058514155902649696
93.0,0.05851788911607772,0.05851788911607772
93.04166666666666,0.05852159505240117,0.05852159505240117
93.08333333333333,0.058525281671446924,0.058525281671446924
93.125,0.05852895324195637,0.05852895324195637
93.16666666666666,0.058532614447995034,0.058532614447995034
93.20833333333333,0.058536270522222614,0.058536270522222614
93.25,0.05853992162145739,0.05853992162145739
93.29166666666666,0.058543573005309914,0.058543573005309914
93.33333333333333,0.058547224672643686,0.058547224672643686
93.375,0.058550879792420955,0.058550879792420955
93.41666666666666,0.058554537841394236,0.058554537841394236
93.45833333333333,0.05855819989195493,0.05855819989195493
93.5,0.05856186573549399,0.05856186573549399
93.54166666666666,0.0585655355869569,0.0585655355869569
93.58333333333333,0.05856920608667569,0.05856920608667569
93.625,0.05857287700683543,0.05857287700683543
93.66666666666666,0.058576548537378835,0.058576548537378835
93.70833333333333,0.05858022014605309,0.05858022014605309
93.75,0.05858388269790745,0.05858388269790745
93.79166666666666,0.05858753825022775,0.05858753825022775
93.83333333333333,0.05859118501914577,0.05859118501914577
93.875,0.05859481973605634,0.05859481973605634
93.91666666666666,0.05859843383223869,0.05859843383223869
93.95833333333333,0.058602027542167756,0.058602027542167756
94.0,0.058605597832513324,0.058605597832513324
94.04166666666666,0.05860914121725577,0.05860914121725577
94.08333333333333,0.058612665566520214,0.058612665566520214
94.125,0.05861617516701554,0.05861617516701554
94.16666666666666,0.05861967470587833,0.05861967470587833
94.20833333333333,0.05862316942819453,0.05862316942819453
94.25,0.058626659470641294,0.058626659470641294
94.29166666666666,0.05863015011361678,0.05863015011361678
94.33333333333333,0.05863364133291286,0.05863364133291286
94.375,0.058637136317883566,0.058637136317883566
94.41666666666666,0.05864063452875895,0.05864063452875895
94.45833333333333,0.05864413704341723,0.05864413704341723
94.5,0.0586476436513428,0.0586476436513428
94.54166666666666,0.05865115456661027,0.05865115456661027
94.58333333333333,0.058654666450910935,0.058654666450910935
94.625,0.05865817903462445,0.05865817903462445
94.66666666666666,0.05866169252200868,0.05866169252200868
94.70833333333333,0.058665206397827525,0.058665206397827525
94.75,0.05866871153367913,0.05866871153367913
94.79166666666666,0.0586722099420071,0.0586722099420071
94.83333333333333,0.05867569985614756,0.05867569985614756
94.875,0.0586791780581662,0.0586791780581662
94.91666666666666,0.05868263590945646,0.05868263590945646
94.95833333333333,0.05868607366485852,0.05868607366485852
95.0,0.05868948828868789,0.05868948828868789
95.04166666666666,0.058692876362701575,0.058692876362701575
95.08333333333333,0.058696245671193886,0.058696245671193886
95.125,0.05869960051814332,0.05869960051814332
95.16666666666666,0.05870294559364312,0.05870294559364312
95.20833333333333,0.05870628615460509,0.05870628615460509
95.25,0.05870962231854426,0.05870962231854426
95.29166666666666,0.05871295938560989,0.05871295938560989
95.33333333333333,0.05871629730967976,0.05871629730967976
95.375,0.05871963929944259,0.05871963929944259
95.41666666666666,0.058722984799493234,0.058722984799493234
95.45833333333333,0.058726334892820066,0.058726334892820066
95.5,0.058729689367128864,0.058729689367128864
95.54166666666666,0.058733048435662676,0.058733048435662676
95.58333333333333,0.05873640878047099,0.05873640878047099
95.625,0.058739770092093094,0.058739770092093094
95.66666666666666,0.05874313258842009,0.05874313258842009
95.70833333333333,0.058746495752293265,0.058746495752293265
95.75,0.05874985051579776,0.05874985051579776
95.79166666666666,0.05875319879451809,0.05875319879451809
95.83333333333333,0.058756538856189755,0.058756538856189755
95.875,0.058759867530920155,0.058759867530920155
95.91666666666666,0.05876317611391443,0.05876317611391443
95.95833333333333,0.05876646487923951,0.05876646487923951
96.0,0.05876973078896369,0.05876973078896369
96.04166666666666,0.05877297048954332,0.05877297048954332
96.08333333333333,0.05877619168315563,0.05877619168315563
96.125,0.058779398690372006,0.058779398690372006
96.16666666666666,0.05878259620413136,0.05878259620413136
96.20833333333333,0.05878578949259811,0.05878578949259811
96.25,0.05878897865505846,0.05878897865505846
96.29166666666666,0.058792169010427324,0.058792169010427324
96.33333333333333,0.05879536049176756,0.05879536049176756
96.375,0.05879855632610182,0.05879855632610182
96.41666666666666,0.058801755943226515,0.058801755943226515
96.45833333333333,0.058804960430891604,0.058804960430891604
96.5,0.0588081695751427,0.0588081695751427
96.54166666666666,0.05881138358842892,0.05881138358842892
96.58333333333333,0.05881459917220202,0.05881459917220202
96.625,0.05881781597903595,0.05881781597903595
96.66666666666666,0.05882103423980516,0.05882103423980516
96.70833333333333,0.0588242534355161,0.0588242534355161
96.75,0.0588274645557471,0.0588274645557471
96.79166666666666,0.05883066942403754,0.05883066942403754
96.83333333333333,0.0588338663407841,0.0588338663407841
96.875,0.05883705218165294,0.05883705218165294
96.91666666666666,0.05884021817914577,0.05884021817914577
96.95833333333333,0.05884336462548858,0.05884336462548858
97.0,0.058846488480604774,0.058846488480604774
97.04166666666666,0.058849586452709456,0.058849586452709456
97.08333333333333,0.05885266616542801,0.05885266616542801
97.125,0.05885573195526793,0.05885573195526793
97.16666666666666,0.05885878851790545,0.05885878851790545
97.20833333333333,0.05886184113221392,0.05886184113221392
97.25,0.058864889880135746,0.058864889880135746
97.29166666666666,0.05886794009841872,0.05886794009841872
97.33333333333333,0.05887099170035087,0.05887099170035087
97.375,0.05887404793034424,0.05887404793034424
97.41666666666666,0.05887710820418415,0.05887710820418415
97.45833333333333,0.05888017361406013,0.05888017361406013
97.5,0.05888324394446712,0.05888324394446712
97.54166666666666,0.058886319407096245,0.058886319407096245
97.58333333333333,0.058889396721891245,0.058889396721891245
97.625,0.05889247550524544,0.05889247550524544
97.66666666666666,0.05889555600039885,0.05889555600039885
97.70833333333333,0.05889863768660672,0.05889863768660672
97.75,0.058901711608105055,0.058901711608105055
97.79166666666666,0.058904779500945595,0.058904779500945595
97.83333333333333,0.05890783969654307,0.05890783969654307
97.875,0.05891088911378053,0.05891088911378053
97.91666666666666,0.05891391892573746,0.05891391892573746
97.95833333333333,0.05891692944179821,0.05891692944179821
98.0,0.05891991761983897,0.05891991761983897
98.04166666666666,0.05892288022702595,0.05892288022702595
98.08333333333333,0.0589258248118529,0.0589258248118529
98.125,0.05892875572612674,0.05892875572612674
98.16666666666666,0.058931677668155075,0.058931677668155075
98.20833333333333,0.058934595927005104,0.058934595927005104
98.25,0.05893751056811419,0.05893751056811419
98.29166666666666,0.05894042694518052,0.05894042694518052
98.33333333333333,0.05894334495270107,0.05894334495270107
98.375,0.05894626785158605,0.05894626785158605
98.41666666666666,0.05894919504435055,0.05894919504435055
98.45833333333333,0.05895212762732605,0.05895212762732605
98.5,0.05895506538355817,0.05895506538355817
98.54166666666666,0.05895800852401433,0.05895800852401433
98.58333333333333,0.0589609537862638,0.0589609537862638
98.625,0.05896390075221747,0.05896390075221747
98.66666666666666,0.05896684967689367,0.05896684967689367
98.70833333333333,0.058969800037876316,0.058969800037876316
98.75,0.05897274293137351,0.05897274293137351
98.79166666666666,0.05897568001026403,0.05897568001026403
98.83333333333333,0.05897860963542736,0.05897860963542736
98.875,0.05898152876675411,0.05898152876675411
98.91666666666666,0.0589844285209919,0.0589844285209919
98.95833333333333,0.05898730922374517,0.05898730922374517
99.0,0.05899016783093612,0.05899016783093612
99.04166666666666,0.05899300116600204,0.05899300116600204
99.08333333333333,0.05899581670558412,0.05899581670558412
99.125,0.05899861881617286,0.05899861881617286
99.16666666666666,0.05900141219860499,0.05900141219860499
99.20833333333333,0.05900420215164928,0.05900420215164928
99.25,0.05900698872503829,0.05900698872503829
99.29166666666666,0.05900977728858067,0.05900977728858067
99.33333333333333,0.059012567718917594,0.059012567718917594
99.375,0.059015363292612644,0.059015363292612644
99.41666666666666,0.0590181633996104,0.0590181633996104
99.45833333333333,0.059020969140108466,0.059020969140108466
99.5,0.05902378029579708,0.05902378029579708
99.54166666666666,0.05902659707695279,0.05902659707695279
99.58333333333333,0.059029416237942924,0.059029416237942924
99.625,0.05903223732781652,0.05903223732781652
99.66666666666666,0.059035060612810566,0.059035060612810566
99.70833333333333,0.059037885568913984,0.059037885568913984
99.75,0.059040703341756574,0.059040703341756574
99.79166666666666,0.05904351550513957,0.05904351550513957
99.83333333333333,0.05904632044793504,0.05904632044793504
99.875,0.05904911516895219,0.05904911516895219
99.91666666666666,0.05905189073152351,0.05905189073152351
99.95833333333333,0.059054647476592115,0.059054647476592115
100.0,0.059057382358215255,0.059057382358215255
