time,APlasma,[APlasma]
0.0,0.0,0.0
0.041666666666666664,9.503513686217127e-08,9.503513686217127e-08
0.08333333333333333,7.458388028815083e-07,7.458388028815083e-07
0.125,2.469542546024882e-06,2.469542546024882e-06
0.16666666666666666,5.7432441354550905e-06,5.7432441354550905e-06
0.20833333333333331,1.1006231045744703e-05,1.1006231045744703e-05
0.25,1.866209567092072e-05,1.866209567092072e-05
0.29166666666666663,2.908074561108712e-05,2.908074561108712e-05
0.3333333333333333,4.260031439351605e-05,4.260031439351605e-05
0.375,5.952897861158046e-05,5.952897861158046e-05
0.41666666666666663,8.014668762337533e-05,8.014668762337533e-05
0.4583333333333333,0.00010470680353602168,0.00010470680353602168
0.5,0.00013343765462519387,0.00013343765462519387
0.5416666666666666,0.00016654402162622972,0.00016654402162622972
0.5833333333333333,0.00020420854040646846,0.00020420854040646846
0.625,0.0002465930346849675,0.0002465930346849675
0.6666666666666666,0.0002938397903872646,0.0002938397903872646
0.7083333333333333,0.0003460727630634997,0.0003460727630634997
0.75,0.00040339871132981966,0.00040339871132981966
0.7916666666666666,0.0004659082721730164,0.0004659082721730164
0.8333333333333333,0.0005336769883954983,0.0005336769883954983
0.875,0.0006067662892940514,0.0006067662892940514
0.9166666666666666,0.0006852244138461648,0.0006852244138461648
0.9583333333333333,0.0007690872828544808,0.0007690872828544808
1.0,0.000858379324816143,0.000858379324816143
1.0416666666666665,0.0009532101922874749,0.0009532101922874749
1.0833333333333333,0.0010540419424502011,0.0010540419424502011
1.125,0.0011613880419533932,0.0011613880419533932
1.1666666666666665,0.0012757118918900092,0.0012757118918900092
1.2083333333333333,0.001397430152994062,0.001397430152994062
1.25,0.0015269167318356796,0.0015269167318356796
1.2916666666666665,0.001664505199521179,0.001664505199521179
1.3333333333333333,0.0018104912933358933,0.0018104912933358933
1.375,0.001965134917788325,0.001965134917788325
1.4166666666666665,0.0021286630611448486,0.0021286630611448486
1.4583333333333333,0.0023012704234684077,0.0023012704234684077
1.5,0.002483123062360189,0.002483123062360189
1.5416666666666665,0.0026743575911289405,0.0026743575911289405
1.5833333333333333,0.002875085322163189,0.002875085322163189
1.625,0.0030853943497928496,0.0030853943497928496
1.6666666666666665,0.003305349619938703,0.003305349619938703
1.7083333333333333,0.003534996291758305,0.003534996291758305
1.75,0.003774358232745642,0.003774358232745642
1.7916666666666665,0.0040234430268242145,0.0040234430268242145
1.8333333333333333,0.004282240900499909,0.004282240900499909
1.875,0.004550724168907832,0.004550724168907832
1.9166666666666665,0.00482885557992889,0.00482885557992889
1.9583333333333333,0.0051165778201378645,0.0051165778201378645
2.0,0.005413826834146937,0.005413826834146937
2.0416666666666665,0.005720627579983224,0.005720627579983224
2.083333333333333,0.006037335991875191,0.006037335991875191
2.125,0.0063643764670394285,0.0063643764670394285
2.1666666666666665,0.006702121582950294,0.006702121582950294
2.208333333333333,0.007050890666433898,0.007050890666433898
2.25,0.007410967404969309,0.007410967404969309
2.2916666666666665,0.007782598059489421,0.007782598059489421
2.333333333333333,0.008165985681499146,0.008165985681499146
2.375,0.008561295946591186,0.008561295946591186
2.4166666666666665,0.008968661492877701,0.008968661492877701
2.458333333333333,0.009388184783742691,0.009388184783742691
2.5,0.009819940156920786,0.009819940156920786
2.5416666666666665,0.010263975584290843,0.010263975584290843
2.583333333333333,0.010720314119477473,0.010720314119477473
2.625,0.011188955807335406,0.011188955807335406
2.6666666666666665,0.011669880719159129,0.011669880719159129
2.708333333333333,0.012163043344990512,0.012163043344990512
2.75,0.01266838942256584,0.01266838942256584
2.7916666666666665,0.013185836286334433,0.013185836286334433
2.833333333333333,0.013715284626392836,0.013715284626392836
2.875,0.014256634701097667,0.014256634701097667
2.9166666666666665,0.0148097531001211,0.0148097531001211
2.958333333333333,0.015374510314727079,0.015374510314727079
3.0,0.01595076003538731,0.01595076003538731
3.0416666666666665,0.016538455564216594,0.016538455564216594
3.083333333333333,0.017137867052905313,0.017137867052905313
3.125,0.017749345929626157,0.017749345929626157
3.1666666666666665,0.018373191938149104,0.018373191938149104
3.208333333333333,0.019009660209272687,0.019009660209272687
3.25,0.01965896106674863,0.01965896106674863
3.2916666666666665,0.020321254765623863,0.020321254765623863
3.333333333333333,0.02099668878265075,0.02099668878265075
3.375,0.0216853571332775,0.0216853571332775
3.4166666666666665,0.022387338258647502,0.022387338258647502
3.458333333333333,0.023102667665856596,0.023102667665856596
3.5,0.023831355737844177,0.023831355737844177
3.5416666666666665,0.024573383770578293,0.024573383770578293
3.583333333333333,0.025328712455270075,0.025328712455270075
3.625,0.026097279837271573,0.026097279837271573
3.6666666666666665,0.0268790039011786,0.0268790039011786
3.708333333333333,0.02767378673229147,0.02767378673229147
3.75,0.02848151042527027,0.02848151042527027
3.7916666666666665,0.029302042865640057,0.029302042865640057
3.833333333333333,0.03013523717301964,0.03013523717301964
3.875,0.03098093220756625,0.03098093220756625
3.9166666666666665,0.03183896066517943,0.03183896066517943
3.958333333333333,0.032709135602749975,0.032709135602749975
4.0,0.033591255227260704,0.033591255227260704
4.041666666666666,0.034485231928083754,0.034485231928083754
4.083333333333333,0.035391275376670965,0.035391275376670965
4.125,0.03630969846799657,0.03630969846799657
4.166666666666666,0.037240746308997014,0.037240746308997014
4.208333333333333,0.0381846355237418,0.0381846355237418
4.25,0.0391415422011959,0.0391415422011959
4.291666666666666,0.040111595929073054,0.040111595929073054
4.333333333333333,0.04109488737471372,0.04109488737471372
4.375,0.04209147073722639,0.04209147073722639
4.416666666666666,0.04310138984181011,0.04310138984181011
4.458333333333333,0.044124635984018945,0.044124635984018945
4.5,0.04516119767077149,0.04516119767077149
4.541666666666666,0.0462110199007297,0.0462110199007297
4.583333333333333,0.047274029663626115,0.047274029663626115
4.625,0.04835013364094689,0.04835013364094689
4.666666666666666,0.04943921035922395,0.04943921035922395
4.708333333333333,0.05054113292957138,0.05054113292957138
4.75,0.05165574569088653,0.05165574569088653
4.791666666666666,0.05278289106650735,0.05278289106650735
4.833333333333333,0.05392238745088583,0.05392238745088583
4.875,0.055074050092707647,0.055074050092707647
4.916666666666666,0.05623767517426988,0.05623767517426988
4.958333333333333,0.05741305527632934,0.05741305527632934
5.0,0.05859996717220331,0.05859996717220331
5.041666666666666,0.059798317528693565,0.059798317528693565
5.083333333333333,0.06100826069350525,0.06100826069350525
5.125,0.062230092656096886,0.062230092656096886
5.166666666666666,0.06346404039687273,0.06346404039687273
5.208333333333333,0.06471028101921912,0.06471028101921912
5.25,0.06596897522026686,0.06596897522026686
5.291666666666666,0.0672402454701729,0.0672402454701729
5.333333333333333,0.06852414076709344,0.06852414076709344
5.375,0.06982073838442542,0.06982073838442542
5.416666666666666,0.07113002803242315,0.07113002803242315
5.458333333333333,0.07245199593353233,0.07245199593353233
5.5,0.07378660746323909,0.07378660746323909
5.541666666666666,0.075133776838135,0.075133776838135
5.583333333333333,0.07649343062261867,0.07649343062261867
5.625,0.07786545287864527,0.07786545287864527
5.666666666666666,0.07924970582876088,0.07924970582876088
5.708333333333333,0.08064605523188392,0.08064605523188392
5.75,0.0820543166893944,0.0820543166893944
5.791666666666666,0.08347433863750585,0.08347433863750585
5.833333333333333,0.08490591893604027,0.08490591893604027
5.875,0.08634885741150237,0.08634885741150237
5.916666666666666,0.08780295310005325,0.08780295310005325
5.958333333333333,0.08926797066978673,0.08926797066978673
6.0,0.09074368062291757,0.09074368062291757
6.041666666666666,0.09222998795410255,0.09222998795410255
6.083333333333333,0.09372700819242458,0.09372700819242458
6.125,0.09523503548382072,0.09523503548382072
6.166666666666666,0.096754287481736,0.096754287481736
6.208333333333333,0.09828493292829708,0.09828493292829708
6.25,0.09982710285153104,0.09982710285153104
6.291666666666666,0.10138091965868579,0.10138091965868579
6.333333333333333,0.10294644137659198,0.10294644137659198
6.375,0.10452371719885993,0.10452371719885993
6.416666666666666,0.10611274831917607,0.10611274831917607
6.458333333333333,0.1077135056747815,0.1077135056747815
6.5,0.10932595134846262,0.10932595134846262
6.541666666666666,0.11094998887309918,0.11094998887309918
6.583333333333333,0.11258554918114531,0.11258554918114531
6.625,0.11423247998902814,0.11423247998902814
6.666666666666666,0.11589068226915339,0.11589068226915339
6.708333333333333,0.11755996759038966,0.11755996759038966
6.75,0.11924019983110475,0.11924019983110475
6.791666666666666,0.12093116754432934,0.12093116754432934
6.833333333333333,0.12263269840873006,0.12263269840873006
6.875,0.12434455581669543,0.12434455581669543
6.916666666666666,0.12606654571755696,0.12606654571755696
6.958333333333333,0.12779844419906786,0.12779844419906786
7.0,0.1295399963676861,0.1295399963676861
7.041666666666666,0.1312911541356292,0.1312911541356292
7.083333333333333,0.1330519799240472,0.1330519799240472
7.125,0.134822777540341,0.134822777540341
7.166666666666666,0.13660375375568343,0.13660375375568343
7.208333333333333,0.1383950825643165,0.1383950825643165
7.25,0.14019688281467102,0.14019688281467102
7.291666666666666,0.14200925777796136,0.14200925777796136
7.333333333333333,0.14383229714221435,0.14383229714221435
7.375,0.1456660018094413,0.1456660018094413
7.416666666666666,0.14751043361080163,0.14751043361080163
7.458333333333333,0.14936550268024015,0.14936550268024015
7.5,0.15123122784883963,0.15123122784883963
7.541666666666666,0.15310746149580545,0.15310746149580545
7.583333333333333,0.1549941741957145,0.1549941741957145
7.625,0.15689118031551472,0.15689118031551472
7.666666666666666,0.15879840484711527,0.15879840484711527
7.708333333333333,0.16071563438110148,0.16071563438110148
7.75,0.16264274884509533,0.16264274884509533
7.791666666666666,0.16457952792901787,0.16457952792901787
7.833333333333333,0.16652579914010004,0.16652579914010004
7.875,0.1684813395123366,0.1684813395123366
7.916666666666666,0.17044593640242764,0.17044593640242764
7.958333333333333,0.17241936094165639,0.17241936094165639
8.0,0.1744013717144725,0.1744013717144725
8.041666666666666,0.17639190258094053,0.17639190258094053
8.083333333333332,0.17839104054132138,0.17839104054132138
8.125,0.1803990807012594,0.1803990807012594
8.166666666666666,0.18241622138702263,0.18241622138702263
8.208333333333332,0.1844426397069543,0.1844426397069543
8.25,0.186478475052172,0.186478475052172
8.291666666666666,0.1885237768517315,0.1885237768517315
8.333333333333332,0.19057867068538856,0.19057867068538856
8.375,0.19264317641735054,0.19264317641735054
8.416666666666666,0.19471728200501037,0.19471728200501037
8.458333333333332,0.19680103114565334,0.19680103114565334
8.5,0.1988942815416655,0.1988942815416655
8.541666666666666,0.20099706546609972,0.20099706546609972
8.583333333333332,0.20310917565334644,0.20310917565334644
8.625,0.20523057899786643,0.20523057899786643
8.666666666666666,0.2073611030067102,0.2073611030067102
8.708333333333332,0.20950059287029857,0.20950059287029857
8.75,0.21164890384301716,0.21164890384301716
8.791666666666666,0.21380581291971698,0.21380581291971698
8.833333333333332,0.21597117188512188,0.21597117188512188
8.875,0.2181447223310105,0.2181447223310105
8.916666666666666,0.22032628993827016,0.22032628993827016
8.958333333333332,0.22251562104648806,0.22251562104648806
9.0,0.2247124903970091,0.2247124903970091
9.041666666666666,0.22691684125588782,0.22691684125588782
9.083333333333332,0.22912875007968292,0.22912875007968292
9.125,0.23134851179598093,0.23134851179598093
9.166666666666666,0.23357632472637163,0.23357632472637163
9.208333333333332,0.2358123678809419,0.2358123678809419
9.25,0.23805677574300638,0.23805677574300638
9.291666666666666,0.24030966303137455,0.24030966303137455
9.333333333333332,0.2425710209133455,0.2425710209133455
9.375,0.24484098388142297,0.24484098388142297
9.416666666666666,0.24711952213450047,0.24711952213450047
9.458333333333332,0.24940659749731667,0.24940659749731667
9.5,0.25170225391502227,0.25170225391502227
9.541666666666666,0.25400629031327393,0.25400629031327393
9.583333333333332,0.2563187286746642,0.2563187286746642
9.625,0.2586393953990978,0.2586393953990978
9.666666666666666,0.26096815848516025,0.26096815848516025
9.708333333333332,0.2633049109554021,0.2633049109554021
9.75,0.2656494126773179,0.2656494126773179
9.791666666666666,0.2680015534981061,0.2680015534981061
9.833333333333332,0.27036109040434936,0.27036109040434936
9.875,0.2727278374167038,0.2727278374167038
9.916666666666666,0.2751015932980795,0.2751015932980795
9.958333333333332,0.277482096848226,0.277482096848226
10.0,0.2798691566803923,0.2798691566803923
10.041666666666666,0.2822626984552488,0.2822626984552488
10.083333333333332,0.28466279513581955,0.28466279513581955
10.125,0.28706975507453286,0.28706975507453286
10.166666666666666,0.289483774424835,0.289483774424835
10.208333333333332,0.29190502919037653,0.29190502919037653
10.25,0.2943336658962246,0.2943336658962246
10.291666666666666,0.2967697674398725,0.2967697674398725
10.333333333333332,0.2992134454444915,0.2992134454444915
10.375,0.30166470437801635,0.30166470437801635
10.416666666666666,0.3041235906128525,0.3041235906128525
10.458333333333332,0.30659006001085715,0.30659006001085715
10.5,0.30906404830906664,0.30906404830906664
10.541666666666666,0.311545458676181,0.311545458676181
10.583333333333332,0.3140342578738395,0.3140342578738395
10.625,0.3165303789095675,0.3165303789095675
10.666666666666666,0.319033543867876,0.319033543867876
10.708333333333332,0.32154371802057063,0.32154371802057063
10.75,0.3240607785425843,0.3240607785425843
10.791666666666666,0.32658451976938563,0.32658451976938563
10.833333333333332,0.3291147118373485,0.3291147118373485
10.875,0.3316511918180124,0.3316511918180124
10.916666666666666,0.33419374601792035,0.33419374601792035
10.958333333333332,0.33674214925090196,0.33674214925090196
11.0,0.3392961579665237,0.3392961579665237
11.041666666666666,0.3418556568181446,0.3418556568181446
11.083333333333332,0.34442077707147617,0.34442077707147617
11.125,0.34699182899513964,0.34699182899513964
11.166666666666666,0.3495690256092194,0.3495690256092194
11.208333333333332,0.352152522738105,0.352152522738105
11.25,0.3547424700987184,0.3547424700987184
11.291666666666666,0.3573389799918056,0.3573389799918056
11.333333333333332,0.35994210993098885,0.35994210993098885
11.375,0.3625519387878142,0.3625519387878142
11.416666666666666,0.36516844553749184,0.36516844553749184
11.458333333333332,0.36779165450568785,0.36779165450568785
11.5,0.3704214890345087,0.3704214890345087
11.541666666666666,0.37305789191876615,0.37305789191876615
11.583333333333332,0.37570071545972217,0.37570071545972217
11.625,0.37834991226030856,0.37834991226030856
11.666666666666666,0.3810054101802507,0.3810054101802507
11.708333333333332,0.38366695073646057,0.38366695073646057
11.75,0.38633441906032234,0.38633441906032234
11.791666666666666,0.3890076935607319,0.3890076935607319
11.833333333333332,0.39168660836857083,0.39168660836857083
11.875,0.3943708787897974,0.3943708787897974
11.916666666666666,0.39706034397531864,0.39706034397531864
11.958333333333332,0.39975478202996045,0.39975478202996045
12.0,0.4024539650207101,0.4024539650207101
12.041666666666666,0.4051577968309952,0.4051577968309952
12.083333333333332,0.40786638999965447,0.40786638999965447
12.125,0.410580048233144,0.410580048233144
12.166666666666666,0.4132989958809468,0.4132989958809468
12.208333333333332,0.41602337913643034,0.41602337913643034
12.25,0.41875335797017527,0.41875335797017527
12.291666666666666,0.4214890405293086,0.4214890405293086
12.333333333333332,0.42423049431256765,0.42423049431256765
12.375,0.4269777764816833,0.4269777764816833
12.416666666666666,0.4297309132864722,0.4297309132864722
12.458333333333332,0.43248987525762395,0.43248987525762395
12.5,0.4352546603545252,0.4352546603545252
12.541666666666666,0.438025162072764,0.438025162072764
12.583333333333332,0.4408013309473674,0.4408013309473674
12.625,0.44358297324071344,0.44358297324071344
12.666666666666666,0.44637002979861723,0.44637002979861723
12.708333333333332,0.4491624050178471,0.4491624050178471
12.75,0.45195989794915215,0.45195989794915215
12.791666666666666,0.4547622932443608,0.4547622932443608
12.833333333333332,0.45756947964473854,0.45756947964473854
12.875,0.46038128831141045,0.46038128831141045
12.916666666666666,0.4631974624794536,0.4631974624794536
12.958333333333332,0.46601778732298377,0.46601778732298377
13.0,0.4688420493124674,0.4688420493124674
13.041666666666666,0.4716701853258151,0.4716701853258151
13.083333333333332,0.47450228179545345,0.47450228179545345
13.125,0.4773386559255928,0.4773386559255928
13.166666666666666,0.48017951483102156,0.48017951483102156
13.208333333333332,0.48302502653342333,0.48302502653342333
13.25,0.4858753370430997,0.4858753370430997
13.291666666666666,0.4887305574152271,0.4887305574152271
13.333333333333332,0.49159078572775927,0.49159078572775927
13.375,0.494456013277972,0.494456013277972
13.416666666666666,0.4973263362440458,0.4973263362440458
13.458333333333332,0.5002016995418478,0.5002016995418478
13.5,0.5030820888973772,0.5030820888973772
13.541666666666666,0.5059674675065676,0.5059674675065676
13.583333333333332,0.508857703102475,0.508857703102475
13.625,0.5117527531895537,0.5117527531895537
13.666666666666666,0.5146523828334868,0.5146523828334868
13.708333333333332,0.5175565230517781,0.5175565230517781
13.75,0.5204650578407255,0.5204650578407255
13.791666666666666,0.5233778224760369,0.5233778224760369
13.833333333333332,0.5262945352711279,0.5262945352711279
13.875,0.5292150862493766,0.5292150862493766
13.916666666666666,0.5321392914364969,0.5321392914364969
13.958333333333332,0.5350669305112532,0.5350669305112532
14.0,0.5379977417857679,0.5379977417857679
14.041666666666666,0.5409317036131356,0.5409317036131356
14.083333333333332,0.5438688875823215,0.5438688875823215
14.125,0.5468096247864566,0.5468096247864566
14.166666666666666,0.5497541128890119,0.5497541128890119
14.208333333333332,0.5527025426338039,0.5527025426338039
14.25,0.5556550196342913,0.5556550196342913
14.291666666666666,0.5586116883327259,0.5586116883327259
14.333333333333332,0.5615726183643829,0.5615726183643829
14.375,0.5645378914365758,0.5645378914365758
14.416666666666666,0.5675075142859599,0.5675075142859599
14.458333333333332,0.5704814432062395,0.5704814432062395
14.5,0.5734596564520887,0.5734596564520887
14.541666666666666,0.5764421825394171,0.5764421825394171
14.583333333333332,0.5794287885502533,0.5794287885502533
14.625,0.5824195043019904,0.5824195043019904
14.666666666666666,0.5854142203546989,0.5854142203546989
14.708333333333332,0.5884126982240176,0.5884126982240176
14.75,0.5914148925225778,0.5914148925225778
14.791666666666666,0.5944205893287685,0.5944205893287685
14.833333333333332,0.597429588262631,0.597429588262631
14.875,0.6004417649837519,0.6004417649837519
14.916666666666666,0.6034568324751787,0.6034568324751787
14.958333333333332,0.6064746279415703,0.6064746279415703
15.0,0.6094949448845277,0.6094949448845277
15.041666666666666,0.6125177254353641,0.6125177254353641
15.083333333333332,0.6155430503740917,0.6155430503740917
15.125,0.6185712649369617,0.6185712649369617
15.166666666666666,0.6216025675232479,0.6216025675232479
15.208333333333332,0.6246371412300181,0.6246371412300181
15.25,0.6276750902141393,0.6276750902141393
15.291666666666666,0.6307165568407526,0.6307165568407526
15.333333333333332,0.6337616255632527,0.6337616255632527
15.375,0.6368103583938212,0.6368103583938212
15.416666666666666,0.6398627851816211,0.6398627851816211
15.458333333333332,0.6429189163548898,0.6429189163548898
15.5,0.6459786255410459,0.6459786255410459
15.541666666666666,0.6490419431359881,0.6490419431359881
15.583333333333332,0.6521088346386094,0.6521088346386094
15.625,0.6551790663318302,0.6551790663318302
15.666666666666666,0.6582526531511793,0.6582526531511793
15.708333333333332,0.6613294537590526,0.6613294537590526
15.75,0.6644092292741369,0.6644092292741369
15.791666666666666,0.667491919417071,0.667491919417071
15.833333333333332,0.6705773001437039,0.6705773001437039
15.875,0.673665157199723,0.673665157199723
15.916666666666666,0.6767553571438837,0.6767553571438837
15.958333333333332,0.6798476230136355,0.6798476230136355
16.0,0.6829417611549528,0.6829417611549528
16.041666666666664,0.6860377671354961,0.6860377671354961
16.083333333333332,0.689135702767297,0.689135702767297
16.125,0.692235927895034,0.692235927895034
16.166666666666664,0.6953386151659778,0.6953386151659778
16.208333333333332,0.6984439444546829,0.6984439444546829
16.25,0.7015520621855051,0.7015520621855051
16.291666666666664,0.7046630676664509,0.7046630676664509
16.333333333333332,0.7077770731718459,0.7077770731718459
16.375,0.7108941140945729,0.7108941140945729
16.416666666666664,0.71401426477216,0.71401426477216
16.458333333333332,0.717137480339398,0.717137480339398
16.5,0.7202637692314605,0.7202637692314605
16.541666666666664,0.7233929858302285,0.7233929858302285
16.583333333333332,0.7265251593633317,0.7265251593633317
16.625,0.7296601933788268,0.7296601933788268
16.666666666666664,0.7327978770336706,0.7327978770336706
16.708333333333332,0.7359382045213481,0.7359382045213481
16.75,0.7390809727637362,0.7390809727637362
16.791666666666664,0.742225932903055,0.742225932903055
16.833333333333332,0.7453730094935432,0.7453730094935432
16.875,0.7485220601097533,0.7485220601097533
16.916666666666664,0.7516729054981085,0.7516729054981085
16.958333333333332,0.7548251833988977,0.7548251833988977
17.0,0.7579787875656062,0.7579787875656062
17.041666666666664,0.7611337523819942,0.7611337523819942
17.083333333333332,0.7642900913927344,0.7642900913927344
17.125,0.7674481540654967,0.7674481540654967
17.166666666666664,0.770608110333564,0.770608110333564
17.208333333333332,0.7737701401669025,0.7737701401669025
17.25,0.7769344175366295,0.7769344175366295
17.291666666666664,0.7801010047821796,0.7801010047821796
17.333333333333332,0.7832700250262056,0.7832700250262056
17.375,0.7864415375418422,0.7864415375418422
17.416666666666664,0.7896155712124809,0.7896155712124809
17.458333333333332,0.7927921516739084,0.7927921516739084
17.5,0.7959712344702196,0.7959712344702196
17.541666666666664,0.799152757234373,0.799152757234373
17.583333333333332,0.8023366107789317,0.8023366107789317
17.625,0.8055228040962088,0.8055228040962088
17.666666666666664,0.8087111626615562,0.8087111626615562
17.708333333333332,0.8119015296365432,0.8119015296365432
17.75,0.8150938688232655,0.8150938688232655
17.791666666666664,0.8182879127396576,0.8182879127396576
17.833333333333332,0.8214834560642689,0.8214834560642689
17.875,0.8246803999991325,0.8246803999991325
17.916666666666664,0.8278785934977614,0.8278785934977614
17.958333333333332,0.8310778677308432,0.8310778677308432
18.0,0.8342778128297406,0.8342778128297406
18.041666666666664,0.837478631101996,0.837478631101996
18.083333333333332,0.8406803233572684,0.8406803233572684
18.125,0.8438831848296617,0.8438831848296617
18.166666666666664,0.8470874258462839,0.8470874258462839
18.208333333333332,0.8502932556738144,0.8502932556738144
18.25,0.8535008179645146,0.8535008179645146
18.291666666666664,0.8567102005145942,0.8567102005145942
18.333333333333332,0.859921511309015,0.859921511309015
18.375,0.8631347952340975,0.8631347952340975
18.416666666666664,0.8663501183215668,0.8663501183215668
18.458333333333332,0.8695674510496986,0.8695674510496986
18.5,0.8727868161382891,0.8727868161382891
18.541666666666664,0.8760080238074271,0.8760080238074271
18.583333333333332,0.8792311188934061,0.8792311188934061
18.625,0.882456088532717,0.882456088532717
18.666666666666664,0.8856826538466311,0.8856826538466311
18.708333333333332,0.8889107617802545,0.8889107617802545
18.75,0.8921403714878164,0.8921403714878164
18.791666666666664,0.8953712405069874,0.8953712405069874
18.833333333333332,0.8986031460237636,0.8986031460237636
18.875,0.901836018962683,0.901836018962683
18.916666666666664,0.9050696505343079,0.9050696505343079
18.958333333333332,0.9083037294955927,0.9083037294955927
19.0,0.911538142712975,0.911538142712975
19.041666666666664,0.9147728563965746,0.9147728563965746
19.083333333333332,0.9180079831039505,0.9180079831039505
19.125,0.9212438145703807,0.9212438145703807
19.166666666666664,0.9244805567526461,0.9244805567526461
19.208333333333332,0.9277184073429835,0.9277184073429835
19.25,0.9309575454078018,0.9309575454078018
19.291666666666664,0.9341980225572064,0.9341980225572064
19.333333333333332,0.9374399631623495,0.9374399631623495
19.375,0.9406834206514122,0.9406834206514122
19.416666666666664,0.9439284221142903,0.9439284221142903
19.458333333333332,0.947175011750286,0.947175011750286
19.5,0.9504231291561156,0.9504231291561156
19.541666666666664,0.9536727568551073,0.9536727568551073
19.583333333333332,0.9569237143579137,0.9569237143579137
19.625,0.9601760353099119,0.9601760353099119
19.666666666666664,0.9634296918391766,0.9634296918391766
19.708333333333332,0.9666843049381088,0.9666843049381088
19.75,0.969939919817601,0.969939919817601
19.791666666666664,0.9731964443814277,0.9731964443814277
19.833333333333332,0.9764535860758512,0.9764535860758512
19.875,0.9797111608706623,0.9797111608706623
19.916666666666664,0.9829690733815233,0.9829690733815233
19.958333333333332,0.986227098209733,0.986227098209733
20.0,0.9894849283214647,0.9894849283214647
20.041666666666664,0.9927426433580884,0.9927426433580884
20.083333333333332,0.9960003535466465,0.9960003535466465
20.125,0.9992583467699819,0.9992583467699819
20.166666666666664,1.0025168246564493,1.0025168246564493
20.208333333333332,1.0057759779076745,1.0057759779076745
20.25,1.0090360044969693,1.0090360044969693
20.291666666666664,1.0122969478462414,1.0122969478462414
20.333333333333332,1.0155589221400674,1.0155589221400674
20.375,1.0188219945752413,1.0188219945752413
20.416666666666664,1.0220861828167986,1.0220861828167986
20.458333333333332,1.0253515283726293,1.0253515283726293
20.5,1.0286180027977079,1.0286180027977079
20.541666666666664,1.031885567005594,1.031885567005594
20.583333333333332,1.0351541231905852,1.0351541231905852
20.625,1.038423534979919,1.038423534979919
20.666666666666664,1.0416938123320114,1.0416938123320114
20.708333333333332,1.044964865757999,1.044964865757999
20.75,1.0482363476752798,1.0482363476752798
20.791666666666664,1.051508282390906,1.051508282390906
20.833333333333332,1.0547805648596944,1.0547805648596944
20.875,1.0580528493969354,1.0580528493969354
20.916666666666664,1.0613250002503323,1.0613250002503323
20.958333333333332,1.0645968926161729,1.0645968926161729
21.0,1.067868283554555,1.067868283554555
21.041666666666664,1.0711390889411982,1.0711390889411982
21.083333333333332,1.0744095166939873,1.0744095166939873
21.125,1.0776798467944373,1.0776798467944373
21.166666666666664,1.0809502726916986,1.0809502726916986
21.208333333333332,1.0842209831605791,1.0842209831605791
21.25,1.0874921621470126,1.0874921621470126
21.291666666666664,1.0907639081752887,1.0907639081752887
21.333333333333332,1.0940362768743923,1.0940362768743923
21.375,1.0973093603860484,1.0973093603860484
21.416666666666664,1.1005831954770908,1.1005831954770908
21.458333333333332,1.1038577688729319,1.1038577688729319
21.5,1.1071331331877907,1.1071331331877907
21.541666666666664,1.1104091650759078,1.1104091650759078
21.583333333333332,1.1136858859165346,1.1136858859165346
21.625,1.1169630832687027,1.1169630832687027
21.666666666666664,1.1202407005493584,1.1202407005493584
21.708333333333332,1.1235187095973056,1.1235187095973056
21.75,1.126796948941542,1.126796948941542
21.791666666666664,1.1300751242668006,1.1300751242668006
21.833333333333332,1.1333532303275926,1.1333532303275926
21.875,1.1366311503154294,1.1366311503154294
21.916666666666664,1.1399084818908547,1.1399084818908547
21.958333333333332,1.1431851477009918,1.1431851477009918
22.0,1.146460990079166,1.146460990079166
22.041666666666664,1.1497358953164878,1.1497358953164878
22.083333333333332,1.15301008971458,1.15301008971458
22.125,1.1562838378958935,1.1562838378958935
22.166666666666664,1.1595573279090912,1.1595573279090912
22.208333333333332,1.1628307487459237,1.1628307487459237
22.25,1.1661042728053732,1.1661042728053732
22.291666666666664,1.1693780417720885,1.1693780417720885
22.333333333333332,1.1726520763017925,1.1726520763017925
22.375,1.1759264729743248,1.1759264729743248
22.416666666666664,1.1792012772948666,1.1792012772948666
22.458333333333332,1.182476472731334,1.182476472731334
22.5,1.1857520785462163,1.1857520785462163
22.541666666666664,1.1890280743678299,1.1890280743678299
22.583333333333332,1.1923043491560752,1.1923043491560752
22.625,1.1955809038311054,1.1955809038311054
22.666666666666664,1.1988575372064008,1.1988575372064008
22.708333333333332,1.2021342103758785,1.2021342103758785
22.75,1.205410747245231,1.205410747245231
22.791666666666664,1.2086869964641673,1.2086869964641673
22.833333333333332,1.2119628056719325,1.2119628056719325
22.875,1.2152379226353967,1.2152379226353967
22.916666666666664,1.2185122122742504,1.2185122122742504
22.958333333333332,1.2217855061148166,1.2217855061148166
23.0,1.225057638430882,1.225057638430882
23.041666666666664,1.2283284417994667,1.2283284417994667
23.083333333333332,1.2315982379833175,1.2315982379833175
23.125,1.2348672748652394,1.2348672748652394
23.166666666666664,1.2381357364429684,1.2381357364429684
23.208333333333332,1.241403812599756,1.241403812599756
23.25,1.2446716697372484,1.2446716697372484
23.291666666666664,1.2479394735321663,1.2479394735321663
23.333333333333332,1.2512072380705834,1.2512072380705834
23.375,1.2544750340420128,1.2544750340420128
23.416666666666664,1.2577429189865885,1.2577429189865885
23.458333333333332,1.2610109148456767,1.2610109148456767
23.5,1.264278967054292,1.264278967054292
23.541666666666664,1.2675471242961132,1.2675471242961132
23.583333333333332,1.2708152538829687,1.2708152538829687
23.625,1.2740833145733188,1.2740833145733188
23.666666666666664,1.2773512347513232,1.2773512347513232
23.708333333333332,1.2806188207119567,1.2806188207119567
23.75,1.2838860227147515,1.2838860227147515
23.791666666666664,1.2871526158365765,1.2871526158365765
23.833333333333332,1.2904184747081533,1.2904184747081533
23.875,1.293683418696128,1.293683418696128
23.916666666666664,1.2969471934497565,1.2969471934497565
23.958333333333332,1.3002096549276512,1.3002096549276512
24.0,1.303470624966017,1.303470624966017
24.041666666666664,1.3067300050528248,1.3067300050528248
24.083333333333332,1.3099881108825109,1.3099881108825109
24.125,1.313245172350772,1.313245172350772
24.166666666666664,1.316501371310635,1.316501371310635
24.208333333333332,1.3197568993687803,1.3197568993687803
24.25,1.323011925471818,1.323011925471818
24.291666666666664,1.3262666097032287,1.3262666097032287
24.333333333333332,1.3295209877548118,1.3295209877548118
24.375,1.3327751018055467,1.3327751018055467
24.416666666666664,1.3360290147215537,1.3360290147215537
24.458333333333332,1.3392827647365009,1.3392827647365009
24.5,1.342536292422411,1.342536292422411
24.541666666666664,1.3457896017503665,1.3457896017503665
24.583333333333332,1.3490426821726442,1.3490426821726442
24.625,1.352295350877673,1.352295350877673
24.666666666666664,1.3555476160586954,1.3555476160586954
24.708333333333332,1.3587993152507898,1.3587993152507898
24.75,1.3620502963951764,1.3620502963951764
24.791666666666664,1.3653004805707483,1.3653004805707483
24.833333333333332,1.3685496059290008,1.3685496059290008
24.875,1.371797569587142,1.371797569587142
24.916666666666664,1.375044161324085,1.375044161324085
24.958333333333332,1.3782891299549254,1.3782891299549254
25.0,1.3815323218341375,1.3815323218341375
25.041666666666664,1.38477364781023,1.38477364781023
25.083333333333332,1.3880134609048607,1.3880134609048607
25.125,1.3912519723139134,1.3912519723139134
25.166666666666664,1.3944893637095925,1.3944893637095925
25.208333333333332,1.397725832398178,1.397725832398178
25.25,1.4009615578229908,1.4009615578229908
25.291666666666664,1.4041966442698708,1.4041966442698708
25.333333333333332,1.4074312008377627,1.4074312008377627
25.375,1.4106652378881799,1.4106652378881799
25.416666666666664,1.4138988092325409,1.4138988092325409
25.458333333333332,1.4171319489618062,1.4171319489618062
25.5,1.4203646584649672,1.4203646584649672
25.541666666666664,1.4235968460154165,1.4235968460154165
25.583333333333332,1.4268285541796917,1.4268285541796917
25.625,1.430059655373934,1.430059655373934
25.666666666666664,1.4332900354375833,1.4332900354375833
25.708333333333332,1.436519674775119,1.436519674775119
25.75,1.4397483117411765,1.4397483117411765
25.791666666666664,1.442975880593749,1.442975880593749
25.833333333333332,1.446202239259401,1.446202239259401
25.875,1.4494271302725164,1.4494271302725164
25.916666666666664,1.452650442199807,1.452650442199807
25.958333333333332,1.4558719415475259,1.4558719415475259
26.0,1.4590913869056312,1.4590913869056312
26.041666666666664,1.4623086963192502,1.4623086963192502
26.083333333333332,1.4655242805938598,1.4655242805938598
26.125,1.4687383319920684,1.4687383319920684
26.166666666666664,1.4719510340101876,1.4719510340101876
26.208333333333332,1.475162609759792,1.475162609759792
26.25,1.4783731798743491,1.4783731798743491
26.291666666666664,1.481582874994166,1.481582874994166
26.333333333333332,1.4847918312384372,1.4847918312384372
26.375,1.4880000471424706,1.4880000471424706
26.416666666666664,1.491207557558688,1.491207557558688
26.458333333333332,1.4944143969903232,1.4944143969903232
26.5,1.497620598544243,1.497620598544243
26.541666666666664,1.5008260483182125,1.5008260483182125
26.583333333333332,1.504030751835992,1.504030751835992
26.625,1.5072347029355027,1.5072347029355027
26.666666666666664,1.5104376511591708,1.5104376511591708
26.708333333333332,1.513639606473876,1.513639606473876
26.75,1.5168404530870088,1.5168404530870088
26.791666666666664,1.5200399335859494,1.5200399335859494
26.833333333333332,1.5232379890150234,1.5232379890150234
26.875,1.5264344265068275,1.5264344265068275
26.916666666666664,1.5296290112156496,1.5296290112156496
26.958333333333332,1.5328216176483247,1.5328216176483247
27.0,1.536011984987706,1.536011984987706
27.041666666666664,1.5391999407401158,1.5391999407401158
27.083333333333332,1.5423859832169935,1.5423859832169935
27.125,1.5455702859298879,1.5455702859298879
27.166666666666664,1.548753043338476,1.548753043338476
27.208333333333332,1.5519344763802039,1.5519344763802039
27.25,1.5551146787530767,1.5551146787530767
27.291666666666664,1.5582938009303893,1.5582938009303893
27.333333333333332,1.5614719898248037,1.5614719898248037
27.375,1.564649241334128,1.564649241334128
27.416666666666664,1.5678255834554484,1.5678255834554484
27.458333333333332,1.571001036760322,1.571001036760322
27.5,1.5741756328142247,1.5741756328142247
27.541666666666664,1.5773493361120274,1.5773493361120274
27.583333333333332,1.5805220313039368,1.5805220313039368
27.625,1.5836937545356982,1.5836937545356982
27.666666666666664,1.5868643763874315,1.5868643763874315
27.708333333333332,1.5900337220174792,1.5900337220174792
27.75,1.5932017747892329,1.5932017747892329
27.791666666666664,1.596368328999676,1.596368328999676
27.833333333333332,1.5995331972202302,1.5995331972202302
27.875,1.6026962924566266,1.6026962924566266
27.916666666666664,1.605857363234952,1.605857363234952
27.958333333333332,1.6090162213141546,1.6090162213141546
28.0,1.6121727189877342,1.6121727189877342
28.041666666666664,1.6153265645016472,1.6153265645016472
28.083333333333332,1.6184783305351689,1.6184783305351689
28.125,1.621628172383574,1.621628172383574
28.166666666666664,1.624776311918976,1.624776311918976
28.208333333333332,1.6279229177372148,1.6279229177372148
28.25,1.631068110783939,1.631068110783939
28.291666666666664,1.6342120519094758,1.6342120519094758
28.333333333333332,1.6373548671143456,1.6373548671143456
28.375,1.640496576065407,1.640496576065407
28.416666666666664,1.6436372009535918,1.6436372009535918
28.458333333333332,1.6467767428728048,1.6467767428728048
28.5,1.6499152320337296,1.6499152320337296
28.541666666666664,1.6530526915386257,1.6530526915386257
28.583333333333332,1.6561889310296518,1.6561889310296518
28.625,1.659323990809374,1.659323990809374
28.666666666666664,1.6624578495947424,1.6624578495947424
28.708333333333332,1.6655902070091941,1.6655902070091941
28.75,1.6687210674387796,1.6687210674387796
28.791666666666664,1.6718503474329238,1.6718503474329238
28.833333333333332,1.6749777135896393,1.6749777135896393
28.875,1.6781031124617136,1.6781031124617136
28.916666666666664,1.6812264029947763,1.6812264029947763
28.958333333333332,1.6843472616304256,1.6843472616304256
29.0,1.6874655737038535,1.6874655737038535
29.041666666666664,1.6905810887328319,1.6905810887328319
29.083333333333332,1.6936943779904488,1.6936943779904488
29.125,1.696805579382234,1.696805579382234
29.166666666666664,1.6999149404646763,1.6999149404646763
29.208333333333332,1.7030225815990752,1.7030225815990752
29.25,1.706128650864517,1.706128650864517
29.291666666666664,1.7092333323641973,1.7092333323641973
29.333333333333332,1.7123366854207736,1.7123366854207736
29.375,1.7154387956115404,1.7154387956115404
29.416666666666664,1.7185396644703221,1.7185396644703221
29.458333333333332,1.7216392934149825,1.7216392934149825
29.5,1.7247376891946493,1.7247376891946493
29.541666666666664,1.7278348781359698,1.7278348781359698
29.583333333333332,1.7309307666899494,1.7309307666899494
29.625,1.7340252457411796,1.7340252457411796
29.666666666666664,1.7371183385833273,1.7371183385833273
29.708333333333332,1.7402098996692357,1.7402098996692357
29.75,1.7432997149546676,1.7432997149546676
29.791666666666664,1.7463877677331487,1.7463877677331487
29.833333333333332,1.7494738851091804,1.7494738851091804
29.875,1.752557795045974,1.752557795045974
29.916666666666664,1.7556394240238735,1.7556394240238735
29.958333333333332,1.758718580199482,1.758718580199482
30.0,1.7617949720640538,1.7617949720640538
30.041666666666664,1.7648684219474828,1.7648684219474828
30.083333333333332,1.7679395183693496,1.7679395183693496
30.125,1.771008382913055,1.771008382913055
30.166666666666664,1.7740752868726004,1.7740752868726004
30.208333333333332,1.7771403067906189,1.7771403067906189
30.25,1.7802036172770277,1.7802036172770277
30.291666666666664,1.7832654165063664,1.7832654165063664
30.333333333333332,1.7863257170786149,1.7863257170786149
30.375,1.789384648323262,1.789384648323262
30.416666666666664,1.792442199836029,1.792442199836029
30.458333333333332,1.7954983810981515,1.7954983810981515
30.5,1.7985531676027766,1.7985531676027766
30.541666666666664,1.8016065916173387,1.8016065916173387
30.583333333333332,1.8046586381649699,1.8046586381649699
30.625,1.8077090838877223,1.8077090838877223
30.666666666666664,1.810757981778962,1.810757981778962
30.708333333333332,1.8138052924900354,1.8138052924900354
30.75,1.8168506723537121,1.8168506723537121
30.791666666666664,1.8198941286856716,1.8198941286856716
30.833333333333332,1.8229355643656737,1.8229355643656737
30.875,1.8259746756181257,1.8259746756181257
30.916666666666664,1.829011327543598,1.829011327543598
30.958333333333332,1.8320453962185617,1.8320453962185617
31.0,1.8350766189172085,1.8350766189172085
31.041666666666664,1.838104724409054,1.838104724409054
31.083333333333332,1.8411303677332644,1.8411303677332644
31.125,1.844153654079946,1.844153654079946
31.166666666666664,1.8471748686420448,1.8471748686420448
31.208333333333332,1.8501940603978002,1.8501940603978002
31.25,1.8532114493603644,1.8532114493603644
31.291666666666664,1.8562271662496193,1.8562271662496193
31.333333333333332,1.8592412673819845,1.8592412673819845
31.375,1.8622538832980176,1.8622538832980176
31.416666666666664,1.8652649985204688,1.8652649985204688
31.458333333333332,1.8682746352416701,1.8682746352416701
31.5,1.8712827346213543,1.8712827346213543
31.541666666666664,1.8742893357083696,1.8742893357083696
31.583333333333332,1.8772944458022345,1.8772944458022345
31.625,1.880297876583174,1.880297876583174
31.666666666666664,1.8832995805806652,1.8832995805806652
31.708333333333332,1.8862995513129088,1.8862995513129088
31.75,1.8892976033333,1.8892976033333
31.791666666666664,1.8922935182282368,1.8922935182282368
31.833333333333332,1.8952872710776556,1.8952872710776556
31.875,1.8982786993081457,1.8982786993081457
31.916666666666664,1.9012674791130468,1.9012674791130468
31.958333333333332,1.904253543013042,1.904253543013042
32.0,1.9072367291776395,1.9072367291776395
32.041666666666664,1.9102166322119538,1.9102166322119538
32.08333333333333,1.9131939810102563,1.9131939810102563
32.125,1.9161688723219537,1.9161688723219537
32.166666666666664,1.9191415765712392,1.9191415765712392
32.20833333333333,1.9221121485876624,1.9221121485876624
32.25,1.9250808372930166,1.9250808372930166
32.291666666666664,1.9280477142384478,1.9280477142384478
32.33333333333333,1.931012878396248,1.931012878396248
32.375,1.9339764523129952,1.9339764523129952
32.416666666666664,1.936938420620263,1.936938420620263
32.45833333333333,1.9398988043877046,1.9398988043877046
32.5,1.9428575591725152,1.9428575591725152
32.541666666666664,1.9458146819555373,1.9458146819555373
32.58333333333333,1.948770191782365,1.948770191782365
32.625,1.9517239965538002,1.9517239965538002
32.666666666666664,1.954675904521824,1.954675904521824
32.70833333333333,1.957625953279183,1.957625953279183
32.75,1.9605740732900685,1.9605740732900685
32.791666666666664,1.9635198933063334,1.9635198933063334
32.83333333333333,1.9664634305598614,1.9664634305598614
32.875,1.96940457257963,1.96940457257963
32.916666666666664,1.972343013057569,1.972343013057569
32.95833333333333,1.9752785844865364,1.9752785844865364
33.0,1.9782111643513114,1.9782111643513114
33.041666666666664,1.9811404007085585,1.9811404007085585
33.08333333333333,1.9840670043626802,1.9840670043626802
33.125,1.9869910645807682,1.9869910645807682
33.166666666666664,1.98991283730996,1.98991283730996
33.20833333333333,1.9928323850427545,1.9928323850427545
33.25,1.995749979657805,1.995749979657805
33.291666666666664,1.9986656433744818,1.9986656433744818
33.33333333333333,2.0015795265797722,2.0015795265797722
33.375,2.0044916996246287,2.0044916996246287
33.416666666666664,2.0074021894966707,2.0074021894966707
33.45833333333333,2.010311002784448,2.010311002784448
33.5,2.0132181153935966,2.0132181153935966
33.541666666666664,2.0161234777034758,2.0161234777034758
33.58333333333333,2.0190271218675515,2.0190271218675515
33.625,2.0219290337973104,2.0219290337973104
33.666666666666664,2.0248289109989916,2.0248289109989916
33.70833333333333,2.027726821215321,2.027726821215321
33.75,2.030622708209247,2.030622708209247
33.791666666666664,2.033516310007241,2.033516310007241
33.83333333333333,2.0364074590242316,2.0364074590242316
33.875,2.039296105456617,2.039296105456617
33.916666666666664,2.042182073312841,2.042182073312841
33.95833333333333,2.045065020150999,2.045065020150999
34.0,2.047944876939473,2.047944876939473
34.041666666666664,2.0508213304882235,2.0508213304882235
34.08333333333333,2.0536950856273997,2.0536950856273997
34.125,2.056566225068478,2.056566225068478
34.166666666666664,2.0594349907294913,2.0594349907294913
34.20833333333333,2.062301454287735,2.062301454287735
34.25,2.0651659050407107,2.0651659050407107
34.291666666666664,2.068028324961936,2.068028324961936
34.33333333333333,2.0708889096589904,2.0708889096589904
34.375,2.0737476784980835,2.0737476784980835
34.416666666666664,2.0766046986921127,2.0766046986921127
34.45833333333333,2.0794599639700895,2.0794599639700895
34.5,2.0823134725296497,2.0823134725296497
34.541666666666664,2.0851651285678314,2.0851651285678314
34.58333333333333,2.0880149768668415,2.0880149768668415
34.625,2.0908630124695766,2.0908630124695766
34.666666666666664,2.093709009054588,2.093709009054588
34.70833333333333,2.096552895121909,2.096552895121909
34.75,2.0993946621095705,2.0993946621095705
34.791666666666664,2.102234173529218,2.102234173529218
34.83333333333333,2.105071088931587,2.105071088931587
34.875,2.1079054117221445,2.1079054117221445
34.916666666666664,2.110737019548549,2.110737019548549
34.95833333333333,2.1135655679518393,2.1135655679518393
35.0,2.116390910523092,2.116390910523092
35.041666666666664,2.1192127910914405,2.1192127910914405
35.08333333333333,2.122031919244814,2.122031919244814
35.125,2.124848372020599,2.124848372020599
35.166666666666664,2.127662377897723,2.127662377897723
35.20833333333333,2.130474035060955,2.130474035060955
35.25,2.133283596907595,2.133283596907595
35.291666666666664,2.136091061704808,2.136091061704808
35.33333333333333,2.1388966441863695,2.1388966441863695
35.375,2.1417003263685195,2.1417003263685195
35.416666666666664,2.144502201954462,2.144502201954462
35.45833333333333,2.147302256953912,2.147302256953912
35.5,2.1501005078218287,2.1501005078218287
35.541666666666664,2.152896828382243,2.152896828382243
35.58333333333333,2.1556912615010266,2.1556912615010266
35.625,2.1584838031006237,2.1584838031006237
35.666666666666664,2.161274323121043,2.161274323121043
35.70833333333333,2.1640626060565924,2.1640626060565924
35.75,2.1668486896365704,2.1668486896365704
35.791666666666664,2.169632508397012,2.169632508397012
35.83333333333333,2.172413669945629,2.172413669945629
35.875,2.175192142314819,2.175192142314819
35.916666666666664,2.177967821030948,2.177967821030948
35.95833333333333,2.1807404882218226,2.1807404882218226
36.0,2.183509823503683,2.183509823503683
36.041666666666664,2.186275641778776,2.186275641778776
36.08333333333333,2.1890386642683723,2.1890386642683723
36.125,2.191798963165397,2.191798963165397
36.166666666666664,2.1945567542139672,2.1945567542139672
36.20833333333333,2.1973121675592364,2.1973121675592364
36.25,2.200065402684752,2.200065402684752
36.291666666666664,2.2028164950585474,2.2028164950585474
36.33333333333333,2.2055656652385425,2.2055656652385425
36.375,2.208312869209188,2.208312869209188
36.416666666666664,2.2110582163639783,2.2110582163639783
36.45833333333333,2.2138016888753222,2.2138016888753222
36.5,2.216543301839069,2.216543301839069
36.541666666666664,2.219282959368187,2.219282959368187
36.58333333333333,2.2220206438925585,2.2220206438925585
36.625,2.2247563713793657,2.2247563713793657
36.666666666666664,2.2274900913334728,2.2274900913334728
36.70833333333333,2.230221474086033,2.230221474086033
36.75,2.232950591329729,2.232950591329729
36.791666666666664,2.235677373513097,2.235677373513097
36.83333333333333,2.238401566288195,2.238401566288195
36.875,2.241122938425116,2.241122938425116
36.916666666666664,2.243841452670371,2.243841452670371
36.95833333333333,2.2465569784379937,2.2465569784379937
37.0,2.2492690902515333,2.2492690902515333
37.041666666666664,2.251977632801394,2.251977632801394
37.08333333333333,2.2546833458357423,2.2546833458357423
37.125,2.257386297477469,2.257386297477469
37.166666666666664,2.2600866915237,2.2600866915237
37.20833333333333,2.262784687867696,2.262784687867696
37.25,2.2654804368290318,2.2654804368290318
37.291666666666664,2.2681740203153193,2.2681740203153193
37.33333333333333,2.27086562573293,2.27086562573293
37.375,2.2735552265461547,2.2735552265461547
37.416666666666664,2.276242928117707,2.276242928117707
37.45833333333333,2.278928711615763,2.278928711615763
37.5,2.281612590859601,2.281612590859601
37.541666666666664,2.2842945004379773,2.2842945004379773
37.58333333333333,2.2869743648298284,2.2869743648298284
37.625,2.289652218782983,2.289652218782983
37.666666666666664,2.2923280474313414,2.2923280474313414
37.70833333333333,2.295001520517847,2.295001520517847
37.75,2.2976726454362875,2.2976726454362875
37.791666666666664,2.3003413781427677,2.3003413781427677
37.83333333333333,2.3030075722770404,2.3030075722770404
37.875,2.305670848168679,2.305670848168679
37.916666666666664,2.308331214915946,2.308331214915946
37.95833333333333,2.3109885383468756,2.3109885383468756
38.0,2.313642521450353,2.313642521450353
38.041666666666664,2.3162928271411167,2.3162928271411167
38.08333333333333,2.3189402783187987,2.3189402783187987
38.125,2.3215849397539188,2.3215849397539188
38.166666666666664,2.3242270041388813,2.3242270041388813
38.20833333333333,2.326866658918394,2.326866658918394
38.25,2.3295040097876565,2.3295040097876565
38.291666666666664,2.3321391897404453,2.3321391897404453
38.33333333333333,2.3347723283920696,2.3347723283920696
38.375,2.3374034453958803,2.3374034453958803
38.416666666666664,2.3400326275246544,2.3400326275246544
38.45833333333333,2.342659858332926,2.342659858332926
38.5,2.345285149969994,2.345285149969994
38.541666666666664,2.3479084667305514,2.3479084667305514
38.58333333333333,2.3505296788502257,2.3505296788502257
38.625,2.353148838148804,2.353148838148804
38.666666666666664,2.3557659269046254,2.3557659269046254
38.70833333333333,2.358380713535539,2.358380713535539
38.75,2.3609930550835383,2.3609930550835383
38.791666666666664,2.363602959095423,2.363602959095423
38.83333333333333,2.3662103487680084,2.3662103487680084
38.875,2.368814778349117,2.368814778349117
38.916666666666664,2.371416245377191,2.371416245377191
38.95833333333333,2.3740146262202635,2.3740146262202635
39.0,2.376609720546649,2.376609720546649
39.041666666666664,2.3792010586076224,2.3792010586076224
39.08333333333333,2.3817895250644865,2.3817895250644865
39.125,2.3843751819959285,2.3843751819959285
39.166666666666664,2.386958211860833,2.386958211860833
39.20833333333333,2.3895388275108753,2.3895388275108753
39.25,2.3921170943002354,2.3921170943002354
39.291666666666664,2.394693190435626,2.394693190435626
39.33333333333333,2.3972671953228892,2.3972671953228892
39.375,2.399839178366098,2.399839178366098
39.416666666666664,2.4024091818295923,2.4024091818295923
39.45833333333333,2.4049772179126343,2.4049772179126343
39.5,2.4075432888455,2.4075432888455
39.541666666666664,2.410107387220439,2.410107387220439
39.58333333333333,2.412669333449793,2.412669333449793
39.625,2.4152291944816247,2.4152291944816247
39.666666666666664,2.417786949936291,2.417786949936291
39.70833333333333,2.420342452096674,2.420342452096674
39.75,2.4228954337313877,2.4228954337313877
39.791666666666664,2.4254459431801796,2.4254459431801796
39.83333333333333,2.427993900425538,2.427993900425538
39.875,2.4305389845558127,2.4305389845558127
39.916666666666664,2.4330810104191363,2.4330810104191363
39.95833333333333,2.4356199179703846,2.4356199179703846
40.0,2.438155566766593,2.438155566766593
40.041666666666664,2.4406874155250797,2.4406874155250797
40.08333333333333,2.4432163868529493,2.4432163868529493
40.125,2.445742534482205,2.445742534482205
40.166666666666664,2.4482660336048845,2.4482660336048845
40.20833333333333,2.4507871204190703,2.4507871204190703
40.25,2.45330582393721,2.45330582393721
40.291666666666664,2.4558223622112365,2.4558223622112365
40.33333333333333,2.4583367712383986,2.4583367712383986
40.375,2.4608491624521562,2.4608491624521562
40.416666666666664,2.463359542881349,2.463359542881349
40.45833333333333,2.4658679447997365,2.4658679447997365
40.5,2.4683743636961215,2.4683743636961215
40.541666666666664,2.4708788100079455,2.4708788100079455
40.58333333333333,2.473381085032108,2.473381085032108
40.625,2.475881242872084,2.475881242872084
40.666666666666664,2.478379269322267,2.478379269322267
40.70833333333333,2.48087508761312,2.48087508761312
40.75,2.4833683286820007,2.4833683286820007
40.791666666666664,2.485859072509271,2.485859072509271
40.83333333333333,2.4883472361075296,2.4883472361075296
40.875,2.490832600008313,2.490832600008313
40.916666666666664,2.493314835677982,2.493314835677982
40.95833333333333,2.4957939305186705,2.4957939305186705
41.0,2.4982697413452537,2.4982697413452537
41.041666666666664,2.500741774410201,2.500741774410201
41.08333333333333,2.503210933085222,2.503210933085222
41.125,2.505677259332245,2.505677259332245
41.166666666666664,2.508140900542679,2.508140900542679
41.20833333333333,2.5106020500305215,2.5106020500305215
41.25,2.513060877504411,2.513060877504411
41.291666666666664,2.5155174450845523,2.5155174450845523
41.33333333333333,2.5179719337592084,2.5179719337592084
41.375,2.52042443857966,2.52042443857966
41.416666666666664,2.5228749927659795,2.5228749927659795
41.45833333333333,2.5253236832242996,2.5253236832242996
41.5,2.5277702584389106,2.5277702584389106
41.541666666666664,2.530214861010192,2.530214861010192
41.58333333333333,2.5326575334632118,2.5326575334632118
41.625,2.53509814253734,2.53509814253734
41.666666666666664,2.537536417200745,2.537536417200745
41.70833333333333,2.5399724801636907,2.5399724801636907
41.75,2.5424062930789213,2.5424062930789213
41.791666666666664,2.544837471901775,2.544837471901775
41.83333333333333,2.547265923920329,2.547265923920329
41.875,2.5496916036045483,2.5496916036045483
41.916666666666664,2.5521143637935655,2.5521143637935655
41.95833333333333,2.5545337802995696,2.5545337802995696
42.0,2.556949824935114,2.556949824935114
42.041666666666664,2.559362111330636,2.559362111330636
42.08333333333333,2.561771511809905,2.561771511809905
42.125,2.564178057517348,2.564178057517348
42.166666666666664,2.5665818973701584,2.5665818973701584
42.20833333333333,2.5689832357944025,2.5689832357944025
42.25,2.5713822202198764,2.5713822202198764
42.291666666666664,2.573778937549607,2.573778937549607
42.33333333333333,2.576173544408928,2.576173544408928
42.375,2.5785661527137895,2.5785661527137895
42.416666666666664,2.5809567981264925,2.5809567981264925
42.45833333333333,2.5833455646298504,2.5833455646298504
42.5,2.5857322363464768,2.5857322363464768
42.541666666666664,2.5881168855698884,2.5881168855698884
42.58333333333333,2.590499575431292,2.590499575431292
42.625,2.5928802663176915,2.5928802663176915
42.666666666666664,2.5952585575744664,2.5952585575744664
42.70833333333333,2.5976346129852987,2.5976346129852987
42.75,2.600008391315297,2.600008391315297
42.791666666666664,2.6023796396133325,2.6023796396133325
42.83333333333333,2.6047480787533015,2.6047480787533015
42.875,2.6071137271327136,2.6071137271327136
42.916666666666664,2.6094764685158696,2.6094764685158696
42.95833333333333,2.6118359136478437,2.6118359136478437
43.0,2.614191936420393,2.614191936420393
43.041666666666664,2.6165442078016605,2.6165442078016605
43.08333333333333,2.6188936023911418,2.6188936023911418
43.125,2.6212401419679456,2.6212401419679456
43.166666666666664,2.6235839768470237,2.6235839768470237
43.20833333333333,2.625925320712084,2.625925320712084
43.25,2.6282643004329405,2.6282643004329405
43.291666666666664,2.63060102495899,2.63060102495899
43.33333333333333,2.6329356278631737,2.6329356278631737
43.375,2.635268234031097,2.635268234031097
43.416666666666664,2.637598885150016,2.637598885150016
43.45833333333333,2.6399276459634025,2.6399276459634025
43.5,2.642254368614936,2.642254368614936
43.541666666666664,2.6445790289905733,2.6445790289905733
43.58333333333333,2.6469017172557585,2.6469017172557585
43.625,2.649222469786885,2.649222469786885
43.666666666666664,2.6515407887920235,2.6515407887920235
43.70833333333333,2.653856859905735,2.653856859905735
43.75,2.656170641597248,2.656170641597248
43.791666666666664,2.6584819896808907,2.6584819896808907
43.83333333333333,2.6607904755895273,2.6607904755895273
43.875,2.663096165647812,2.663096165647812
43.916666666666664,2.6653989406647027,2.6653989406647027
43.95833333333333,2.667698521966324,2.667698521966324
44.0,2.6699946269460524,2.6699946269460524
44.041666666666664,2.6722869951905355,2.6722869951905355
44.08333333333333,2.6745765040090594,2.6745765040090594
44.125,2.67686316699812,2.67686316699812
44.166666666666664,2.6791471359705152,2.6791471359705152
44.20833333333333,2.681428632553461,2.681428632553461
44.25,2.6837077652428296,2.6837077652428296
44.291666666666664,2.6859846622231793,2.6859846622231793
44.33333333333333,2.688259437078625,2.688259437078625
44.375,2.690532224790256,2.690532224790256
44.416666666666664,2.692803072924684,2.692803072924684
44.45833333333333,2.6950720289245904,2.6950720289245904
44.5,2.697339004664798,2.697339004664798
44.541666666666664,2.699603892956992,2.699603892956992
44.58333333333333,2.701866805184421,2.701866805184421
44.625,2.704127774424492,2.704127774424492
44.666666666666664,2.7063864258461385,2.7063864258461385
44.70833333333333,2.7086427592423292,2.7086427592423292
44.75,2.7108967992509627,2.7108967992509627
44.791666666666664,2.713148490949225,2.713148490949225
44.83333333333333,2.7153972884507285,2.7153972884507285
44.875,2.7176432927871903,2.7176432927871903
44.916666666666664,2.7198863818929455,2.7198863818929455
44.95833333333333,2.7221263658979145,2.7221263658979145
45.0,2.724362841887121,2.724362841887121
45.041666666666664,2.726595599627723,2.726595599627723
45.08333333333333,2.728825519694673,2.728825519694673
45.125,2.7310526085696303,2.7310526085696303
45.166666666666664,2.733277019723251,2.733277019723251
45.20833333333333,2.7354989816651014,2.7354989816651014
45.25,2.737718586650924,2.737718586650924
45.291666666666664,2.739935979635825,2.739935979635825
45.33333333333333,2.742151257090584,2.742151257090584
45.375,2.744364561784385,2.744364561784385
45.416666666666664,2.7465759470382634,2.7465759470382634
45.45833333333333,2.7487854449725972,2.7487854449725972
45.5,2.7509930196379715,2.7509930196379715
45.541666666666664,2.753198492999596,2.753198492999596
45.58333333333333,2.7554019926193907,2.7554019926193907
45.625,2.7576035484322823,2.7576035484322823
45.666666666666664,2.759802892681275,2.759802892681275
45.70833333333333,2.761999866111212,2.761999866111212
45.75,2.764194548451583,2.764194548451583
45.791666666666664,2.7663868890393974,2.7663868890393974
45.83333333333333,2.768576456850132,2.768576456850132
45.875,2.770763171708157,2.770763171708157
45.916666666666664,2.7729469772022033,2.7729469772022033
45.95833333333333,2.7751277485596515,2.7751277485596515
46.0,2.7773050088082654,2.7773050088082654
46.041666666666664,2.7794785669073447,2.7794785669073447
46.08333333333333,2.781649312257671,2.781649312257671
46.125,2.783817245226707,2.783817245226707
46.166666666666664,2.785982523131509,2.785982523131509
46.20833333333333,2.7881453743708735,2.7881453743708735
46.25,2.790305882985575,2.790305882985575
46.291666666666664,2.7924642065153518,2.7924642065153518
46.33333333333333,2.794620426847884,2.794620426847884
46.375,2.7967746926705472,2.7967746926705472
46.416666666666664,2.798927062864786,2.798927062864786
46.45833333333333,2.801077556104047,2.801077556104047
46.5,2.803226181806122,2.803226181806122
46.541666666666664,2.805372702044855,2.805372702044855
46.58333333333333,2.807517256180381,2.807517256180381
46.625,2.809659871192501,2.809659871192501
46.666666666666664,2.8118003724404064,2.8118003724404064
46.70833333333333,2.813938464963397,2.813938464963397
46.75,2.8160742740897162,2.8160742740897162
46.791666666666664,2.818207746332737,2.818207746332737
46.83333333333333,2.8203385671376417,2.8203385671376417
46.875,2.822466487275767,2.822466487275767
46.916666666666664,2.8245915091782168,2.8245915091782168
46.95833333333333,2.826713505545731,2.826713505545731
47.0,2.828832107155795,2.828832107155795
47.041666666666664,2.8309469733034263,2.8309469733034263
47.08333333333333,2.8330590543330842,2.8330590543330842
47.125,2.8351683454415224,2.8351683454415224
47.166666666666664,2.837275012363853,2.837275012363853
47.20833333333333,2.8393792693042426,2.8393792693042426
47.25,2.8414812071029467,2.8414812071029467
47.291666666666664,2.8435809895638213,2.8435809895638213
47.33333333333333,2.845678686175247,2.845678686175247
47.375,2.847774450019181,2.847774450019181
47.416666666666664,2.849868345275872,2.849868345275872
47.45833333333333,2.8519603788963828,2.8519603788963828
47.5,2.854050599569859,2.854050599569859
47.541666666666664,2.8561387191938303,2.8561387191938303
47.58333333333333,2.858224885126912,2.858224885126912
47.625,2.860309121578495,2.860309121578495
47.666666666666664,2.862391334830405,2.862391334830405
47.70833333333333,2.8644711144144814,2.8644711144144814
47.75,2.8665486231508495,2.8665486231508495
47.791666666666664,2.8686238049122004,2.8686238049122004
47.83333333333333,2.8706964442075233,2.8706964442075233
47.875,2.872766151714138,2.872766151714138
47.916666666666664,2.8748329768433636,2.8748329768433636
47.95833333333333,2.876896789941132,2.876896789941132
48.0,2.878957311237789,2.878957311237789
48.041666666666664,2.881014079574234,2.881014079574234
48.08333333333333,2.8830680928430814,2.8830680928430814
48.125,2.8851193419558223,2.8851193419558223
48.166666666666664,2.887168000667219,2.887168000667219
48.20833333333333,2.8892142698409855,2.8892142698409855
48.25,2.891258247085691,2.891258247085691
48.291666666666664,2.8933001013299826,2.8933001013299826
48.33333333333333,2.8953398915367354,2.8953398915367354
48.375,2.8973777739397693,2.8973777739397693
48.416666666666664,2.8994138177093864,2.8994138177093864
48.45833333333333,2.9014480196366637,2.9014480196366637
48.5,2.9034804622505237,2.9034804622505237
48.541666666666664,2.905510815836959,2.905510815836959
48.58333333333333,2.9075392324722618,2.9075392324722618
48.625,2.9095657337688716,2.9095657337688716
48.666666666666664,2.9115902963063514,2.9115902963063514
48.70833333333333,2.913612411530369,2.913612411530369
48.75,2.915632272847927,2.915632272847927
48.791666666666664,2.9176498216615268,2.9176498216615268
48.83333333333333,2.919664926592958,2.919664926592958
48.875,2.92167708282965,2.92167708282965
48.916666666666664,2.923686376806843,2.923686376806843
48.95833333333333,2.925692676674374,2.925692676674374
49.0,2.927695776665447,2.927695776665447
49.041666666666664,2.929695119769896,2.929695119769896
49.08333333333333,2.931691740021828,2.931691740021828
49.125,2.9336856248726617,2.9336856248726617
49.166666666666664,2.935676955720791,2.935676955720791
49.20833333333333,2.9376659208947795,2.9376659208947795
49.25,2.9396526246904444,2.9396526246904444
49.291666666666664,2.9416372401831943,2.9416372401831943
49.33333333333333,2.943619817415519,2.943619817415519
49.375,2.9456005147613595,2.9456005147613595
49.416666666666664,2.947579406045284,2.947579406045284
49.45833333333333,2.9495564793015365,2.9495564793015365
49.5,2.951531824003203,2.951531824003203
49.541666666666664,2.953505142567746,2.953505142567746
49.58333333333333,2.9554765227477615,2.9554765227477615
49.625,2.957446005794558,2.957446005794558
49.666666666666664,2.959413610884608,2.959413610884608
49.70833333333333,2.9613788017416542,2.9613788017416542
49.75,2.963341741126271,2.963341741126271
49.791666666666664,2.965302386583435,2.965302386583435
49.83333333333333,2.9672606772029178,2.9672606772029178
49.875,2.9692160160069467,2.9692160160069467
49.916666666666664,2.971168515656571,2.971168515656571
49.95833333333333,2.97311804307316,2.97311804307316
50.0,2.975064453469836,2.975064453469836
50.041666666666664,2.9770071146544668,2.9770071146544668
50.08333333333333,2.978947087115174,2.978947087115174
50.125,2.9808843556070763,2.9808843556070763
50.166666666666664,2.9828191088176497,2.9828191088176497
50.20833333333333,2.984751523296663,2.984751523296663
50.25,2.9866817099077436,2.9866817099077436
50.291666666666664,2.9886098450350396,2.9886098450350396
50.33333333333333,2.9905359711748867,2.9905359711748867
50.375,2.9924602480205356,2.9924602480205356
50.416666666666664,2.994382753703938,2.994382753703938
50.45833333333333,2.9963034687547863,2.9963034687547863
50.5,2.998222481602313,2.998222481602313
50.541666666666664,3.0001395445433188,3.0001395445433188
50.58333333333333,3.002054667430872,3.002054667430872
50.625,3.0039679150282548,3.0039679150282548
50.666666666666664,3.0058793042250964,3.0058793042250964
50.70833333333333,3.0077883944547628,3.0077883944547628
50.75,3.0096952023202967,3.0096952023202967
50.791666666666664,3.0115997384997266,3.0115997384997266
50.83333333333333,3.013501939915375,3.013501939915375
50.875,3.0154013200248713,3.0154013200248713
50.916666666666664,3.0172978258135967,3.0172978258135967
50.95833333333333,3.019191384757488,3.019191384757488
51.0,3.021081861039012,3.021081861039012
51.041666666666664,3.0229686505941036,3.0229686505941036
51.08333333333333,3.024852787020608,3.024852787020608
51.125,3.026734253070436,3.026734253070436
51.166666666666664,3.028613244391912,3.028613244391912
51.20833333333333,3.0304899264752083,3.0304899264752083
51.25,3.03236441660872,3.03236441660872
51.291666666666664,3.0342368937799566,3.0342368937799566
51.33333333333333,3.0361073941189867,3.0361073941189867
51.375,3.0379760779908405,3.0379760779908405
51.416666666666664,3.039843022260333,3.039843022260333
51.45833333333333,3.041708216774704,3.041708216774704
51.5,3.043571733000443,3.043571733000443
51.541666666666664,3.0454333734823367,3.0454333734823367
51.58333333333333,3.0472930787462045,3.0472930787462045
51.625,3.0491509336808673,3.0491509336808673
51.666666666666664,3.0510069530358335,3.0510069530358335
51.70833333333333,3.052860781651601,3.052860781651601
51.75,3.0547123071529456,3.0547123071529456
51.791666666666664,3.056561586366426,3.056561586366426
51.83333333333333,3.0584085541879396,3.0584085541879396
51.875,3.0602528208002364,3.0602528208002364
51.916666666666664,3.062094190360746,3.062094190360746
51.95833333333333,3.0639326414868964,3.0639326414868964
52.0,3.065768036572401,3.065768036572401
52.041666666666664,3.067599817447589,3.067599817447589
52.08333333333333,3.069428982158104,3.069428982158104
52.125,3.0712555120924154,3.0712555120924154
52.166666666666664,3.073079609548277,3.073079609548277
52.20833333333333,3.07490142962211,3.07490142962211
52.25,3.076721095860176,3.076721095860176
52.291666666666664,3.0785387892467715,3.0785387892467715
52.33333333333333,3.0803545405525576,3.0803545405525576
52.375,3.0821685102882075,3.0821685102882075
52.416666666666664,3.0839807738688947,3.0839807738688947
52.45833333333333,3.085791330984893,3.085791330984893
52.5,3.087600236417468,3.087600236417468
52.541666666666664,3.089407338427299,3.089407338427299
52.58333333333333,3.09121251586006,3.09121251586006
52.625,3.0930158707414357,3.0930158707414357
52.666666666666664,3.0948174158119683,3.0948174158119683
52.70833333333333,3.0966168722341627,3.0966168722341627
52.75,3.098414013692551,3.098414013692551
52.791666666666664,3.1002089370927193,3.1002089370927193
52.83333333333333,3.102001575430491,3.102001575430491
52.875,3.1037916236836787,3.1037916236836787
52.916666666666664,3.1055787628975575,3.1055787628975575
52.95833333333333,3.1073630147748954,3.1073630147748954
53.0,3.1091442400353326,3.1091442400353326
53.041666666666664,3.1109219220790156,3.1109219220790156
53.08333333333333,3.1126970261573037,3.1126970261573037
53.125,3.114469532882018,3.114469532882018
53.166666666666664,3.1162396509051313,3.1162396509051313
53.20833333333333,3.118007525546989,3.118007525546989
53.25,3.1197732864279435,3.1197732864279435
53.291666666666664,3.121537116008459,3.121537116008459
53.33333333333333,3.1232990405603407,3.1232990405603407
53.375,3.1250592203143164,3.1250592203143164
53.416666666666664,3.1268177294572954,3.1268177294572954
53.45833333333333,3.12857457675074,3.12857457675074
53.5,3.1303298017765577,3.1303298017765577
53.541666666666664,3.13208329402712,3.13208329402712
53.58333333333333,3.1338348774862537,3.1338348774862537
53.625,3.135584668683325,3.135584668683325
53.666666666666664,3.1373326784681344,3.1373326784681344
53.70833333333333,3.139078696305584,3.139078696305584
53.75,3.1408223951153555,3.1408223951153555
53.791666666666664,3.1425639066054507,3.1425639066054507
53.83333333333333,3.1443031619856887,3.1443031619856887
53.875,3.1460399306387345,3.1460399306387345
53.916666666666664,3.1477737875210603,3.1477737875210603
53.95833333333333,3.1495047905255835,3.1495047905255835
54.0,3.151232798801268,3.151232798801268
54.041666666666664,3.1529573335891197,3.1529573335891197
54.08333333333333,3.154679329603312,3.154679329603312
54.125,3.1563987673801486,3.1563987673801486
54.166666666666664,3.158115861479608,3.158115861479608
54.20833333333333,3.1598307480774284,3.1598307480774284
54.25,3.1615435626740367,3.1615435626740367
54.291666666666664,3.1632544887623855,3.1632544887623855
54.33333333333333,3.1649635505461613,3.1649635505461613
54.375,3.1666709025548982,3.1666709025548982
54.416666666666664,3.168376623013271,3.168376623013271
54.45833333333333,3.1700807273450193,3.1700807273450193
54.5,3.1717832412862355,3.1717832412862355
54.541666666666664,3.1734840915282065,3.1734840915282065
54.58333333333333,3.1751830532720975,3.1751830532720975
54.625,3.1768802552361093,3.1768802552361093
54.666666666666664,3.178575706488151,3.178575706488151
54.70833333333333,3.1802692577082516,3.1802692577082516
54.75,3.18196049260767,3.18196049260767
54.791666666666664,3.183649573108651,3.183649573108651
54.83333333333333,3.185336428739881,3.185336428739881
54.875,3.187020894230572,3.187020894230572
54.916666666666664,3.1887024531578336,3.1887024531578336
54.95833333333333,3.190381193703961,3.190381193703961
55.0,3.1920569735420052,3.1920569735420052
55.041666666666664,3.193729348526737,3.193729348526737
55.08333333333333,3.195399224760256,3.195399224760256
55.125,3.1970665832675618,3.1970665832675618
55.166666666666664,3.19873164417233,3.19873164417233
55.20833333333333,3.2003945350699188,3.2003945350699188
55.25,3.2020553971410957,3.2020553971410957
55.291666666666664,3.2037144145348146,3.2037144145348146
55.33333333333333,3.205371610883557,3.205371610883557
55.375,3.2070271321511954,3.2070271321511954
55.416666666666664,3.2086810633510887,3.2086810633510887
55.45833333333333,3.210333425044047,3.210333425044047
55.5,3.2119842303517423,3.2119842303517423
55.541666666666664,3.2136334395393438,3.2136334395393438
55.58333333333333,3.2152807844441083,3.2152807844441083
55.625,3.216926403941476,3.216926403941476
55.666666666666664,3.2185703054184525,3.2185703054184525
55.70833333333333,3.2202123945001406,3.2202123945001406
55.75,3.2218521758354792,3.2218521758354792
55.791666666666664,3.223489837569828,3.223489837569828
55.83333333333333,3.2251253076478,3.2251253076478
55.875,3.226758478240358,3.226758478240358
55.916666666666664,3.228388754263358,3.228388754263358
55.95833333333333,3.2300162491389317,3.2300162491389317
56.0,3.231640819151602,3.231640819151602
56.041666666666664,3.2332620519675324,3.2332620519675324
56.08333333333333,3.2348808267815654,3.2348808267815654
56.125,3.2364971253991124,3.2364971253991124
56.166666666666664,3.2381111734028725,3.2381111734028725
56.20833333333333,3.239723090261101,3.239723090261101
56.25,3.241333022632849,3.241333022632849
56.291666666666664,3.242941155004677,3.242941155004677
56.33333333333333,3.244547510621561,3.244547510621561
56.375,3.2461522277452866,3.2461522277452866
56.416666666666664,3.2477553972351454,3.2477553972351454
56.45833333333333,3.2493570445395004,3.2493570445395004
56.5,3.250957171284334,3.250957171284334
56.541666666666664,3.252555768051394,3.252555768051394
56.58333333333333,3.254152528142592,3.254152528142592
56.625,3.255747598810179,3.255747598810179
56.666666666666664,3.257340985854175,3.257340985854175
56.70833333333333,3.258932644291888,3.258932644291888
56.75,3.2605220086259252,3.2605220086259252
56.791666666666664,3.2621092897512827,3.2621092897512827
56.83333333333333,3.263694414118537,3.263694414118537
56.875,3.2652773081782622,3.2652773081782622
56.916666666666664,3.2668573579600393,3.2668573579600393
56.95833333333333,3.2684346490328027,3.2684346490328027
57.0,3.270009052630669,3.270009052630669
57.041666666666664,3.271580185789344,3.271580185789344
57.08333333333333,3.2731489022542677,3.2731489022542677
57.125,3.274715184871507,3.274715184871507
57.166666666666664,3.2762792645789007,3.2762792645789007
57.20833333333333,3.2778412531416365,3.2778412531416365
57.25,3.2794013024951125,3.2794013024951125
57.291666666666664,3.280959597195079,3.280959597195079
57.33333333333333,3.2825161602553714,3.2825161602553714
57.375,3.28407112299801,3.28407112299801
57.416666666666664,3.285624581314725,3.285624581314725
57.45833333333333,3.287176565291452,3.287176565291452
57.5,3.2887270660738794,3.2887270660738794
57.541666666666664,3.2902761016334923,3.2902761016334923
57.58333333333333,3.2918233310392293,3.2918233310392293
57.625,3.293368908361767,3.293368908361767
57.666666666666664,3.2949128379015793,3.2949128379015793
57.70833333333333,3.296455119144204,3.296455119144204
57.75,3.297995124289545,3.297995124289545
57.791666666666664,3.299533083957185,3.299533083957185
57.83333333333333,3.301068923187281,3.301068923187281
57.875,3.3026025670199894,3.3026025670199894
57.916666666666664,3.3041334810802607,3.3041334810802607
57.95833333333333,3.3056616304304085,3.3056616304304085
58.0,3.307186930980808,3.307186930980808
58.041666666666664,3.3087090270009707,3.3087090270009707
58.08333333333333,3.3102287480415464,3.3102287480415464
58.125,3.3117460782204247,3.3117460782204247
58.166666666666664,3.313261253727273,3.313261253727273
58.20833333333333,3.3147743790210136,3.3147743790210136
58.25,3.316285611113437,3.316285611113437
58.291666666666664,3.3177951344039918,3.3177951344039918
58.33333333333333,3.3193029718081233,3.3193029718081233
58.375,3.320809248382345,3.320809248382345
58.416666666666664,3.3223140643480185,3.3223140643480185
58.45833333333333,3.3238174541821364,3.3238174541821364
58.5,3.325319399471071,3.325319399471071
58.541666666666664,3.32681994294575,3.32681994294575
58.58333333333333,3.3283187132758036,3.3283187132758036
58.625,3.329815869987949,3.329815869987949
58.666666666666664,3.331311415964576,3.331311415964576
58.70833333333333,3.332805354088077,3.332805354088077
58.75,3.3342971112615394,3.3342971112615394
58.791666666666664,3.335786825095026,3.335786825095026
58.83333333333333,3.337274455995212,3.337274455995212
58.875,3.338759927669558,3.338759927669558
58.916666666666664,3.340242777499045,3.340242777499045
58.95833333333333,3.341722862967644,3.341722862967644
59.0,3.3432001393670534,3.3432001393670534
59.041666666666664,3.3446742763250255,3.3446742763250255
59.08333333333333,3.34614608028502,3.34614608028502
59.125,3.347615536841067,3.347615536841067
59.166666666666664,3.349082887331817,3.349082887331817
59.20833333333333,3.350548229281313,3.350548229281313
59.25,3.352011724581239,3.352011724581239
59.291666666666664,3.353473557286065,3.353473557286065
59.33333333333333,3.3549337503251984,3.3549337503251984
59.375,3.356392423087148,3.356392423087148
59.416666666666664,3.3578496795150117,3.3578496795150117
59.45833333333333,3.3593055582366214,3.3593055582366214
59.5,3.3607600321139524,3.3607600321139524
59.541666666666664,3.362213166273034,3.362213166273034
59.58333333333333,3.363664562400529,3.363664562400529
59.625,3.3651143842896474,3.3651143842896474
59.666666666666664,3.366562633480621,3.366562633480621
59.70833333333333,3.3680093115136818,3.3680093115136818
59.75,3.36945390864136,3.36945390864136
59.791666666666664,3.370896464609993,3.370896464609993
59.83333333333333,3.372336976116629,3.372336976116629
59.875,3.373775365608333,3.373775365608333
59.916666666666664,3.3752112352593637,3.3752112352593637
59.95833333333333,3.376644346386174,3.376644346386174
60.0,3.37807468901988,3.37807468901988
60.041666666666664,3.379501956492449,3.379501956492449
60.08333333333333,3.3809269330905725,3.3809269330905725
60.125,3.38234960606401,3.38234960606401
60.166666666666664,3.3837702217979317,3.3837702217979317
60.20833333333333,3.3851888712292477,3.3851888712292477
60.25,3.386605720937556,3.386605720937556
60.291666666666664,3.3880209544752327,3.3880209544752327
60.33333333333333,3.389434594880397,3.389434594880397
60.375,3.3908467564040548,3.3908467564040548
60.416666666666664,3.392257546184632,3.392257546184632
60.45833333333333,3.3936670067688057,3.3936670067688057
60.5,3.3950751030509077,3.3950751030509077
60.541666666666664,3.3964819140642586,3.3964819140642586
60.58333333333333,3.397887036642708,3.397887036642708
60.625,3.399290618723608,3.399290618723608
60.666666666666664,3.400692666937524,3.400692666937524
60.70833333333333,3.402093181553337,3.402093181553337
60.75,3.4034917109543765,3.4034917109543765
60.791666666666664,3.4048882056128416,3.4048882056128416
60.83333333333333,3.406282695051199,3.406282695051199
60.875,3.407675100523415,3.407675100523415
60.916666666666664,3.409065082803258,3.409065082803258
60.95833333333333,3.410452317125598,3.410452317125598
61.0,3.4118368241865085,3.4118368241865085
61.041666666666664,3.413218319557106,3.413218319557106
61.08333333333333,3.4145975662050856,3.4145975662050856
61.125,3.4159745531928656,3.4159745531928656
61.166666666666664,3.417349531849879,3.417349531849879
61.20833333333333,3.418722586851902,3.418722586851902
61.25,3.420093889279606,3.420093889279606
61.291666666666664,3.421463622053234,3.421463622053234
61.33333333333333,3.4228318083991733,3.4228318083991733
61.375,3.424198557902984,3.424198557902984
61.416666666666664,3.425563980441984,3.425563980441984
61.45833333333333,3.426928122259141,3.426928122259141
61.5,3.428290940967178,3.428290940967178
61.541666666666664,3.4296525161922333,3.4296525161922333
61.58333333333333,3.431012476834502,3.431012476834502
61.625,3.4323709198683527,3.4323709198683527
61.666666666666664,3.433727868482078,3.433727868482078
61.70833333333333,3.435083321739314,3.435083321739314
61.75,3.436436881449223,3.436436881449223
61.791666666666664,3.4377884165162556,3.4377884165162556
61.83333333333333,3.4391379861977183,3.4391379861977183
61.875,3.4404855106172056,3.4404855106172056
61.916666666666664,3.4418307036287024,3.4418307036287024
61.95833333333333,3.443173163314623,3.443173163314623
62.0,3.444512937454718,3.444512937454718
62.041666666666664,3.445849762555232,3.445849762555232
62.08333333333333,3.4471843810106524,3.4471843810106524
62.125,3.4485167838321313,3.4485167838321313
62.166666666666664,3.4498472271913947,3.4498472271913947
62.20833333333333,3.4511757898087563,3.4511757898087563
62.25,3.452502648344319,3.452502648344319
62.291666666666664,3.453827981201094,3.453827981201094
62.33333333333333,3.455151815638432,3.455151815638432
62.375,3.456474255737836,3.456474255737836
62.416666666666664,3.4577954137193676,3.4577954137193676
62.45833333333333,3.459115339309991,3.459115339309991
62.5,3.4604339834627718,3.4604339834627718
62.541666666666664,3.461751426252038,3.461751426252038
62.58333333333333,3.4630673263328635,3.4630673263328635
62.625,3.46438173366459,3.46438173366459
62.666666666666664,3.4656946864772467,3.4656946864772467
62.70833333333333,3.467006182690978,3.467006182690978
62.75,3.4683158732927954,3.4683158732927954
62.791666666666664,3.4696235525434522,3.4696235525434522
62.83333333333333,3.470929306674607,3.470929306674607
62.875,3.472233054737992,3.472233054737992
62.916666666666664,3.4735345587422257,3.4735345587422257
62.95833333333333,3.474833347533097,3.474833347533097
63.0,3.4761294928226003,3.4761294928226003
63.041666666666664,3.477422750886051,3.477422750886051
63.08333333333333,3.478713844215075,3.478713844215075
63.125,3.480002765886589,3.480002765886589
63.166666666666664,3.481289776812831,3.481289776812831
63.20833333333333,3.4825749500456427,3.4825749500456427
63.25,3.483858469540648,3.483858469540648
63.291666666666664,3.485140503423268,3.485140503423268
63.33333333333333,3.486421088714344,3.486421088714344
63.375,3.487700322476132,3.487700322476132
63.416666666666664,3.4889783189272268,3.4889783189272268
63.45833333333333,3.4902551310768817,3.4902551310768817
63.5,3.4915307037826473,3.4915307037826473
63.541666666666664,3.4928051174404957,3.4928051174404957
63.58333333333333,3.494078058345487,3.494078058345487
63.625,3.495349533036336,3.495349533036336
63.666666666666664,3.496619593417284,3.496619593417284
63.70833333333333,3.4978882363227424,3.4978882363227424
63.75,3.4991551580753,3.4991551580753
63.791666666666664,3.500420084524179,3.500420084524179
63.83333333333333,3.5016831264056054,3.5016831264056054
63.875,3.502944201754097,3.502944201754097
63.916666666666664,3.5042031163294514,3.5042031163294514
63.95833333333333,3.5054593367696127,3.5054593367696127
64.0,3.5067129559419175,3.5067129559419175
64.04166666666666,3.5079637488427444,3.5079637488427444
64.08333333333333,3.5092124186697253,3.5092124186697253
64.125,3.5104589606651233,3.5104589606651233
64.16666666666666,3.511703640380164,3.511703640380164
64.20833333333333,3.5129465254678496,3.5129465254678496
64.25,3.514187806764079,3.514187806764079
64.29166666666666,3.5154276427860975,3.5154276427860975
64.33333333333333,3.5166660796222757,3.5166660796222757
64.375,3.5179032078985566,3.5179032078985566
64.41666666666666,3.5191391435327213,3.5191391435327213
64.45833333333333,3.5203739426253415,3.5203739426253415
64.5,3.521607544450343,3.521607544450343
64.54166666666666,3.5228400296148377,3.5228400296148377
64.58333333333333,3.5240711101170086,3.5240711101170086
64.625,3.5253007523505784,3.5253007523505784
64.66666666666666,3.526529020659495,3.526529020659495
64.70833333333333,3.5277559108465026,3.5277559108465026
64.75,3.528981161089032,3.528981161089032
64.79166666666666,3.5302044344429486,3.5302044344429486
64.83333333333333,3.531425863936072,3.531425863936072
64.875,3.5326453666368014,3.5326453666368014
64.91666666666666,3.5338627881132894,3.5338627881132894
64.95833333333333,3.535077539045656,3.535077539045656
65.0,3.5362897310068426,3.5362897310068426
65.04166666666666,3.537499156767777,3.537499156767777
65.08333333333333,3.5387065007906746,3.5387065007906746
65.125,3.539911760566833,3.539911760566833
65.16666666666666,3.541115206185189,3.541115206185189
65.20833333333333,3.542316900153527,3.542316900153527
65.25,3.5435170398017157,3.5435170398017157
65.29166666666666,3.544715774654863,3.544715774654863
65.33333333333333,3.5459131592344675,3.5459131592344675
65.375,3.547109278255746,3.547109278255746
65.41666666666666,3.5483042490751155,3.5483042490751155
65.45833333333333,3.5494981307040936,3.5494981307040936
65.5,3.5506908572977713,3.5506908572977713
65.54166666666666,3.5518825095781197,3.5518825095781197
65.58333333333333,3.5530728234704925,3.5530728234704925
65.625,3.5542617282122775,3.5542617282122775
65.66666666666666,3.5554492994716935,3.5554492994716935
65.70833333333333,3.556635532070491,3.556635532070491
65.75,3.557820202882265,3.557820202882265
65.79166666666666,3.559002917242873,3.559002917242873
65.83333333333333,3.5601838284856657,3.5601838284856657
65.875,3.561362852760759,3.561362852760759
65.91666666666666,3.5625398719083403,3.5625398719083403
65.95833333333333,3.5637142462167017,3.5637142462167017
66.0,3.5648861038006276,3.5648861038006276
66.04166666666666,3.5660552543463706,3.5660552543463706
66.08333333333333,3.5672223640983476,3.5672223640983476
66.125,3.56838743325044,3.56838743325044
66.16666666666666,3.56955073517524,3.56955073517524
66.20833333333333,3.57071232862719,3.57071232862719
66.25,3.5718724166860465,3.5718724166860465
66.29166666666666,3.5730311404524167,3.5730311404524167
66.33333333333333,3.574188562300171,3.574188562300171
66.375,3.5753447615084935,3.5753447615084935
66.41666666666666,3.576499856645494,3.576499856645494
66.45833333333333,3.577653909463637,3.577653909463637
66.5,3.5788068494214613,3.5788068494214613
66.54166666666666,3.5799587572721108,3.5799587572721108
66.58333333333333,3.5811093912379093,3.5811093912379093
66.625,3.5822586461297155,3.5822586461297155
66.66666666666666,3.5834066079313325,3.5834066079313325
66.70833333333333,3.584553270531058,3.584553270531058
66.75,3.5856984466275863,3.5856984466275863
66.79166666666666,3.5868416884255065,3.5868416884255065
66.83333333333333,3.58798316777858,3.58798316777858
66.875,3.589122799963475,3.589122799963475
66.91666666666666,3.590260499915658,3.590260499915658
66.95833333333333,3.591395582495495,3.591395582495495
67.0,3.5925281904462967,3.5925281904462967
67.04166666666666,3.5936581495858135,3.5936581495858135
67.08333333333333,3.594786108424792,3.594786108424792
67.125,3.5959120709131676,3.5959120709131676
67.16666666666666,3.597036310614228,3.597036310614228
67.20833333333333,3.5981588857465145,3.5981588857465145
67.25,3.59928000380682,3.59928000380682
67.29166666666666,3.600399797995119,3.600399797995119
67.33333333333333,3.601518338005132,3.601518338005132
67.375,3.6026356981095455,3.6026356981095455
67.41666666666666,3.6037519978903756,3.6037519978903756
67.45833333333333,3.604867301681031,3.604867301681031
67.5,3.605981534627472,3.605981534627472
67.54166666666666,3.6070947774414934,3.6070947774414934
67.58333333333333,3.6082068091440123,3.6082068091440123
67.625,3.609317492615917,3.609317492615917
67.66666666666666,3.610426923243558,3.610426923243558
67.70833333333333,3.6115350940264483,3.6115350940264483
67.75,3.6126418508741454,3.6126418508741454
67.79166666666666,3.6137466970175844,3.6137466970175844
67.83333333333333,3.614849821223839,3.614849821223839
67.875,3.615951137938215,3.615951137938215
67.91666666666666,3.6170505616060167,3.6170505616060167
67.95833333333333,3.6181474582739073,3.6181474582739073
68.0,3.6192418914392612,3.6192418914392612
68.04166666666666,3.620333733059511,3.620333733059511
68.08333333333333,3.6214236143686747,3.6214236143686747
68.125,3.62251154306575,3.62251154306575
68.16666666666666,3.6235977929576135,3.6235977929576135
68.20833333333333,3.6246824217861824,3.6246824217861824
68.25,3.625765641203394,3.625765641203394
68.29166666666666,3.626847576992477,3.626847576992477
68.33333333333333,3.6279283056782146,3.6279283056782146
68.375,3.6290078969160104,3.6290078969160104
68.41666666666666,3.6300864711293515,3.6300864711293515
68.45833333333333,3.6311640950822293,3.6311640950822293
68.5,3.6322406899573587,3.6322406899573587
68.54166666666666,3.633316336362532,3.633316336362532
68.58333333333333,3.6343908327388204,3.6343908327388204
68.625,3.6354640123224597,3.6354640123224597
68.66666666666666,3.636535979075334,3.636535979075334
68.70833333333333,3.6376067251501643,3.6376067251501643
68.75,3.6386761272836985,3.6386761272836985
68.79166666666666,3.6397436435054615,3.6397436435054615
68.83333333333333,3.640809478047105,3.640809478047105
68.875,3.641873544562104,3.641873544562104
68.91666666666666,3.6429357567039347,3.6429357567039347
68.95833333333333,3.6439955288480212,3.6439955288480212
69.0,3.645052850567246,3.645052850567246
69.04166666666666,3.6461076370226357,3.6461076370226357
69.08333333333333,3.647160502606066,3.647160502606066
69.125,3.6482114587499095,3.6482114587499095
69.16666666666666,3.6492607795515495,3.6492607795515495
69.20833333333333,3.650308522330244,3.650308522330244
69.25,3.6513549026496164,3.6513549026496164
69.29166666666666,3.6524000393238176,3.6524000393238176
69.33333333333333,3.653444015259318,3.653444015259318
69.375,3.6544868958475543,3.6544868958475543
69.41666666666666,3.6555288022031185,3.6555288022031185
69.45833333333333,3.656569800369632,3.656569800369632
69.5,3.657609816913909,3.657609816913909
69.54166666666666,3.6586489232565804,3.6586489232565804
69.58333333333333,3.6596869389988425,3.6596869389988425
69.625,3.6607236698269143,3.6607236698269143
69.66666666666666,3.661759227528407,3.661759227528407
69.70833333333333,3.6627936034487822,3.6627936034487822
69.75,3.663826702974811,3.663826702974811
69.79166666666666,3.6648579423629686,3.6648579423629686
69.83333333333333,3.6658875400014743,3.6658875400014743
69.875,3.6669154087891664,3.6669154087891664
69.91666666666666,3.6679414616248804,3.6679414616248804
69.95833333333333,3.6689651576776154,3.6689651576776154
70.0,3.6699864183502777,3.6699864183502777
70.04166666666666,3.6710051990329347,3.6710051990329347
70.08333333333333,3.6720220976915825,3.6720220976915825
70.125,3.67303712946849,3.67303712946849
70.16666666666666,3.674050568792989,3.674050568792989
70.20833333333333,3.67506247261077,3.67506247261077
70.25,3.676073060170578,3.676073060170578
70.29166666666666,3.677082443732246,3.677082443732246
70.33333333333333,3.678090712170156,3.678090712170156
70.375,3.679097926933074,3.679097926933074
70.41666666666666,3.6801042096955605,3.6801042096955605
70.45833333333333,3.681109625720031,3.681109625720031
70.5,3.6821141070322225,3.6821141070322225
70.54166666666666,3.683117716034528,3.683117716034528
70.58333333333333,3.684120292245369,3.684120292245369
70.625,3.685121615723221,3.685121615723221
70.66666666666666,3.6861218054009957,3.6861218054009957
70.70833333333333,3.687120851854161,3.687120851854161
70.75,3.688118687127679,3.688118687127679
70.79166666666666,3.6891146888258586,3.6891146888258586
70.83333333333333,3.69010908831077,3.69010908831077
70.875,3.6911017977616454,3.6911017977616454
70.91666666666666,3.6920927293577157,3.6920927293577157
70.95833333333333,3.6930813838361303,3.6930813838361303
71.0,3.6940676196572806,3.6940676196572806
71.04166666666666,3.6950514297342663,3.6950514297342663
71.08333333333333,3.696033396008454,3.696033396008454
71.125,3.697013537301567,3.697013537301567
71.16666666666666,3.6979921284112587,3.6979921284112587
71.20833333333333,3.6989692259543094,3.6989692259543094
71.25,3.6999450526535678,3.6999450526535678
71.29166666666666,3.7009197145992356,3.7009197145992356
71.33333333333333,3.7018933062521695,3.7018933062521695
71.375,3.702865885411056,3.702865885411056
71.41666666666666,3.70383757419608,3.70383757419608
71.45833333333333,3.7048084371542758,3.7048084371542758
71.5,3.705778411464302,3.705778411464302
71.54166666666666,3.706747551041395,3.706747551041395
71.58333333333333,3.70771571404971,3.70771571404971
71.625,3.7086826566858373,3.7086826566858373
71.66666666666666,3.709648504410085,3.709648504410085
71.70833333333333,3.7106132470630895,3.7106132470630895
71.75,3.7115768415231707,3.7115768415231707
71.79166666666666,3.7125386295874314,3.7125386295874314
71.83333333333333,3.713498854520979,3.713498854520979
71.875,3.7144574278164697,3.7144574278164697
71.91666666666666,3.7154142609665644,3.7154142609665644
71.95833333333333,3.716368893329547,3.716368893329547
72.0,3.7173211251787106,3.7173211251787106
72.04166666666666,3.718270984483338,3.718270984483338
72.08333333333333,3.719219037548915,3.719219037548915
72.125,3.7201653068399874,3.7201653068399874
72.16666666666666,3.721110067554257,3.721110067554257
72.20833333333333,3.7220533760201815,3.7220533760201815
72.25,3.7229954582379823,3.7229954582379823
72.29166666666666,3.723936414485499,3.723936414485499
72.33333333333333,3.7248763444579454,3.7248763444579454
72.375,3.7258153025708043,3.7258153025708043
72.41666666666666,3.726753411290228,3.726753411290228
72.45833333333333,3.727690734507049,3.727690734507049
72.5,3.7286272142669135,3.7286272142669135
72.54166666666666,3.7295628964919283,3.7295628964919283
72.58333333333333,3.7304976568165835,3.7304976568165835
72.625,3.7314312291996887,3.7314312291996887
72.66666666666666,3.732363745067353,3.732363745067353
72.70833333333333,3.7332951935585936,3.7332951935585936
72.75,3.7342255547106813,3.7342255547106813
72.79166666666666,3.7351541371108854,3.7351541371108854
72.83333333333333,3.7360811949565025,3.7360811949565025
72.875,3.737006639084802,3.737006639084802
72.91666666666666,3.7379303803330557,3.7379303803330557
72.95833333333333,3.738851993983842,3.738851993983842
73.0,3.7397712264559835,3.7397712264559835
73.04166666666666,3.740688138521152,3.740688138521152
73.08333333333333,3.741603281227298,3.741603281227298
73.125,3.742516680639673,3.742516680639673
73.16666666666666,3.7434286123834726,3.7434286123834726
73.20833333333333,3.744339132535711,3.744339132535711
73.25,3.745248470190424,3.745248470190424
73.29166666666666,3.7461567201452413,3.7461567201452413
73.33333333333333,3.7470639870043136,3.7470639870043136
73.375,3.7479703220436744,3.7479703220436744
73.41666666666666,3.7488758479886437,3.7488758479886437
73.45833333333333,3.749780628127157,3.749780628127157
73.5,3.750684609104499,3.750684609104499
73.54166666666666,3.7515878293095586,3.7515878293095586
73.58333333333333,3.7524901807595334,3.7524901807595334
73.625,3.75339137667068,3.75339137667068
73.66666666666666,3.754291553924144,3.754291553924144
73.70833333333333,3.7551907009887207,3.7551907009887207
73.75,3.7560888063332034,3.7560888063332034
73.79166666666666,3.756985187276439,3.756985187276439
73.83333333333333,3.7578800684997407,3.7578800684997407
73.875,3.758773373403415,3.758773373403415
73.91666666666666,3.75966501219881,3.75966501219881
73.95833333333333,3.7605545936214915,3.7605545936214915
74.0,3.7614418141886357,3.7614418141886357
74.04166666666666,3.7623267654110126,3.7623267654110126
74.08333333333333,3.7632099834484944,3.7632099834484944
74.125,3.764091497920081,3.764091497920081
74.16666666666666,3.764971584902036,3.764971584902036
74.20833333333333,3.765850300253392,3.765850300253392
74.25,3.766727875990503,3.766727875990503
74.29166666666666,3.7676044017401034,3.7676044017401034
74.33333333333333,3.7684799867140297,3.7684799867140297
74.375,3.769354679271896,3.769354679271896
74.41666666666666,3.770228602322655,3.770228602322655
74.45833333333333,3.7711018185994636,3.7711018185994636
74.5,3.7719742790969937,3.7719742790969937
74.54166666666666,3.7728460150995975,3.7728460150995975
74.58333333333333,3.7737169339994034,3.7737169339994034
74.625,3.774586729648512,3.774586729648512
74.66666666666666,3.77545554391815,3.77545554391815
74.70833333333333,3.776323364636618,3.776323364636618
74.75,3.777190179632216,3.777190179632216
74.79166666666666,3.7780553400980765,3.7780553400980765
74.83333333333333,3.7789190174299354,3.7789190174299354
74.875,3.7797811552751637,3.7797811552751637
74.91666666666666,3.780641663247071,3.780641663247071
74.95833333333333,3.7815001812658755,3.7815001812658755
75.0,3.7823563595591554,3.7823563595591554
75.04166666666666,3.7832103184836368,3.7832103184836368
75.08333333333333,3.7840625796730554,3.7840625796730554
75.125,3.784913176248964,3.784913176248964
75.16666666666666,3.785762384758668,3.785762384758668
75.20833333333333,3.7866102608735797,3.7866102608735797
75.25,3.7874570393720792,3.7874570393720792
75.29166666666666,3.7883028049982252,3.7883028049982252
75.33333333333333,3.7891476712924614,3.7891476712924614
75.375,3.7899916839022607,3.7899916839022607
75.41666666666666,3.7908349658545633,3.7908349658545633
75.45833333333333,3.7916775793712407,3.7916775793712407
75.5,3.7925194795620336,3.7925194795620336
75.54166666666666,3.793360691006535,3.793360691006535
75.58333333333333,3.7942011355373344,3.7942011355373344
75.625,3.795040488914058,3.795040488914058
75.66666666666666,3.795878897574555,3.795878897574555
75.70833333333333,3.7967163487347904,3.7967163487347904
75.75,3.797552829610726,3.797552829610726
75.79166666666666,3.7983877232650025,3.7983877232650025
75.83333333333333,3.799221151076627,3.799221151076627
75.875,3.800053075633804,3.800053075633804
75.91666666666666,3.8008834059782033,3.8008834059782033
75.95833333333333,3.801711811130295,3.801711811130295
76.0,3.802537898332474,3.802537898332474
76.04166666666666,3.803361815047266,3.803361815047266
76.08333333333333,3.8041840687375674,3.8041840687375674
76.125,3.8050046959725976,3.8050046959725976
76.16666666666666,3.8058239737874238,3.8058239737874238
76.20833333333333,3.806641957693345,3.806641957693345
76.25,3.8074588850807727,3.8074588850807727
76.29166666666666,3.8082748360800416,3.8082748360800416
76.33333333333333,3.8090899283012836,3.8090899283012836
76.375,3.8099042048672263,3.8099042048672263
76.41666666666666,3.8107177888658414,3.8107177888658414
76.45833333333333,3.8115307420471076,3.8115307420471076
76.5,3.8123430234162017,3.8123430234162017
76.54166666666666,3.813154651221208,3.813154651221208
76.58333333333333,3.813965560867617,3.813965560867617
76.625,3.814775411197218,3.814775411197218
76.66666666666666,3.815584352828515,3.815584352828515
76.70833333333333,3.8163923723918396,3.8163923723918396
76.75,3.81719945651752,3.81719945651752
76.79166666666666,3.818005018276433,3.818005018276433
76.83333333333333,3.818809132057548,3.818809132057548
76.875,3.8196117781846,3.8196117781846
76.91666666666666,3.8204128651526474,3.8204128651526474
76.95833333333333,3.821212089164181,3.821212089164181
77.0,3.822009017503794,3.822009017503794
77.04166666666666,3.8228038231369807,3.8228038231369807
77.08333333333333,3.8235969997051775,3.8235969997051775
77.125,3.8243885871671948,3.8243885871671948
77.16666666666666,3.825178863059617,3.825178863059617
77.20833333333333,3.825967882758525,3.825967882758525
77.25,3.826755886125866,3.826755886125866
77.29166666666666,3.827542948929521,3.827542948929521
77.33333333333333,3.8283291926087992,3.8283291926087992
77.375,3.82911465793383,3.82911465793383
77.41666666666666,3.8298994680043013,3.8298994680043013
77.45833333333333,3.83068368413404,3.83068368413404
77.5,3.831467269017631,3.831467269017631
77.54166666666666,3.832250234920456,3.832250234920456
77.58333333333333,3.8330325300146053,3.8330325300146053
77.625,3.833813797310178,3.833813797310178
77.66666666666666,3.834594191254308,3.834594191254308
77.70833333333333,3.8353736979170416,3.8353736979170416
77.75,3.836152303368424,3.836152303368424
77.79166666666666,3.836929448957286,3.836929448957286
77.83333333333333,3.837705164888751,3.837705164888751
77.875,3.83847944810844,3.83847944810844
77.91666666666666,3.8392522065885433,3.8392522065885433
77.95833333333333,3.840023161945891,3.840023161945891
78.0,3.84079184428451,3.84079184428451
78.04166666666666,3.8415584505936056,3.8415584505936056
78.08333333333333,3.842323461037237,3.842323461037237
78.125,3.8430869189030017,3.8430869189030017
78.16666666666666,3.84384910224001,3.84384910224001
78.20833333333333,3.8446100663116547,3.8446100663116547
78.25,3.845370053319778,3.845370053319778
78.29166666666666,3.846129134904672,3.846129134904672
78.33333333333333,3.8468874361112735,3.8468874361112735
78.375,3.8476449955153966,3.8476449955153966
78.41666666666666,3.8484019361858413,3.8484019361858413
78.45833333333333,3.849158319032762,3.849158319032762
78.5,3.849914110246813,3.849914110246813
78.54166666666666,3.850669316436801,3.850669316436801
78.58333333333333,3.8514238977915616,3.8514238977915616
78.625,3.8521774824945303,3.8521774824945303
78.66666666666666,3.85293022850027,3.85293022850027
78.70833333333333,3.853682121342613,3.853682121342613
78.75,3.8544331465553907,3.8544331465553907
78.79166666666666,3.855182772155456,3.855182772155456
78.83333333333333,3.855930986768282,3.855930986768282
78.875,3.856677802931416,3.856677802931416
78.91666666666666,3.857423128116719,3.857423128116719
78.95833333333333,3.8581667077247714,3.8581667077247714
79.0,3.858908037229395,3.858908037229395
79.04166666666666,3.859647336276106,3.859647336276106
79.08333333333333,3.860385071890596,3.860385071890596
79.125,3.8611212906261376,3.8611212906261376
79.16666666666666,3.8618562710529547,3.8618562710529547
79.20833333333333,3.8625900683420724,3.8625900683420724
79.25,3.8633229269116893,3.8633229269116893
79.29166666666666,3.864054914494456,3.864054914494456
79.33333333333333,3.864786159532768,3.864786159532768
79.375,3.865516698553921,3.865516698553921
79.41666666666666,3.866246654559155,3.866246654559155
79.45833333333333,3.8669760880845163,3.8669760880845163
79.5,3.8677049686350498,3.8677049686350498
79.54166666666666,3.8684332974683624,3.8684332974683624
79.58333333333333,3.869161046091623,3.869161046091623
79.625,3.869887828792887,3.869887828792887
79.66666666666666,3.8706138067408196,3.8706138067408196
79.70833333333333,3.871338964955935,3.871338964955935
79.75,3.872063288458745,3.872063288458745
79.79166666666666,3.87278627043366,3.87278627043366
79.83333333333333,3.8735078603472894,3.8735078603472894
79.875,3.8742280853749773,3.8742280853749773
79.91666666666666,3.8749468525096886,3.8749468525096886
79.95833333333333,3.8756639294291557,3.8756639294291557
80.0,3.876378779322702,3.876378779322702
80.04166666666666,3.877091643225442,3.877091643225442
80.08333333333333,3.877802975359042,3.877802975359042
80.125,3.8785128254774155,3.8785128254774155
80.16666666666666,3.8792214726782275,3.8792214726782275
80.20833333333333,3.8799289720584733,3.8799289720584733
80.25,3.880635570136759,3.880635570136759
80.29166666666666,3.8813413309441116,3.8813413309441116
80.33333333333333,3.8820463861264676,3.8820463861264676
80.375,3.8827507702969966,3.8827507702969966
80.41666666666666,3.8834546063579154,3.8834546063579154
80.45833333333333,3.8841579544981104,3.8841579544981104
80.5,3.884860787366272,3.884860787366272
80.54166666666666,3.8855631011548297,3.8855631011548297
80.58333333333333,3.8862648780384967,3.8862648780384967
80.625,3.8869657192733524,3.8869657192733524
80.66666666666666,3.887665788974223,3.887665788974223
80.70833333333333,3.8883650716700804,3.8883650716700804
80.75,3.889063551889895,3.889063551889895
80.79166666666666,3.8897607465862647,3.8897607465862647
80.83333333333333,3.8904565683188674,3.8904565683188674
80.875,3.8911510580162787,3.8911510580162787
80.91666666666666,3.891844122212943,3.891844122212943
80.95833333333333,3.8925355494705833,3.8925355494705833
81.0,3.893224772853325,3.893224772853325
81.04166666666666,3.8939120536107517,3.8939120536107517
81.08333333333333,3.8945978334902414,3.8945978334902414
81.125,3.89528216537975,3.89528216537975
81.16666666666666,3.8959653289086886,3.8959653289086886
81.20833333333333,3.896647379116529,3.896647379116529
81.25,3.8973285645133275,3.8973285645133275
81.29166666666666,3.8980089456217373,3.8980089456217373
81.33333333333333,3.898688657110338,3.898688657110338
81.375,3.899367731802227,3.899367731802227
81.41666666666666,3.9000462924737374,3.9000462924737374
81.45833333333333,3.9007243989912075,3.9007243989912075
81.5,3.9014020269863283,3.9014020269863283
81.54166666666666,3.9020791678545583,3.9020791678545583
81.58333333333333,3.9027558138310194,3.9027558138310194
81.625,3.9034315539412017,3.9034315539412017
81.66666666666666,3.904106555001182,3.904106555001182
81.70833333333333,3.9047808010691263,3.9047808010691263
81.75,3.9054542762031987,3.9054542762031987
81.79166666666666,3.9061265198173536,3.9061265198173536
81.83333333333333,3.906797409662036,3.906797409662036
81.875,3.9074669995978715,3.9074669995978715
81.91666666666666,3.9081351957201846,3.9081351957201846
81.95833333333333,3.908801806184658,3.908801806184658
82.0,3.909466235920558,3.909466235920558
82.04166666666666,3.9101287652997643,3.9101287652997643
82.08333333333333,3.910789823920623,3.910789823920623
82.125,3.9114494677372793,3.9114494677372793
82.16666666666666,3.912107976913385,3.912107976913385
82.20833333333333,3.912765406445708,3.912765406445708
82.25,3.913422006733303,3.913422006733303
82.29166666666666,3.9140778349718737,3.9140778349718737
82.33333333333333,3.9147330286837323,3.9147330286837323
82.375,3.915387619016549,3.915387619016549
82.41666666666666,3.9160417285979654,3.9160417285979654
82.45833333333333,3.916695416994278,3.916695416994278
82.5,3.9173486626689344,3.9173486626689344
82.54166666666666,3.9180014524721263,3.9180014524721263
82.58333333333333,3.9186537881324606,3.9186537881324606
82.625,3.919305247189338,3.919305247189338
82.66666666666666,3.9199559989361172,3.9199559989361172
82.70833333333333,3.920606026979917,3.920606026979917
82.75,3.9212553149278557,3.9212553149278557
82.79166666666666,3.9219034234335277,3.9219034234335277
82.83333333333333,3.922550197394318,3.922550197394318
82.875,3.9231957028397204,3.9231957028397204
82.91666666666666,3.9238398454444168,3.9238398454444168
82.95833333333333,3.92448245176217,3.92448245176217
83.0,3.92512290042405,3.92512290042405
83.04166666666666,3.925761489907512,3.925761489907512
83.08333333333333,3.92639863798266,3.92639863798266
83.125,3.9270344036010236,3.9270344036010236
83.16666666666666,3.927669067461327,3.927669067461327
83.20833333333333,3.9283026845309332,3.9283026845309332
83.25,3.928935507001497,3.928935507001497
83.29166666666666,3.9295675889122204,3.9295675889122204
83.33333333333333,3.9301990704813043,3.9301990704813043
83.375,3.9308299812870406,3.9308299812870406
83.41666666666666,3.9314604437891445,3.9314604437891445
83.45833333333333,3.9320905172744887,3.9320905172744887
83.5,3.9327201828958076,3.9327201828958076
83.54166666666666,3.933349423194389,3.933349423194389
83.58333333333333,3.9339782488625774,3.9339782488625774
83.625,3.934606226645837,3.934606226645837
83.66666666666666,3.9352335281099173,3.9352335281099173
83.70833333333333,3.9358601364297296,3.9358601364297296
83.75,3.9364860347801827,3.9364860347801827
83.79166666666666,3.937110803911399,3.937110803911399
83.83333333333333,3.937734257693533,3.937734257693533
83.875,3.9383564736150087,3.9383564736150087
83.91666666666666,3.9389773569474755,3.9389773569474755
83.95833333333333,3.9395967515331214,3.9395967515331214
84.0,3.9402140114012862,3.9402140114012862
84.04166666666666,3.9408294521871,3.9408294521871
84.08333333333333,3.9414434801487594,3.9414434801487594
84.125,3.9420561571656774,3.9420561571656774
84.16666666666666,3.942667764470991,3.942667764470991
84.20833333333333,3.94327835701456,3.94327835701456
84.25,3.943888188689882,3.943888188689882
84.29166666666666,3.9444973105399237,3.9444973105399237
84.33333333333333,3.9451058653311417,3.9451058653311417
84.375,3.945713881170646,3.945713881170646
84.41666666666666,3.946321480334148,3.946321480334148
84.45833333333333,3.9469287218479967,3.9469287218479967
84.5,3.9475355894199304,3.9475355894199304
84.54166666666666,3.948142061504462,3.948142061504462
84.58333333333333,3.94874815726224,3.94874815726224
84.625,3.9493534332888243,3.9493534332888243
84.66666666666666,3.949958063234851,3.949958063234851
84.70833333333333,3.950562029860989,3.950562029860989
84.75,3.951165315927904,3.951165315927904
84.79166666666666,3.9517675212116217,3.9517675212116217
84.83333333333333,3.9523684302609867,3.9523684302609867
84.875,3.952968131362261,3.952968131362261
84.91666666666666,3.9535665294008524,3.9535665294008524
84.95833333333333,3.9541634844766214,3.9541634844766214
85.0,3.9547583275858202,3.9547583275858202
85.04166666666666,3.955351390636187,3.955351390636187
85.08333333333333,3.9559430686858104,3.9559430686858104
85.125,3.956533426472037,3.956533426472037
85.16666666666666,3.9571227457604348,3.9571227457604348
85.20833333333333,3.9577110814939798,3.9577110814939798
85.25,3.9582986891824867,3.9582986891824867
85.29166666666666,3.9588856170235327,3.9588856170235327
85.33333333333333,3.959472010193605,3.959472010193605
85.375,3.9600578954196615,3.9600578954196615
85.41666666666666,3.960643394780112,3.960643394780112
85.45833333333333,3.961228567058145,3.961228567058145
85.5,3.9618133983898245,3.9618133983898245
85.54166666666666,3.962397863351821,3.962397863351821
85.58333333333333,3.962981989109324,3.962981989109324
85.625,3.963565322707801,3.963565322707801
85.66666666666666,3.964148039711085,3.964148039711085
85.70833333333333,3.964730122482752,3.964730122482752
85.75,3.96531155338638,3.96531155338638
85.79166666666666,3.965891950220142,3.965891950220142
85.83333333333333,3.9664710698071226,3.9664710698071226
85.875,3.967049010615154,3.967049010615154
85.91666666666666,3.9676256771594334,3.9676256771594334
85.95833333333333,3.9682009448389985,3.9682009448389985
86.0,3.9687741230690277,3.9687741230690277
86.04166666666666,3.969345559202255,3.969345559202255
86.08333333333333,3.9699156374038336,3.9699156374038336
86.125,3.970484425198858,3.970484425198858
86.16666666666666,3.971052204882166,3.971052204882166
86.20833333333333,3.9716190313992903,3.9716190313992903
86.25,3.9721851617957094,3.9721851617957094
86.29166666666666,3.9727506415657254,3.9727506415657254
86.33333333333333,3.9733156181663043,3.9733156181663043
86.375,3.973880117028739,3.973880117028739
86.41666666666666,3.974444260023296,3.974444260023296
86.45833333333333,3.9750081057059745,3.9750081057059745
86.5,3.975571642521569,3.975571642521569
86.54166666666666,3.976134841365605,3.976134841365605
86.58333333333333,3.9766977369732803,3.9766977369732803
86.625,3.9772598673991078,3.9772598673991078
86.66666666666666,3.977821409962855,3.977821409962855
86.70833333333333,3.978382346647393,3.978382346647393
86.75,3.9789426594355963,3.9789426594355963
86.79166666666666,3.9795019832057226,3.9795019832057226
86.83333333333333,3.9800600485490483,3.9800600485490483
86.875,3.9806169635398705,3.9806169635398705
86.91666666666666,3.9811726323384806,3.9811726323384806
86.95833333333333,3.981726944750798,3.981726944750798
87.0,3.982279189956449,3.982279189956449
87.04166666666666,3.98282972997809,3.98282972997809
87.08333333333333,3.983378938390474,3.983378938390474
87.125,3.983926885436218,3.983926885436218
87.16666666666666,3.9844738539351843,3.9844738539351843
87.20833333333333,3.985019898843857,3.985019898843857
87.25,3.985565278667314,3.985565278667314
87.29166666666666,3.98611003633047,3.98611003633047
87.33333333333333,3.986654321449334,3.986654321449334
87.375,3.9871981582379745,3.9871981582379745
87.41666666666666,3.9877416683498255,3.9877416683498255
87.45833333333333,3.9882849101284013,3.9882849101284013
87.5,3.9888278742143304,3.9888278742143304
87.54166666666666,3.9893705280071794,3.9893705280071794
87.58333333333333,3.9899129134049374,3.9899129134049374
87.625,3.9904545599925343,3.9904545599925343
87.66666666666666,3.990995646701619,3.990995646701619
87.70833333333333,3.991536155150007,3.991536155150007
87.75,3.992076066955513,3.992076066955513
87.79166666666666,3.992615033192044,3.992615033192044
87.83333333333333,3.9931527596184337,3.9931527596184337
87.875,3.9936893633785084,3.9936893633785084
87.91666666666666,3.9942247482922633,3.9942247482922633
87.95833333333333,3.994758817741405,3.994758817741405
88.0,3.995290841917557,3.995290841917557
88.04166666666666,3.9958211967866823,3.9958211967866823
88.08333333333333,3.9963502456308735,3.9963502456308735
88.125,3.996878061340198,3.996878061340198
88.16666666666666,3.997404927254356,3.997404927254356
88.20833333333333,3.9979308983481965,3.9979308983481965
88.25,3.9984562345145864,3.9984562345145864
88.29166666666666,3.998980976235359,3.998980976235359
88.33333333333333,3.9995052751715847,3.9995052751715847
88.375,4.000029154393036,4.000029154393036
88.41666666666666,4.000552735329525,4.000552735329525
88.45833333333333,4.001076076125644,4.001076076125644
88.5,4.001599169511154,4.001599169511154
88.54166666666666,4.002121979564227,4.002121979564227
88.58333333333333,4.002644554963553,4.002644554963553
88.625,4.00316641731121,4.00316641731121
88.66666666666666,4.003687747018693,4.003687747018693
88.70833333333333,4.004208525353719,4.004208525353719
88.75,4.004728733584004,4.004728733584004
88.79166666666666,4.005248038147725,4.005248038147725
88.83333333333333,4.005766121283697,4.005766121283697
88.875,4.006283108703338,4.006283108703338
88.91666666666666,4.006798903900311,4.006798903900311
88.95833333333333,4.007313410368286,4.007313410368286
89.0,4.007825918535288,4.007825918535288
89.04166666666666,4.00833677956216,4.00833677956216
89.08333333333333,4.008846359419906,4.008846359419906
89.125,4.009354733576271,4.009354733576271
89.16666666666666,4.009862185884792,4.009862185884792
89.20833333333333,4.010368771345197,4.010368771345197
89.25,4.010874751170284,4.010874751170284
89.29166666666666,4.011380163518086,4.011380163518086
89.33333333333333,4.011885161987629,4.011885161987629
89.375,4.012389768572271,4.012389768572271
89.41666666666666,4.012894104473102,4.012894104473102
89.45833333333333,4.0133982276483104,4.0133982276483104
89.5,4.013902132815863,4.013902132815863
89.54166666666666,4.014405780897236,4.014405780897236
89.58333333333333,4.014909226992981,4.014909226992981
89.625,4.01541198517711,4.01541198517711
89.66666666666666,4.015914237219917,4.015914237219917
89.70833333333333,4.016415964053332,4.016415964053332
89.75,4.016917146609283,4.016917146609283
89.79166666666666,4.0174174659078945,4.0174174659078945
89.83333333333333,4.017916581900172,4.017916581900172
89.875,4.018414628395393,4.018414628395393
89.91666666666666,4.01891150857426,4.01891150857426
89.95833333333333,4.01940712561747,4.01940712561747
90.0,4.019900790369683,4.019900790369683
90.04166666666666,4.020392829441323,4.020392829441323
90.08333333333333,4.020883611481512,4.020883611481512
90.125,4.021373214466337,4.021373214466337
90.16666666666666,4.021861922756433,4.021861922756433
90.20833333333333,4.0223497913821165,4.0223497913821165
90.25,4.022837082811998,4.022837082811998
90.29166666666666,4.023323832992952,4.023323832992952
90.33333333333333,4.023810197361303,4.023810197361303
90.375,4.024296196897212,4.024296196897212
90.41666666666666,4.024781952569395,4.024781952569395
90.45833333333333,4.025267522161214,4.025267522161214
90.5,4.025752902283393,4.025752902283393
90.54166666666666,4.0262380508560955,4.0262380508560955
90.58333333333333,4.026723029064674,4.026723029064674
90.625,4.027207343880146,4.027207343880146
90.66666666666666,4.027691178320611,4.027691178320611
90.70833333333333,4.028174512995897,4.028174512995897
90.75,4.028657328515835,4.028657328515835
90.79166666666666,4.029139319746182,4.029139319746182
90.83333333333333,4.029620125507349,4.029620125507349
90.875,4.030099887266747,4.030099887266747
90.91666666666666,4.030578507904879,4.030578507904879
90.95833333333333,4.031055890302254,4.031055890302254
91.0,4.03153136465498,4.03153136465498
91.04166666666666,4.032005234485467,4.032005234485467
91.08333333333333,4.032477870715134,4.032477870715134
91.125,4.032949353759647,4.032949353759647
91.16666666666666,4.033419968479344,4.033419968479344
91.20833333333333,4.0338897699401155,4.0338897699401155
91.25,4.034359021805764,4.034359021805764
91.29166666666666,4.03482775791843,4.03482775791843
91.33333333333333,4.0352961354571,4.0352961354571
91.375,4.035764174447635,4.035764174447635
91.41666666666666,4.036231995624024,4.036231995624024
91.45833333333333,4.036699656605515,4.036699656605515
91.5,4.037167155805247,4.037167155805247
91.54166666666666,4.0376344482888,4.0376344482888
91.58333333333333,4.038101597126916,4.038101597126916
91.625,4.038568114232869,4.038568114232869
91.66666666666666,4.039034172123117,4.039034172123117
91.70833333333333,4.039499754981035,4.039499754981035
91.75,4.039964843107455,4.039964843107455
91.79166666666666,4.040429144520164,4.040429144520164
91.83333333333333,4.040892277996738,4.040892277996738
91.875,4.041354392250681,4.041354392250681
91.91666666666666,4.041815389874527,4.041815389874527
91.95833333333333,4.04227517346081,4.04227517346081
92.0,4.04273309155622,4.04273309155622
92.04166666666666,4.043189425958804,4.043189425958804
92.08333333333333,4.043644549495843,4.043644549495843
92.125,4.044098544954512,4.044098544954512
92.16666666666666,4.044551697686916,4.044551697686916
92.20833333333333,4.045004062798819,4.045004062798819
92.25,4.045455905091848,4.045455905091848
92.29166666666666,4.045907256404105,4.045907256404105
92.33333333333333,4.046358275568114,4.046358275568114
92.375,4.0468089817104085,4.0468089817104085
92.41666666666666,4.047259495329017,4.047259495329017
92.45833333333333,4.047709873889008,4.047709873889008
92.5,4.048160117520365,4.048160117520365
92.54166666666666,4.048610178572735,4.048610178572735
92.58333333333333,4.049060120604945,4.049060120604945
92.625,4.049509464142299,4.049509464142299
92.66666666666666,4.049958367808694,4.049958367808694
92.70833333333333,4.050406820472771,4.050406820472771
92.75,4.050854802138903,4.050854802138903
92.79166666666666,4.051302033322889,4.051302033322889
92.83333333333333,4.051748113782975,4.051748113782975
92.875,4.052193199092286,4.052193199092286
92.91666666666666,4.052637191567084,4.052637191567084
92.95833333333333,4.053079993523633,4.053079993523633
93.0,4.053520970917783,4.053520970917783
93.04166666666666,4.053960385096016,4.053960385096016
93.08333333333333,4.054398610460868,4.054398610460868
93.125,4.054835732103734,4.054835732103734
93.16666666666666,4.055272035860044,4.055272035860044
93.20833333333333,4.055707576879157,4.055707576879157
93.25,4.056142621046234,4.056142621046234
93.29166666666666,4.056577198290569,4.056577198290569
93.33333333333333,4.057011469014333,4.057011469014333
93.375,4.057445451496025,4.057445451496025
93.41666666666666,4.057879265997467,4.057879265997467
93.45833333333333,4.05831296983875,4.05831296983875
93.5,4.058746564785666,4.058746564785666
93.54166666666666,4.059180000602968,4.059180000602968
93.58333333333333,4.059613341308449,4.059613341308449
93.625,4.060046115633717,4.060046115633717
93.66666666666666,4.060478468978746,4.060478468978746
93.70833333333333,4.060910394658005,4.060910394658005
93.75,4.061341872391414,4.061341872391414
93.79166666666666,4.061772634575999,4.061772634575999
93.83333333333333,4.062202262913943,4.062202262913943
93.875,4.0626309194753825,4.0626309194753825
93.91666666666666,4.063058506311504,4.063058506311504
93.95833333333333,4.063484925473498,4.063484925473498
94.0,4.063909559440691,4.063909559440691
94.04166666666666,4.064332650296175,4.064332650296175
94.08333333333333,4.064754573719985,4.064754573719985
94.125,4.06517541704133,4.06517541704133
94.16666666666666,4.065595466570183,4.065595466570183
94.20833333333333,4.0660147775026,4.0660147775026
94.25,4.066433616755803,4.066433616755803
94.29166666666666,4.066852012440594,4.066852012440594
94.33333333333333,4.067270126449605,4.067270126449605
94.375,4.067687976261284,4.067687976261284
94.41666666666666,4.068105681901876,4.068105681901876
94.45833333333333,4.06852330055506,4.06852330055506
94.5,4.068940835545506,4.068940835545506
94.54166666666666,4.0693582341771855,4.0693582341771855
94.58333333333333,4.069775560899666,4.069775560899666
94.625,4.070192352265793,4.070192352265793
94.66666666666666,4.070608741085067,4.070608741085067
94.70833333333333,4.0710247248919265,4.0710247248919265
94.75,4.071440283133357,4.071440283133357
94.79166666666666,4.071855159504729,4.071855159504729
94.83333333333333,4.07226891856058,4.07226891856058
94.875,4.072681728527164,4.072681728527164
94.91666666666666,4.073093491201336,4.073093491201336
94.95833333333333,4.073504108379951,4.073504108379951
95.0,4.073912978230866,4.073912978230866
95.04166666666666,4.0743203246851705,4.0743203246851705
95.08333333333333,4.074726524432148,4.074726524432148
95.125,4.075131666973366,4.075131666973366
95.16666666666666,4.075536039084117,4.075536039084117
95.20833333333333,4.075939696009846,4.075939696009846
95.25,4.0763429056511375,4.0763429056511375
95.29166666666666,4.076745694385672,4.076745694385672
95.33333333333333,4.077148225522016,4.077148225522016
95.375,4.07755051578336,4.07755051578336
95.41666666666666,4.0779526849617245,4.0779526849617245
95.45833333333333,4.078354790112319,4.078354790112319
95.5,4.078756836045883,4.078756836045883
95.54166666666666,4.079158767722863,4.079158767722863
95.58333333333333,4.0795606499992365,4.0795606499992365
95.625,4.0799620268846315,4.0799620268846315
95.66666666666666,4.08036301919672,4.08036301919672
95.70833333333333,4.0807636284773166,4.0807636284773166
95.75,4.081163833911488,4.081163833911488
95.79166666666666,4.081563389943171,4.081563389943171
95.83333333333333,4.081961844834467,4.081961844834467
95.875,4.082359372647764,4.082359372647764
95.91666666666666,4.0827558749358515,4.0827558749358515
95.95833333333333,4.083151253251522,4.083151253251522
96.0,4.083544920665353,4.083544920665353
96.04166666666666,4.083937083994124,4.083937083994124
96.08333333333333,4.084328120695896,4.084328120695896
96.125,4.084718122380165,4.084718122380165
96.16666666666666,4.08510737627813,4.08510737627813
96.20833333333333,4.085495937686776,4.085495937686776
96.25,4.085884075443817,4.085884075443817
96.29166666666666,4.086271820501571,4.086271820501571
96.33333333333333,4.086659346785782,4.086659346785782
96.375,4.087046670789586,4.087046670789586
96.41666666666666,4.087433870595778,4.087433870595778
96.45833333333333,4.087821007042451,4.087821007042451
96.5,4.088208087883682,4.088208087883682
96.54166666666666,4.08859506730286,4.08859506730286
96.58333333333333,4.088982002838182,4.088982002838182
96.625,4.089368505620758,4.089368505620758
96.66666666666666,4.089754661613387,4.089754661613387
96.70833333333333,4.0901404693300165,4.0901404693300165
96.75,4.090525904535079,4.090525904535079
96.79166666666666,4.090910552239067,4.090910552239067
96.83333333333333,4.091294301041455,4.091294301041455
96.875,4.091677168022306,4.091677168022306
96.91666666666666,4.092059055239253,4.092059055239253
96.95833333333333,4.092439642539925,4.092439642539925
97.0,4.092818587733918,4.092818587733918
97.04166666666666,4.093196040437916,4.093196040437916
97.08333333333333,4.093572390602473,4.093572390602473
97.125,4.093947732172204,4.093947732172204
97.16666666666666,4.094322352600222,4.094322352600222
97.20833333333333,4.094696307171306,4.094696307171306
97.25,4.095069865266082,4.095069865266082
97.29166666666666,4.095443056025908,4.095443056025908
97.33333333333333,4.095816054418607,4.095816054418607
97.375,4.096188876395268,4.096188876395268
97.41666666666666,4.096561599338216,4.096561599338216
97.45833333333333,4.096934283888356,4.096934283888356
97.5,4.097306938724381,4.097306938724381
97.54166666666666,4.097679515877801,4.097679515877801
97.58333333333333,4.098052072995674,4.098052072995674
97.625,4.098424227202177,4.098424227202177
97.66666666666666,4.098796054527654,4.098796054527654
97.70833333333333,4.0991675564659715,4.0991675564659715
97.75,4.099538708345063,4.099538708345063
97.79166666666666,4.099909104888784,4.099909104888784
97.83333333333333,4.100278619695927,4.100278619695927
97.875,4.1006472750089396,4.1006472750089396
97.91666666666666,4.101014972501669,4.101014972501669
97.95833333333333,4.101381401597817,4.101381401597817
98.0,4.101746206039957,4.101746206039957
98.04166666666666,4.102109546175297,4.102109546175297
98.08333333333333,4.102471803624051,4.102471803624051
98.125,4.1028330743620325,4.1028330743620325
98.16666666666666,4.103193646201724,4.103193646201724
98.20833333333333,4.103553574466859,4.103553574466859
98.25,4.103913129288193,4.103913129288193
98.29166666666666,4.1042723381805395,4.1042723381805395
98.33333333333333,4.104631377294828,4.104631377294828
98.375,4.104990262107297,4.104990262107297
98.41666666666666,4.105349069563708,4.105349069563708
98.45833333333333,4.105707860208452,4.105707860208452
98.5,4.106066643725201,4.106066643725201
98.54166666666666,4.106425370294328,4.106425370294328
98.58333333333333,4.106784097785921,4.106784097785921
98.625,4.107142448966226,4.107142448966226
98.66666666666666,4.107500490734473,4.107500490734473
98.70833333333333,4.107858227495436,4.107858227495436
98.75,4.108215634294698,4.108215634294698
98.79166666666666,4.108572314946511,4.108572314946511
98.83333333333333,4.1089281291008835,4.1089281291008835
98.875,4.109283103970752,4.109283103970752
98.91666666666666,4.109637140971194,4.109637140971194
98.95833333333333,4.109989938518432,4.109989938518432
99.0,4.110341127218217,4.110341127218217
99.04166666666666,4.11069087763637,4.11069087763637
99.08333333333333,4.111039563649218,4.111039563649218
99.125,4.111387283144452,4.111387283144452
99.16666666666666,4.111734324335213,4.111734324335213
99.20833333333333,4.1120807425992885,4.1120807425992885
99.25,4.1124268088547895,4.1124268088547895
99.29166666666666,4.112772549095737,4.112772549095737
99.33333333333333,4.113118140656669,4.113118140656669
99.375,4.113463598635083,4.113463598635083
99.41666666666666,4.113808999451742,4.113808999451742
99.45833333333333,4.1141544037626,4.1141544037626
99.5,4.114499822187578,4.114499822187578
99.54166666666666,4.114845203202901,4.114845203202901
99.58333333333333,4.115190604925139,4.115190604925139
99.625,4.115535655473966,4.115535655473966
99.66666666666666,4.115880413152576,4.115880413152576
99.70833333333333,4.11622488515413,4.11622488515413
99.75,4.11656904629412,4.11656904629412
99.79166666666666,4.116912508987159,4.116912508987159
99.83333333333333,4.117255119717673,4.117255119717673
99.875,4.117596910436216,4.117596910436216
99.91666666666666,4.117937782341849,4.117937782341849
99.95833333333333,4.118277442352117,4.118277442352117
100.0,4.118615508685913,4.118615508685913
