time,APlasma,[APlasma]
0.0,0.0,0.0
0.041666666666666664,1.2772956334680903e-09,1.2772956334680903e-09
0.08333333333333333,1.0024476042964685e-08,1.0024476042964685e-08
0.125,3.319270234163124e-08,3.319270234163124e-08
0.16666666666666666,7.71956409495381e-08,7.71956409495381e-08
0.20833333333333331,1.4793930441683458e-07,1.4793930441683458e-07
0.25,2.5085041679277697e-07,2.5085041679277697e-07
0.29166666666666663,3.909033964042363e-07,3.909033964042363e-07
0.3333333333333333,5.726460473792703e-07,5.726460473792703e-07
0.375,8.00223901601513e-07,8.00223901601513e-07
0.41666666666666663,1.0774033970993273e-06,1.0774033970993273e-06
0.4583333333333333,1.4075939116426766e-06,1.4075939116426766e-06
0.5,1.7938686400590147e-06,1.7938686400590147e-06
0.5416666666666666,2.2389845678670726e-06,2.2389845678670726e-06
0.5833333333333333,2.7454013424785258e-06,2.7454013424785258e-06
0.625,3.315299081827581e-06,3.315299081827581e-06
0.6666666666666666,3.9505953720853475e-06,3.9505953720853475e-06
0.7083333333333333,4.652961481655863e-06,4.652961481655863e-06
0.75,5.423837690634444e-06,5.423837690634444e-06
0.7916666666666666,6.26444772919849e-06,6.26444772919849e-06
0.8333333333333333,7.17581257206751e-06,7.17581257206751e-06
0.875,8.158763405050665e-06,8.158763405050665e-06
0.9166666666666666,9.21395468822276e-06,9.21395468822276e-06
0.9583333333333333,1.0341875252933111e-05,1.0341875252933111e-05
1.0,1.1542859294495984e-05,1.1542859294495984e-05
1.0416666666666665,1.2818386729790845e-05,1.2818386729790845e-05
1.0833333333333333,1.4174673429766905e-05,1.4174673429766905e-05
1.125,1.5618627184881997e-05,1.5618627184881997e-05
1.1666666666666665,1.715648342609807e-05,1.715648342609807e-05
1.2083333333333333,1.8793849879098057e-05,1.8793849879098057e-05
1.25,2.053576007937566e-05,2.053576007937566e-05
1.2916666666666665,2.2386705834539856e-05,2.2386705834539856e-05
1.3333333333333333,2.435067079357338e-05,2.435067079357338e-05
1.375,2.6431157305908884e-05,2.6431157305908884e-05
1.4166666666666665,2.8631225579992207e-05,2.8631225579992207e-05
1.4583333333333333,3.0953502088408264e-05,3.0953502088408264e-05
1.5,3.3400228491760484e-05,3.3400228491760484e-05
1.5416666666666665,3.597325098314487e-05,3.597325098314487e-05
1.5833333333333333,3.867407571752721e-05,3.867407571752721e-05
1.625,4.150389695238852e-05,4.150389695238852e-05
1.6666666666666665,4.446359788071202e-05,4.446359788071202e-05
1.7083333333333333,4.755379579583679e-05,4.755379579583679e-05
1.75,5.077482181357836e-05,5.077482181357836e-05
1.7916666666666665,5.412678828231078e-05,5.412678828231078e-05
1.8333333333333333,5.7609574114805525e-05,5.7609574114805525e-05
1.875,6.122281761579507e-05,6.122281761579507e-05
1.9166666666666665,6.496602827887748e-05,6.496602827887748e-05
1.9583333333333333,6.883844604401374e-05,6.883844604401374e-05
2.0,7.283922006680283e-05,7.283922006680283e-05
2.0416666666666665,7.696869590388036e-05,7.696869590388036e-05
2.083333333333333,8.123166725121231e-05,8.123166725121231e-05
2.125,8.563384883919923e-05,8.563384883919923e-05
2.1666666666666665,9.018025916659168e-05,9.018025916659168e-05
2.208333333333333,9.48752014812809e-05,9.48752014812809e-05
2.25,9.972250022713485e-05,9.972250022713485e-05
2.2916666666666665,0.00010472547720383226,0.00010472547720383226
2.333333333333333,0.00010988687367232527,0.00010988687367232527
2.375,0.00011520892875090638,0.00011520892875090638
2.4166666666666665,0.00012069343768800077,0.00012069343768800077
2.458333333333333,0.00012634179028551975,0.00012634179028551975
2.5,0.00013215499841493693,0.00013215499841493693
2.5416666666666665,0.0001381337196145756,0.0001381337196145756
2.583333333333333,0.00014427827654183142,0.00014427827654183142
2.625,0.00015058868259873722,0.00015058868259873722
2.6666666666666665,0.0001570646826676291,0.0001570646826676291
2.708333333333333,0.00016370567783210744,0.00016370567783210744
2.75,0.00017051095138884584,0.00017051095138884584
2.7916666666666665,0.00017747940479598045,0.00017747940479598045
2.833333333333333,0.0001846097159264077,0.0001846097159264077
2.875,0.0001919005562683688,0.0001919005562683688
2.9166666666666665,0.00019935014509267935,0.00019935014509267935
2.958333333333333,0.00020695675379808168,0.00020695675379808168
3.0,0.00021471842761460426,0.00021471842761460426
3.0416666666666665,0.0002226345513193482,0.0002226345513193482
3.083333333333333,0.00023070876599947995,0.00023070876599947995
3.125,0.00023894580757051988,0.00023894580757051988
3.1666666666666665,0.0002473497170260848,0.0002473497170260848
3.208333333333333,0.0002559239359559437,0.0002559239359559437
3.25,0.0002646713038334276,0.0002646713038334276
3.2916666666666665,0.00027359398774607263,0.00027359398774607263
3.333333333333333,0.00028269398295733997,0.00028269398295733997
3.375,0.00029197256641299695,0.00029197256641299695
3.4166666666666665,0.0003014308058326425,0.0003014308058326425
3.458333333333333,0.0003110691919521328,0.0003110691919521328
3.5,0.00032088787775333107,0.00032088787775333107
3.5416666666666665,0.00033088662528228793,0.00033088662528228793
3.583333333333333,0.00034106491963490525,0.00034106491963490525
3.625,0.00035142194123547805,0.00035142194123547805
3.6666666666666665,0.0003619566010797761,0.0003619566010797761
3.708333333333333,0.0003726675962127878,0.0003726675962127878
3.75,0.0003835533548258613,0.0003835533548258613
3.7916666666666665,0.0003946121141428535,0.0003946121141428535
3.833333333333333,0.00040584191248767363,0.00040584191248767363
3.875,0.00041724059648906196,0.00041724059648906196
3.9166666666666665,0.00042880592967624244,0.00042880592967624244
3.958333333333333,0.0004405354116099772,0.0004405354116099772
4.0,0.0004524263421932,0.0004524263421932
4.041666666666666,0.00046447755688170967,0.00046447755688170967
4.083333333333333,0.0004766918817103891,0.0004766918817103891
4.125,0.0004890735352773923,0.0004890735352773923
4.166666666666666,0.0005016258243360613,0.0005016258243360613
4.208333333333333,0.0005143516723380917,0.0005143516723380917
4.25,0.0005272534585586176,0.0005272534585586176
4.291666666666666,0.0005403329373354127,0.0005403329373354127
4.333333333333333,0.0005535913402983033,0.0005535913402983033
4.375,0.0005670294072637442,0.0005670294072637442
4.416666666666666,0.0005806477416983256,0.0005806477416983256
4.458333333333333,0.0005944462383545273,0.0005944462383545273
4.5,0.0006084247564704119,0.0006084247564704119
4.541666666666666,0.000622582569466953,0.000622582569466953
4.583333333333333,0.0006369187088449847,0.0006369187088449847
4.625,0.0006514319328375253,0.0006514319328375253
4.666666666666666,0.0006661206215525416,0.0006661206215525416
4.708333333333333,0.0006809830810567051,0.0006809830810567051
4.75,0.0006960172321844162,0.0006960172321844162
4.791666666666666,0.0007112209678129972,0.0007112209678129972
4.833333333333333,0.0007265918598596307,0.0007265918598596307
4.875,0.0007421274356236737,0.0007421274356236737
4.916666666666666,0.0007578249676897698,0.0007578249676897698
4.958333333333333,0.000773681679084151,0.000773681679084151
5.0,0.0007896945802149619,0.0007896945802149619
5.041666666666666,0.0008058624309358834,0.0008058624309358834
5.083333333333333,0.000822187308918503,0.000822187308918503
5.125,0.0008386732061201884,0.0008386732061201884
5.166666666666666,0.0008553231842043594,0.0008553231842043594
5.208333333333333,0.000872139635127017,0.000872139635127017
5.25,0.0008891247293413948,0.0008891247293413948
5.291666666666666,0.0009062801248770565,0.0009062801248770565
5.333333333333333,0.0009236064916824549,0.0009236064916824549
5.375,0.0009411048796518818,0.0009411048796518818
5.416666666666666,0.0009587751624408299,0.0009587751624408299
5.458333333333333,0.0009766171659815527,0.0009766171659815527
5.5,0.0009946304368413513,0.0009946304368413513
5.541666666666666,0.0010128138333720363,0.0010128138333720363
5.583333333333333,0.001031166379918294,0.001031166379918294
5.625,0.0010496865295431005,0.0010496865295431005
5.666666666666666,0.0010683724413679844,0.0010683724413679844
5.708333333333333,0.0010872223221253528,0.0010872223221253528
5.75,0.0011062337034354374,0.0011062337034354374
5.791666666666666,0.0011254045593039868,0.0011254045593039868
5.833333333333333,0.0011447321838766276,0.0011447321838766276
5.875,0.001164213895339573,0.001164213895339573
5.916666666666666,0.0011838470044559708,0.0011838470044559708
5.958333333333333,0.00120362835648541,0.00120362835648541
6.0,0.00122355487716571,0.00122355487716571
6.041666666666666,0.0012436253053163466,0.0012436253053163466
6.083333333333333,0.0012638411889313846,0.0012638411889313846
6.125,0.0012842064965250624,0.0012842064965250624
6.166666666666666,0.001304724162861869,0.001304724162861869
6.208333333333333,0.0013253964651209012,0.0013253964651209012
6.25,0.0013462251748761617,0.0013462251748761617
6.291666666666666,0.00136721194685128,0.00136721194685128
6.333333333333333,0.001388357570663443,0.001388357570663443
6.375,0.0014096627188677905,0.0014096627188677905
6.416666666666666,0.0014311274153441475,0.0014311274153441475
6.458333333333333,0.0014527512827688348,0.0014527512827688348
6.5,0.0014745338174377137,0.0014745338174377137
6.541666666666666,0.0014964737375785082,0.0014964737375785082
6.583333333333333,0.0015185701190915373,0.0015185701190915373
6.625,0.0015408209311470655,0.0015408209311470655
6.666666666666666,0.0015632248479330235,0.0015632248479330235
6.708333333333333,0.0015857793460203025,0.0015857793460203025
6.75,0.0016084826075627905,0.0016084826075627905
6.791666666666666,0.0016313317967722248,0.0016313317967722248
6.833333333333333,0.001654324609586036,0.001654324609586036
6.875,0.0016774578706844835,0.0016774578706844835
6.916666666666666,0.0017007289805232256,0.0017007289805232256
6.958333333333333,0.0017241349421583429,0.0017241349421583429
7.0,0.0017476723316822002,0.0017476723316822002
7.041666666666666,0.0017713405264574008,0.0017713405264574008
7.083333333333333,0.0017951403488874033,0.0017951403488874033
7.125,0.0018190758996849065,0.0018190758996849065
7.166666666666666,0.0018431499658086291,0.0018431499658086291
7.208333333333333,0.0018673648938165733,0.0018673648938165733
7.25,0.0018917222879303672,0.0018917222879303672
7.291666666666666,0.001916223545771214,0.001916223545771214
7.333333333333333,0.001940869882114021,0.001940869882114021
7.375,0.0019656613138976375,0.0019656613138976375
7.416666666666666,0.001990598687294614,0.001990598687294614
7.458333333333333,0.0020156807947076484,0.0020156807947076484
7.5,0.0020409079068633776,0.0020409079068633776
7.541666666666666,0.0020662780387910953,0.0020662780387910953
7.583333333333333,0.0020917908120666813,0.0020917908120666813
7.625,0.0021174437316358674,0.0021174437316358674
7.666666666666666,0.0021432358045369287,0.0021432358045369287
7.708333333333333,0.002169164163839286,0.002169164163839286
7.75,0.0021952272025757154,0.0021952272025757154
7.791666666666666,0.0022214219807445154,0.0022214219807445154
7.833333333333333,0.0022477461674470034,0.0022477461674470034
7.875,0.0022741967911528607,0.0022741967911528607
7.916666666666666,0.0023007709835249582,0.0023007709835249582
7.958333333333333,0.0023274656902908396,0.0023274656902908396
8.0,0.0023542776589450774,0.0023542776589450774
8.041666666666666,0.0023812060286899335,0.0023812060286899335
8.083333333333332,0.0024082519480703945,0.0024082519480703945
8.125,0.0024354193997926485,0.0024354193997926485
8.166666666666666,0.0024627110556015783,0.0024627110556015783
8.208333333333332,0.002490129302303068,0.002490129302303068
8.25,0.002517676020753199,0.002517676020753199
8.291666666666666,0.0025453518776901215,0.0025453518776901215
8.333333333333332,0.002573158571615936,0.002573158571615936
8.375,0.0026010963789987397,0.0026010963789987397
8.416666666666666,0.0026291651362096414,0.0026291651362096414
8.458333333333332,0.002657365451830657,0.002657365451830657
8.5,0.0026856954037554294,0.0026856954037554294
8.541666666666666,0.0027141554487151655,0.0027141554487151655
8.583333333333332,0.0027427427938260113,0.0027427427938260113
8.625,0.002771457002141653,0.002771457002141653
8.666666666666666,0.0028002957824161735,0.0028002957824161735
8.708333333333332,0.0028292570302577715,0.0028292570302577715
8.75,0.0028583388322220957,0.0028583388322220957
8.791666666666666,0.0028875381749849595,0.0028875381749849595
8.833333333333332,0.002916853089575167,0.002916853089575167
8.875,0.0029462800948936644,0.0029462800948936644
8.916666666666666,0.0029758168533880816,0.0029758168533880816
8.958333333333332,0.0030054599823325554,0.0030054599823325554
9.0,0.003035206428873029,0.003035206428873029
9.041666666666666,0.0030650554720109227,0.0030650554720109227
9.083333333333332,0.0030950081050856895,0.0030950081050856895
9.125,0.0031250683111230197,0.0031250683111230197
9.166666666666666,0.003155238760419392,0.003155238760419392
9.208333333333332,0.0031855218639481294,0.0031855218639481294
9.25,0.00321591943395259,0.00321591943395259
9.291666666666666,0.0032464330178883114,0.0032464330178883114
9.333333333333332,0.0032770624987697025,0.0032770624987697025
9.375,0.003307809692453941,0.003307809692453941
9.416666666666666,0.003338674210521615,0.003338674210521615
9.458333333333332,0.0033696555298334996,0.0033696555298334996
9.5,0.003400754269261104,0.003400754269261104
9.541666666666666,0.0034319677075277163,0.0034319677075277163
9.583333333333332,0.0034632961517268466,0.0034632961517268466
9.625,0.0034947373024046334,0.0034947373024046334
9.666666666666666,0.0035262893472861974,0.0035262893472861974
9.708333333333332,0.0035579508901023016,0.0035579508901023016
9.75,0.003589718678842033,0.003589718678842033
9.791666666666666,0.0036215912426656484,0.0036215912426656484
9.833333333333332,0.003653565353466931,0.003653565353466931
9.875,0.003685638467226082,0.003685638467226082
9.916666666666666,0.003717807921059013,0.003717807921059013
9.958333333333332,0.0037500701794234187,0.0037500701794234187
10.0,0.003782422678273822,0.003782422678273822
10.041666666666666,0.003814864465539354,0.003814864465539354
10.083333333333332,0.00384739646746079,0.00384739646746079
10.125,0.0038800228509772326,0.0038800228509772326
10.166666666666666,0.003912746256225173,0.003912746256225173
10.208333333333332,0.003945569052612875,0.003945569052612875
10.25,0.003978493213194515,0.003978493213194515
10.291666666666666,0.004011519856106962,0.004011519856106962
10.333333333333332,0.00404465048609775,0.00404465048609775
10.375,0.004077885166707318,0.004077885166707318
10.416666666666666,0.0041112245266498775,0.0041112245266498775
10.458333333333332,0.004144667975216583,0.004144667975216583
10.5,0.004178214654512902,0.004178214654512902
10.541666666666666,0.004211863261152094,0.004211863261152094
10.583333333333332,0.004245613353824468,0.004245613353824468
10.625,0.00427946405443829,0.00427946405443829
10.666666666666666,0.004313411600108363,0.004313411600108363
10.708333333333332,0.0043474555404150236,0.0043474555404150236
10.75,0.004381594228905611,0.004381594228905611
10.791666666666666,0.004415824932374481,0.004415824932374481
10.833333333333332,0.0044501445242505705,0.0044501445242505705
10.875,0.004484550835417661,0.004484550835417661
10.916666666666666,0.004519040998315571,0.004519040998315571
10.958333333333332,0.004553611986631764,0.004553611986631764
11.0,0.004588260533385614,0.004588260533385614
11.041666666666666,0.004622985112689611,0.004622985112689611
11.083333333333332,0.004657787434133524,0.004657787434133524
11.125,0.004692671697039706,0.004692671697039706
11.166666666666666,0.0047276407649326675,0.0047276407649326675
11.208333333333332,0.00476269673685096,0.00476269673685096
11.25,0.0047978416261186966,0.0047978416261186966
11.291666666666666,0.0048330769449706846,0.0048330769449706846
11.333333333333332,0.0048684034696499495,0.0048684034696499495
11.375,0.004903822263866999,0.004903822263866999
11.416666666666666,0.004939333046257857,0.004939333046257857
11.458333333333332,0.004974936150218027,0.004974936150218027
11.5,0.005010630544118412,0.005010630544118412
11.541666666666666,0.005046415467944947,0.005046415467944947
11.583333333333332,0.005082288928895718,0.005082288928895718
11.625,0.005118250294942554,0.005118250294942554
11.666666666666666,0.00515429859904331,0.00515429859904331
11.708333333333332,0.005190430399028429,0.005190430399028429
11.75,0.005226644103520211,0.005226644103520211
11.791666666666666,0.005262938102029809,0.005262938102029809
11.833333333333332,0.005299310192126185,0.005299310192126185
11.875,0.0053357565151326706,0.0053357565151326706
11.916666666666666,0.005372274925657117,0.005372274925657117
11.958333333333332,0.0054088624446194476,0.0054088624446194476
12.0,0.005445516004486195,0.005445516004486195
12.041666666666666,0.005482234361611896,0.005482234361611896
12.083333333333332,0.00551901894894779,0.00551901894894779
12.125,0.0055558738802128195,0.0055558738802128195
12.166666666666666,0.005592802175825732,0.005592802175825732
12.208333333333332,0.005629805798911149,0.005629805798911149
12.25,0.005666886902233603,0.005666886902233603
12.291666666666666,0.005704046941256424,0.005704046941256424
12.333333333333332,0.005741286823801249,0.005741286823801249
12.375,0.005778607320536868,0.005778607320536868
12.416666666666666,0.0058160087885738895,0.0058160087885738895
12.458333333333332,0.005853490828949584,0.005853490828949584
12.5,0.005891053423959329,0.005891053423959329
12.541666666666666,0.005928695135078648,0.005928695135078648
12.583333333333332,0.005966415310832163,0.005966415310832163
12.625,0.006004211333709672,0.006004211333709672
12.666666666666666,0.006042082413289822,0.006042082413289822
12.708333333333332,0.006080027265593148,0.006080027265593148
12.75,0.006118043225260885,0.006118043225260885
12.791666666666666,0.006156127344501166,0.006156127344501166
12.833333333333332,0.006194278151538155,0.006194278151538155
12.875,0.006232493379152568,0.006232493379152568
12.916666666666666,0.006270769609304682,0.006270769609304682
12.958333333333332,0.0063091039078568825,0.0063091039078568825
13.0,0.006347493426523318,0.006347493426523318
13.041666666666666,0.006385937366485533,0.006385937366485533
13.083333333333332,0.006424436794563264,0.006424436794563264
13.125,0.006462996011473184,0.006462996011473184
13.166666666666666,0.006501617804051269,0.006501617804051269
13.208333333333332,0.006540304429689204,0.006540304429689204
13.25,0.006579057852530582,0.006579057852530582
13.291666666666666,0.006617879565124109,0.006617879565124109
13.333333333333332,0.0066567708874228455,0.0066567708874228455
13.375,0.006695731700738115,0.006695731700738115
13.416666666666666,0.006734763299522885,0.006734763299522885
13.458333333333332,0.006773864950925353,0.006773864950925353
13.5,0.006813036452389425,0.006813036452389425
13.541666666666666,0.0068522773260266245,0.0068522773260266245
13.583333333333332,0.00689158577830264,0.00689158577830264
13.625,0.006930961257759897,0.006930961257759897
13.666666666666666,0.006970400587174959,0.006970400587174959
13.708333333333332,0.00700990284364188,0.00700990284364188
13.75,0.007049466467481663,0.007049466467481663
13.791666666666666,0.007089089282177275,0.007089089282177275
13.833333333333332,0.0071287674455866945,0.0071287674455866945
13.875,0.007168499501810553,0.007168499501810553
13.916666666666666,0.007208282978962992,0.007208282978962992
13.958333333333332,0.007248114942344018,0.007248114942344018
14.0,0.007287991836958168,0.007287991836958168
14.041666666666666,0.0073279134505537516,0.0073279134505537516
14.083333333333332,0.007367880628999586,0.007367880628999586
14.125,0.0074078978663511055,0.0074078978663511055
14.166666666666666,0.007447967820611399,0.007447967820611399
14.208333333333332,0.007488093055976289,0.007488093055976289
14.25,0.0075282749911599195,0.0075282749911599195
14.291666666666666,0.007568515567345392,0.007568515567345392
14.333333333333332,0.007608815720480855,0.007608815720480855
14.375,0.007649176549645033,0.007649176549645033
14.416666666666666,0.0076895981434702025,0.0076895981434702025
14.458333333333332,0.007730079918361905,0.007730079918361905
14.5,0.007770621570407405,0.007770621570407405
14.541666666666666,0.007811223509774213,0.007811223509774213
14.583333333333332,0.007851882570177717,0.007851882570177717
14.625,0.007892599163480962,0.007892599163480962
14.666666666666666,0.007933371861133194,0.007933371861133194
14.708333333333332,0.007974197396213446,0.007974197396213446
14.75,0.008015075175658635,0.008015075175658635
14.791666666666666,0.008056002381882555,0.008056002381882555
14.833333333333332,0.008096976237261092,0.008096976237261092
14.875,0.008137995094070486,0.008137995094070486
14.916666666666666,0.00817905516227507,0.00817905516227507
14.958333333333332,0.008220154151911926,0.008220154151911926
15.0,0.008261289357247074,0.008261289357247074
15.041666666666666,0.008302460022658439,0.008302460022658439
15.083333333333332,0.008343667124575934,0.008343667124575934
15.125,0.008384915353975515,0.008384915353975515
15.166666666666666,0.008426207376392995,0.008426207376392995
15.208333333333332,0.008467545657634752,0.008467545657634752
15.25,0.008508931591233794,0.008508931591233794
15.291666666666666,0.008550367091550446,0.008550367091550446
15.333333333333332,0.008591853293134562,0.008591853293134562
15.375,0.008633391026457462,0.008633391026457462
15.416666666666666,0.008674980697604287,0.008674980697604287
15.458333333333332,0.00871662243854225,0.00871662243854225
15.5,0.008758314561902708,0.008758314561902708
15.541666666666666,0.00880005745279811,0.00880005745279811
15.583333333333332,0.00884185068780033,0.00884185068780033
15.625,0.00888369107440331,0.00888369107440331
15.666666666666666,0.008925578828100574,0.008925578828100574
15.708333333333332,0.008967512103882923,0.008967512103882923
15.75,0.009009487610198624,0.009009487610198624
15.791666666666666,0.009051504558855195,0.009051504558855195
15.833333333333332,0.009093560006130288,0.009093560006130288
15.875,0.009135650972610333,0.009135650972610333
15.916666666666666,0.009177775691820484,0.009177775691820484
15.958333333333332,0.009219930513543605,0.009219930513543605
16.0,0.009262112726059524,0.009262112726059524
16.041666666666664,0.009304322403223368,0.009304322403223368
16.083333333333332,0.009346560216132239,0.009346560216132239
16.125,0.009388831063417478,0.009388831063417478
16.166666666666664,0.009431137263558709,0.009431137263558709
16.208333333333332,0.009473481233759606,0.009473481233759606
16.25,0.009515864943598575,0.009515864943598575
16.291666666666664,0.009558289719766506,0.009558289719766506
16.333333333333332,0.009600757072044996,0.009600757072044996
16.375,0.00964326747863344,0.00964326747863344
16.416666666666664,0.009685821934875823,0.009685821934875823
16.458333333333332,0.009728419831913132,0.009728419831913132
16.5,0.009771061301505329,0.009771061301505329
16.541666666666664,0.009813744353344164,0.009813744353344164
16.583333333333332,0.009856469383421475,0.009856469383421475
16.625,0.009899235151188273,0.009899235151188273
16.666666666666664,0.00994203873704594,0.00994203873704594
16.708333333333332,0.0099848800865909,0.0099848800865909
16.75,0.01002775656994964,0.01002775656994964
16.791666666666664,0.010070664701179403,0.010070664701179403
16.833333333333332,0.010113603505332603,0.010113603505332603
16.875,0.010156571060868914,0.010156571060868914
16.916666666666664,0.010199565051523068,0.010199565051523068
16.958333333333332,0.010242580484300334,0.010242580484300334
17.0,0.010285615968639845,0.010285615968639845
17.041666666666664,0.010328672067958596,0.010328672067958596
17.083333333333332,0.010371748789059321,0.010371748789059321
17.125,0.010414850896542562,0.010414850896542562
17.166666666666664,0.01045798067202252,0.01045798067202252
17.208333333333332,0.010501140533635307,0.010501140533635307
17.25,0.01054433282098912,0.01054433282098912
17.291666666666664,0.01058755836424167,0.01058755836424167
17.333333333333332,0.010630818816398234,0.010630818816398234
17.375,0.010674114977607344,0.010674114977607344
17.416666666666664,0.010717447222003566,0.010717447222003566
17.458333333333332,0.010760815912355217,0.010760815912355217
17.5,0.010804220425944236,0.010804220425944236
17.541666666666664,0.01084765996316249,0.01084765996316249
17.583333333333332,0.010891132997376398,0.010891132997376398
17.625,0.010934639660663853,0.010934639660663853
17.666666666666664,0.010978177688888835,0.010978177688888835
17.708333333333332,0.011021744847260909,0.011021744847260909
17.75,0.011065340686671482,0.011065340686671482
17.791666666666664,0.011108961746894986,0.011108961746894986
17.833333333333332,0.011152605072211668,0.011152605072211668
17.875,0.011196269392344771,0.011196269392344771
17.916666666666664,0.011239952668273179,0.011239952668273179
17.958333333333332,0.011283652742103783,0.011283652742103783
18.0,0.011327363956062373,0.011327363956062373
18.041666666666664,0.011371089179624096,0.011371089179624096
18.083333333333332,0.011414828186052422,0.011414828186052422
18.125,0.0114585855602377,0.0114585855602377
18.166666666666664,0.011502363599601521,0.011502363599601521
18.208333333333332,0.011546164791429035,0.011546164791429035
18.25,0.011589991617172923,0.011589991617172923
18.291666666666664,0.011633844696638815,0.011633844696638815
18.333333333333332,0.011677725644892476,0.011677725644892476
18.375,0.011721635535127043,0.011721635535127043
18.416666666666664,0.011765574299302963,0.011765574299302963
18.458333333333332,0.011809542903588287,0.011809542903588287
18.5,0.011853540269378154,0.011853540269378154
18.541666666666664,0.011897566534661307,0.011897566534661307
18.583333333333332,0.011941620154800386,0.011941620154800386
18.625,0.011985700348081456,0.011985700348081456
18.666666666666664,0.012029805285639239,0.012029805285639239
18.708333333333332,0.012073933443205972,0.012073933443205972
18.75,0.012118082412243217,0.012118082412243217
18.791666666666664,0.012162249914680918,0.012162249914680918
18.833333333333332,0.012206434182470914,0.012206434182470914
18.875,0.012250633287782307,0.012250633287782307
18.916666666666664,0.012294843516250787,0.012294843516250787
18.958333333333332,0.012339062450230205,0.012339062450230205
19.0,0.012383287820947619,0.012383287820947619
19.041666666666664,0.012427519316037978,0.012427519316037978
19.083333333333332,0.012471758431467542,0.012471758431467542
19.125,0.012516009160229059,0.012516009160229059
19.166666666666664,0.012560274267993193,0.012560274267993193
19.208333333333332,0.01260455640801801,0.01260455640801801
19.25,0.012648857982348265,0.012648857982348265
19.291666666666664,0.012693179680911123,0.012693179680911123
19.333333333333332,0.012737523169570407,0.012737523169570407
19.375,0.012781889163502924,0.012781889163502924
19.416666666666664,0.01282627801956424,0.01282627801956424
19.458333333333332,0.01287069033158329,0.01287069033158329
19.5,0.012915125278889168,0.012915125278889168
19.541666666666664,0.012959582630584965,0.012959582630584965
19.583333333333332,0.013004059936098385,0.013004059936098385
19.625,0.013048557650286651,0.013048557650286651
19.666666666666664,0.01309307539470854,0.01309307539470854
19.708333333333332,0.013137608134548166,0.013137608134548166
19.75,0.013182156360572725,0.013182156360572725
19.791666666666664,0.013226718876685003,0.013226718876685003
19.833333333333332,0.013271291848993248,0.013271291848993248
19.875,0.0133158726384376,0.0133158726384376
19.916666666666664,0.013360460016785015,0.013360460016785015
19.958333333333332,0.01340505104414467,0.01340505104414467
20.0,0.013449641453444976,0.013449641453444976
20.041666666666664,0.013494232487008805,0.013494232487008805
20.083333333333332,0.013538825412050062,0.013538825412050062
20.125,0.013583424173629175,0.013583424173629175
20.166666666666664,0.013628031480314084,0.013628031480314084
20.208333333333332,0.01367264989268138,0.01367264989268138
20.25,0.01371728206839524,0.01371728206839524
20.291666666666664,0.013761928590040431,0.013761928590040431
20.333333333333332,0.013806590983301378,0.013806590983301378
20.375,0.01385127015146444,0.01385127015146444
20.416666666666664,0.01389596633005919,0.01389596633005919
20.458333333333332,0.013940680066798983,0.013940680066798983
20.5,0.01398541098790069,0.01398541098790069
20.541666666666664,0.014030158550456716,0.014030158550456716
20.583333333333332,0.014074921456524623,0.014074921456524623
20.625,0.01411969783494562,0.01411969783494562
20.666666666666664,0.01416448782785869,0.01416448782785869
20.708333333333332,0.014209290293221332,0.014209290293221332
20.75,0.014254100451997327,0.014254100451997327
20.791666666666664,0.014298918665086726,0.014298918665086726
20.833333333333332,0.014343743515318079,0.014343743515318079
20.875,0.014388570479886518,0.014388570479886518
20.916666666666664,0.014433397529747465,0.014433397529747465
20.958333333333332,0.014478223056767565,0.014478223056767565
21.0,0.014523043899665985,0.014523043899665985
21.041666666666664,0.014567858892639965,0.014567858892639965
21.083333333333332,0.014612670675584546,0.014612670675584546
21.125,0.014657483084752296,0.014657483084752296
21.166666666666664,0.014702298721162087,0.014702298721162087
21.208333333333332,0.01474712012042131,0.01474712012042131
21.25,0.01479194975038531,0.01479194975038531
21.291666666666664,0.014836788937401863,0.014836788937401863
21.333333333333332,0.014881638420045763,0.014881638420045763
21.375,0.014926499434375825,0.014926499434375825
21.416666666666664,0.014971372475375585,0.014971372475375585
21.458333333333332,0.015016257352282222,0.015016257352282222
21.5,0.015061154780641786,0.015061154780641786
21.541666666666664,0.015106063088235045,0.015106063088235045
21.583333333333332,0.01515098255870377,0.01515098255870377
21.625,0.0151959103648718,0.0151959103648718
21.666666666666664,0.015240845682890617,0.015240845682890617
21.708333333333332,0.015285788151523049,0.015285788151523049
21.75,0.01533073568485132,0.01533073568485132
21.791666666666664,0.015375684183516595,0.015375684183516595
21.833333333333332,0.015420633624211304,0.015420633624211304
21.875,0.015465582430937238,0.015465582430937238
21.916666666666664,0.015510525350726681,0.015510525350726681
21.958333333333332,0.015555461089843894,0.015555461089843894
22.0,0.015600387617429832,0.015600387617429832
22.041666666666664,0.015645303589899795,0.015645303589899795
22.083333333333332,0.01569021178087317,0.01569021178087317
22.125,0.0157351158232537,0.0157351158232537
22.166666666666664,0.01578001824572425,0.01578001824572425
22.208333333333332,0.01582492158674385,0.01582492158674385
22.25,0.015869828158874444,0.015869828158874444
22.291666666666664,0.015914739867823338,0.015914739867823338
22.333333333333332,0.01595965698480419,0.01595965698480419
22.375,0.01600458080177628,0.01600458080177628
22.416666666666664,0.01604951192629248,0.01604951192629248
22.458333333333332,0.016094450143792984,0.016094450143792984
22.5,0.016139395688436607,0.016139395688436607
22.541666666666664,0.016184348312542993,0.016184348312542993
22.583333333333332,0.016229306489510754,0.016229306489510754
22.625,0.01627427025639357,0.01627427025639357
22.666666666666664,0.016319236884511437,0.016319236884511437
22.708333333333332,0.0163642058477342,0.0163642058477342
22.75,0.016409174812038404,0.016409174812038404
22.791666666666664,0.016454141690866383,0.016454141690866383
22.833333333333332,0.016499104480154476,0.016499104480154476
22.875,0.016544059743302236,0.016544059743302236
22.916666666666664,0.016589005667221535,0.016589005667221535
22.958333333333332,0.01663393997977629,0.01663393997977629
23.0,0.016678860446141183,0.016678860446141183
23.041666666666664,0.016723764976405684,0.016723764976405684
23.083333333333332,0.0167686576483111,0.0167686576483111
23.125,0.01681354187164878,0.01681354187164878
23.166666666666664,0.016858420120989384,0.016858420120989384
23.208333333333332,0.016903294946634284,0.016903294946634284
23.25,0.016948168580636608,0.016948168580636608
23.291666666666664,0.016993043248774393,0.016993043248774393
23.333333333333332,0.017037919139843694,0.017037919139843694
23.375,0.017082797189108784,0.017082797189108784
23.416666666666664,0.01712767817058401,0.01712767817058401
23.458333333333332,0.017172562387890684,0.017172562387890684
23.5,0.01721744908030924,0.01721744908030924
23.541666666666664,0.017262338901465987,0.017262338901465987
23.583333333333332,0.017307230111213427,0.017307230111213427
23.625,0.017352122083746774,0.017352122083746774
23.666666666666664,0.017397013914218547,0.017397013914218547
23.708333333333332,0.0174419029468563,0.0174419029468563
23.75,0.017486788517658277,0.017486788517658277
23.791666666666664,0.017531667658762413,0.017531667658762413
23.833333333333332,0.01757653859938604,0.01757653859938604
23.875,0.01762139898152469,0.01762139898152469
23.916666666666664,0.017666245321555037,0.017666245321555037
23.958333333333332,0.017711075690629574,0.017711075690629574
24.0,0.017755887685365738,0.017755887685365738
24.041666666666664,0.017800680125374328,0.017800680125374328
24.083333333333332,0.01784545702158064,0.01784545702158064
24.125,0.017890221542376433,0.017890221542376433
24.166666666666664,0.017934976134223145,0.017934976134223145
24.208333333333332,0.017979723370511184,0.017979723370511184
24.25,0.01802446552694812,0.01802446552694812
24.291666666666664,0.01806920472258223,0.01806920472258223
24.333333333333332,0.0181139414673567,0.0181139414673567
24.375,0.01815867630820703,0.01815867630820703
24.416666666666664,0.018203410082529743,0.018203410082529743
24.458333333333332,0.018248143299025757,0.018248143299025757
24.5,0.018292875184908585,0.018292875184908585
24.541666666666664,0.0183376057380206,0.0183376057380206
24.583333333333332,0.018382334871993533,0.018382334871993533
24.625,0.018427060072590613,0.018427060072590613
24.666666666666664,0.018471781454484297,0.018471781454484297
24.708333333333332,0.018516496901249055,0.018516496901249055
24.75,0.01856120426998893,0.01856120426998893
24.791666666666664,0.018605902564307757,0.018605902564307757
24.833333333333332,0.018650588219017054,0.018650588219017054
24.875,0.01869525984975328,0.01869525984975328
24.916666666666664,0.018739914693137294,0.018739914693137294
24.958333333333332,0.01878454928321312,0.01878454928321312
25.0,0.018829161569271228,0.018829161569271228
25.041666666666664,0.018873750477127405,0.018873750477127405
25.083333333333332,0.018918320536566245,0.018918320536566245
25.125,0.018962874663584893,0.018962874663584893
25.166666666666664,0.01900741530341238,0.01900741530341238
25.208333333333332,0.019051945119311103,0.019051945119311103
25.25,0.019096466485460623,0.019096466485460623
25.291666666666664,0.019140980814432655,0.019140980814432655
25.333333333333332,0.019185489584710093,0.019185489584710093
25.375,0.019229992924721113,0.019229992924721113
25.416666666666664,0.019274491538000618,0.019274491538000618
25.458333333333332,0.019318985882868477,0.019318985882868477
25.5,0.019363476006085314,0.019363476006085314
25.541666666666664,0.019407960617754474,0.019407960617754474
25.583333333333332,0.019452440296027662,0.019452440296027662
25.625,0.019496913404194696,0.019496913404194696
25.666666666666664,0.01954137828880547,0.01954137828880547
25.708333333333332,0.019585834712648176,0.019585834712648176
25.75,0.0196302792740556,0.0196302792740556
25.791666666666664,0.019674710916136266,0.019674710916136266
25.833333333333332,0.019719127847123073,0.019719127847123073
25.875,0.019763526525337034,0.019763526525337034
25.916666666666664,0.019807905461960637,0.019807905461960637
25.958333333333332,0.019852261604846953,0.019852261604846953
26.0,0.0198965915862199,0.0198965915862199
26.041666666666664,0.019940894445063737,0.019940894445063737
26.083333333333332,0.01998517550445032,0.01998517550445032
26.125,0.020029437423547878,0.020029437423547878
26.166666666666664,0.020073682673875864,0.020073682673875864
26.208333333333332,0.02011791426445578,0.02011791426445578
26.25,0.020162133777677223,0.020162133777677223
26.291666666666664,0.020206342984208286,0.020206342984208286
26.333333333333332,0.020250543718312305,0.020250543718312305
26.375,0.02029473595493839,0.02029473595493839
26.416666666666664,0.020338920147784427,0.020338920147784427
26.458333333333332,0.020383096748973144,0.020383096748973144
26.5,0.02042726619815909,0.02042726619815909
26.541666666666664,0.020471427025689354,0.020471427025689354
26.583333333333332,0.020515579193342837,0.020515579193342837
26.625,0.020559722721240126,0.020559722721240126
26.666666666666664,0.020603854154766798,0.020603854154766798
26.708333333333332,0.02064797363664557,0.02064797363664557
26.75,0.020692079700161754,0.020692079700161754
26.791666666666664,0.020736168766126446,0.020736168766126446
26.833333333333332,0.02078024006155227,0.02078024006155227
26.875,0.020824291091395424,0.020824291091395424
26.916666666666664,0.020868318564169788,0.020868318564169788
26.958333333333332,0.020912320820105947,0.020912320820105947
27.0,0.02095629447065857,0.02095629447065857
27.041666666666664,0.021000237129781392,0.021000237129781392
27.083333333333332,0.02104415536249926,0.02104415536249926
27.125,0.021088051572441813,0.021088051572441813
27.166666666666664,0.021131928401291928,0.021131928401291928
27.208333333333332,0.021175788765220246,0.021175788765220246
27.25,0.021219633946366223,0.021219633946366223
27.291666666666664,0.02126346596509659,0.02126346596509659
27.333333333333332,0.021307286791156812,0.021307286791156812
27.375,0.02135109636975229,0.02135109636975229
27.416666666666664,0.021394895071677883,0.021394895071677883
27.458333333333332,0.02143868314664512,0.02143868314664512
27.5,0.021482461017600162,0.021482461017600162
27.541666666666664,0.021526228272437626,0.021526228272437626
27.583333333333332,0.021569983249148602,0.021569983249148602
27.625,0.021613726455291863,0.021613726455291863
27.666666666666664,0.02165745627900094,0.02165745627900094
27.708333333333332,0.021701170184742727,0.021701170184742727
27.75,0.02174486799309257,0.02174486799309257
27.791666666666664,0.02178854709299866,0.02178854709299866
27.833333333333332,0.021832204747275128,0.021832204747275128
27.875,0.02187583984204841,0.02187583984204841
27.916666666666664,0.021919449146192378,0.021919449146192378
27.958333333333332,0.02196302991601719,0.02196302991601719
28.0,0.022006580221691493,0.022006580221691493
28.041666666666664,0.022050096320328533,0.022050096320328533
28.083333333333332,0.022093585660431136,0.022093585660431136
28.125,0.022137050396272197,0.022137050396272197
28.166666666666664,0.02218049354188633,0.02218049354188633
28.208333333333332,0.02222391730351957,0.02222391730351957
28.25,0.02226732333489227,0.02226732333489227
28.291666666666664,0.022310713821637573,0.022310713821637573
28.333333333333332,0.022354090369249784,0.022354090369249784
28.375,0.022397453321285437,0.022397453321285437
28.416666666666664,0.022440802947265696,0.022440802947265696
28.458333333333332,0.02248413924672998,0.02248413924672998
28.5,0.02252746260218257,0.02252746260218257
28.541666666666664,0.02257077332205763,0.02257077332205763
28.583333333333332,0.0226140689701015,0.0226140689701015
28.625,0.022657349877591992,0.022657349877591992
28.666666666666664,0.022700615819163838,0.022700615819163838
28.708333333333332,0.022743862979122977,0.022743862979122977
28.75,0.02278709107778954,0.02278709107778954
28.791666666666664,0.02283029909760294,0.02283029909760294
28.833333333333332,0.022873482803413305,0.022873482803413305
28.875,0.022916641111483265,0.022916641111483265
28.916666666666664,0.022959772257226115,0.022959772257226115
28.958333333333332,0.02300287205504594,0.02300287205504594
29.0,0.023045938695329216,0.023045938695329216
29.041666666666664,0.02308896905520994,0.02308896905520994
29.083333333333332,0.023131970593808948,0.023131970593808948
29.125,0.023174945226329405,0.023174945226329405
29.166666666666664,0.02321789631578597,0.02321789631578597
29.208333333333332,0.02326082541428162,0.02326082541428162
29.25,0.02330373454583705,0.02330373454583705
29.291666666666664,0.02334662620184543,0.02334662620184543
29.333333333333332,0.023389501102713,0.023389501102713
29.375,0.023432360462422284,0.023432360462422284
29.416666666666664,0.02347520428006555,0.02347520428006555
29.458333333333332,0.023518032575060424,0.023518032575060424
29.5,0.023560845389723556,0.023560845389723556
29.541666666666664,0.023603643083430735,0.023603643083430735
29.583333333333332,0.023646424525283163,0.023646424525283163
29.625,0.023689188042087424,0.023689188042087424
29.666666666666664,0.023731934000219435,0.023731934000219435
29.708333333333332,0.023774660641458494,0.023774660641458494
29.75,0.023817364806874547,0.023817364806874547
29.791666666666664,0.02386004634509478,0.02386004634509478
29.833333333333332,0.023902703129823465,0.023902703129823465
29.875,0.023945331238329887,0.023945331238329887
29.916666666666664,0.023987929746839397,0.023987929746839397
29.958333333333332,0.02403049623473901,0.02403049623473901
30.0,0.02407302657690913,0.02407302657690913
30.041666666666664,0.024115518566157883,0.024115518566157883
30.083333333333332,0.02415797992304925,0.02415797992304925
30.125,0.02420041233742898,0.02420041233742898
30.166666666666664,0.024242819494815358,0.024242819494815358
30.208333333333332,0.024285202353438815,0.024285202353438815
30.25,0.02432756333515539,0.02432756333515539
30.291666666666664,0.024369905004207354,0.024369905004207354
30.333333333333332,0.024412227575371693,0.024412227575371693
30.375,0.024454532795634313,0.024454532795634313
30.416666666666664,0.024496820512190397,0.024496820512190397
30.458333333333332,0.024539090867832118,0.024539090867832118
30.5,0.024581343462528143,0.024581343462528143
30.541666666666664,0.024623578741509184,0.024623578741509184
30.583333333333332,0.02466579662739912,0.02466579662739912
30.625,0.024707993928312362,0.024707993928312362
30.666666666666664,0.024750171396682844,0.024750171396682844
30.708333333333332,0.024792328487299498,0.024792328487299498
30.75,0.024834460914896047,0.024834460914896047
30.791666666666664,0.024876568271245774,0.024876568271245774
30.833333333333332,0.024918649414424843,0.024918649414424843
30.875,0.024960700580124836,0.024960700580124836
30.916666666666664,0.025002719493888267,0.025002719493888267
30.958333333333332,0.025044704631347184,0.025044704631347184
31.0,0.025086652702959258,0.025086652702959258
31.041666666666664,0.02512855983536491,0.02512855983536491
31.083333333333332,0.02517043478869253,0.02517043478869253
31.125,0.025212279033294135,0.025212279033294135
31.166666666666664,0.025254096378672094,0.025254096378672094
31.208333333333332,0.02529588748933645,0.02529588748933645
31.25,0.025337655379771347,0.025337655379771347
31.291666666666664,0.025379401676803783,0.025379401676803783
31.333333333333332,0.025421127221048147,0.025421127221048147
31.375,0.025462833747040076,0.025462833747040076
31.416666666666664,0.025504521043169644,0.025504521043169644
31.458333333333332,0.02554618940994512,0.02554618940994512
31.5,0.025587838047896716,0.025587838047896716
31.541666666666664,0.025629467417063144,0.025629467417063144
31.583333333333332,0.02567107762848266,0.02567107762848266
31.625,0.025712666375781786,0.025712666375781786
31.666666666666664,0.02575423265755202,0.02575423265755202
31.708333333333332,0.02579577649728251,0.02579577649728251
31.75,0.02583729570162382,0.02583729570162382
31.791666666666664,0.025878786907699156,0.025878786907699156
31.833333333333332,0.0259202499023172,0.0259202499023172
31.875,0.02596168275411642,0.02596168275411642
31.916666666666664,0.026003080778394676,0.026003080778394676
31.958333333333332,0.02604444314836879,0.02604444314836879
32.0,0.02608576771619449,0.02608576771619449
32.041666666666664,0.026127049214193933,0.026127049214193933
32.08333333333333,0.02616829720515059,0.02616829720515059
32.125,0.026209513038892834,0.026209513038892834
32.166666666666664,0.026250700322836284,0.026250700322836284
32.20833333333333,0.026291859806240957,0.026291859806240957
32.25,0.026332994888718087,0.026332994888718087
32.291666666666664,0.0263741064030167,0.0263741064030167
32.33333333333333,0.026415195770396863,0.026415195770396863
32.375,0.026456264598867126,0.026456264598867126
32.416666666666664,0.02649731268787189,0.02649731268787189
32.45833333333333,0.026538340314165604,0.026538340314165604
32.5,0.026579346919340184,0.026579346919340184
32.541666666666664,0.026620332338917366,0.026620332338917366
32.58333333333333,0.02666129686081092,0.02666129686081092
32.625,0.026702239468877294,0.026702239468877294
32.666666666666664,0.02674315724364301,0.02674315724364301
32.70833333333333,0.026784050784901904,0.026784050784901904
32.75,0.026824919387493734,0.026824919387493734
32.791666666666664,0.026865757805676148,0.026865757805676148
32.83333333333333,0.026906566269067646,0.026906566269067646
32.875,0.026947343271469644,0.026947343271469644
32.916666666666664,0.026988085108235145,0.026988085108235145
32.95833333333333,0.027028788936549527,0.027028788936549527
33.0,0.027069453294149285,0.027069453294149285
33.041666666666664,0.027110073685308187,0.027110073685308187
33.08333333333333,0.027150659427230314,0.027150659427230314
33.125,0.027191211762158777,0.027191211762158777
33.166666666666664,0.027231734098862048,0.027231734098862048
33.20833333333333,0.02727222729676517,0.02727222729676517
33.25,0.027312695058177322,0.027312695058177322
33.291666666666664,0.02735313755741194,0.02735313755741194
33.33333333333333,0.02739355694821242,0.02739355694821242
33.375,0.02743395400786078,0.02743395400786078
33.416666666666664,0.02747432922556022,0.02747432922556022
33.45833333333333,0.027514682645886086,0.027514682645886086
33.5,0.027555014004681317,0.027555014004681317
33.541666666666664,0.02759532248198483,0.02759532248198483
33.58333333333333,0.02763560854994333,0.02763560854994333
33.625,0.027675872177011538,0.027675872177011538
33.666666666666664,0.02771610914995571,0.02771610914995571
33.70833333333333,0.027756320292087504,0.027756320292087504
33.75,0.027796504880373645,0.027796504880373645
33.791666666666664,0.027836659838573724,0.027836659838573724
33.83333333333333,0.027876782266489118,0.027876782266489118
33.875,0.027916871697269672,0.027916871697269672
33.916666666666664,0.027956926099096217,0.027956926099096217
33.95833333333333,0.027996940431531708,0.027996940431531708
34.0,0.02803691387933732,0.02803691387933732
34.041666666666664,0.02807684242566656,0.02807684242566656
34.08333333333333,0.028116735354971358,0.028116735354971358
34.125,0.028156593814475873,0.028156593814475873
34.166666666666664,0.028196421019966434,0.028196421019966434
34.20833333333333,0.028236217962504882,0.028236217962504882
34.25,0.028275988570128172,0.028275988570128172
34.291666666666664,0.028315732484393952,0.028315732484393952
34.33333333333333,0.02835545245460793,0.02835545245460793
34.375,0.02839514859634189,0.02839514859634189
34.416666666666664,0.028434821908499944,0.028434821908499944
34.45833333333333,0.028474472275409574,0.028474472275409574
34.5,0.02851409975054871,0.02851409975054871
34.541666666666664,0.02855370287035868,0.02855370287035868
34.58333333333333,0.028593282281733908,0.028593282281733908
34.625,0.02863283790092159,0.02863283790092159
34.666666666666664,0.02867236705767194,0.02867236705767194
34.70833333333333,0.02871186820488712,0.02871186820488712
34.75,0.02875134141638817,0.02875134141638817
34.791666666666664,0.028790785249015502,0.028790785249015502
34.83333333333333,0.02883019459264417,0.02883019459264417
34.875,0.028869569639245522,0.028869569639245522
34.916666666666664,0.0289089087220397,0.0289089087220397
34.95833333333333,0.02894820775173342,0.02894820775173342
35.0,0.028987463979090987,0.028987463979090987
35.041666666666664,0.029026674386930573,0.029026674386930573
35.08333333333333,0.029065848369914184,0.029065848369914184
35.125,0.029104986992249924,0.029104986992249924
35.166666666666664,0.02914409328445014,0.02914409328445014
35.20833333333333,0.02918316868509191,0.02918316868509191
35.25,0.029222216382407715,0.029222216382407715
35.291666666666664,0.02926123649502721,0.02926123649502721
35.33333333333333,0.02930023193111202,0.02930023193111202
35.375,0.029339202331022204,0.029339202331022204
35.416666666666664,0.029378149017334324,0.029378149017334324
35.45833333333333,0.029417071783181106,0.029417071783181106
35.5,0.029455970841898837,0.029455970841898837
35.541666666666664,0.029494844606777513,0.029494844606777513
35.58333333333333,0.029533693399670956,0.029533693399670956
35.625,0.029572517247921717,0.029572517247921717
35.666666666666664,0.029611314764828395,0.029611314764828395
35.70833333333333,0.02965008250462682,0.02965008250462682
35.75,0.029688821139587873,0.029688821139587873
35.791666666666664,0.02972752976683429,0.02972752976683429
35.83333333333333,0.0297662037642685,0.0297662037642685
35.875,0.0298048417255747,0.0298048417255747
35.916666666666664,0.02984344257786936,0.02984344257786936
35.95833333333333,0.029882003843853297,0.029882003843853297
36.0,0.029920520608834173,0.029920520608834173
36.041666666666664,0.02995899069151552,0.02995899069151552
36.08333333333333,0.029997423687150828,0.029997423687150828
36.125,0.030035820588278507,0.030035820588278507
36.166666666666664,0.030074184249501708,0.030074184249501708
36.20833333333333,0.030112516548223577,0.030112516548223577
36.25,0.03015081993666302,0.03015081993666302
36.291666666666664,0.03018909504656456,0.03018909504656456
36.33333333333333,0.03022734484542228,0.03022734484542228
36.375,0.0302655686529228,0.0302655686529228
36.416666666666664,0.030303767969935086,0.030303767969935086
36.45833333333333,0.03034194254999293,0.03034194254999293
36.5,0.030380092587697093,0.030380092587697093
36.541666666666664,0.030418216930077308,0.030418216930077308
36.58333333333333,0.030456315049762157,0.030456315049762157
36.625,0.030494387254287155,0.030494387254287155
36.666666666666664,0.03053243320903199,0.03053243320903199
36.70833333333333,0.030570447982941007,0.030570447982941007
36.75,0.03060843267610258,0.03060843267610258
36.791666666666664,0.030646386329512887,0.030646386329512887
36.83333333333333,0.030684306116066196,0.030684306116066196
36.875,0.030722188078756603,0.030722188078756603
36.916666666666664,0.030760031984912478,0.030760031984912478
36.95833333333333,0.030797836055040665,0.030797836055040665
37.0,0.03083559528890178,0.03083559528890178
37.041666666666664,0.03087330663413075,0.03087330663413075
37.08333333333333,0.03091098036246902,0.03091098036246902
37.125,0.03094861740542281,0.03094861740542281
37.166666666666664,0.030986220452283792,0.030986220452283792
37.20833333333333,0.03102379178883635,0.03102379178883635
37.25,0.03106133319692486,0.03106133319692486
37.291666666666664,0.031098846044910446,0.031098846044910446
37.33333333333333,0.031136332533177907,0.031136332533177907
37.375,0.031173792548007548,0.031173792548007548
37.416666666666664,0.03121122740407825,0.03121122740407825
37.45833333333333,0.031248636852348473,0.031248636852348473
37.5,0.031286021069796194,0.031286021069796194
37.541666666666664,0.03132337933607083,0.03132337933607083
37.58333333333333,0.031360710315575996,0.031360710315575996
37.625,0.03139801457551937,0.03139801457551937
37.666666666666664,0.03143529189580142,0.03143529189580142
37.70833333333333,0.031472538419738544,0.031472538419738544
37.75,0.031509753327619024,0.031509753327619024
37.791666666666664,0.031546936343170066,0.031546936343170066
37.83333333333333,0.031584086025326884,0.031584086025326884
37.875,0.03162119655610698,0.03162119655610698
37.916666666666664,0.031658268260846674,0.031658268260846674
37.95833333333333,0.03169529931095551,0.03169529931095551
38.0,0.03173228633571752,0.03173228633571752
38.041666666666664,0.031769223992077905,0.031769223992077905
38.08333333333333,0.03180612362191187,0.03180612362191187
38.125,0.03184298610559285,0.03184298610559285
38.166666666666664,0.031879813978530985,0.031879813978530985
38.20833333333333,0.031916609904531136,0.031916609904531136
38.25,0.03195337505797402,0.03195337505797402
38.291666666666664,0.03199011149640288,0.03199011149640288
38.33333333333333,0.03202682064679213,0.03202682064679213
38.375,0.03206350308037868,0.03206350308037868
38.416666666666664,0.03210015966695415,0.03210015966695415
38.45833333333333,0.03213679037256002,0.03213679037256002
38.5,0.03217339529342609,0.03217339529342609
38.541666666666664,0.032209974127661016,0.032209974127661016
38.58333333333333,0.03224652478895905,0.03224652478895905
38.625,0.032283048077752674,0.032283048077752674
38.666666666666664,0.03231954373457914,0.03231954373457914
38.70833333333333,0.03235600921425533,0.03235600921425533
38.75,0.032392441722792154,0.032392441722792154
38.791666666666664,0.032428841648969774,0.032428841648969774
38.83333333333333,0.03246520793413644,0.03246520793413644
38.875,0.03250153546170788,0.03250153546170788
38.916666666666664,0.032537822884024875,0.032537822884024875
38.95833333333333,0.032574068997554384,0.032574068997554384
39.0,0.032610271635436165,0.032610271635436165
39.041666666666664,0.03264642381651489,0.03264642381651489
39.08333333333333,0.03268253767876426,0.03268253767876426
39.125,0.0327186140483177,0.0327186140483177
39.166666666666664,0.032754655322695,0.032754655322695
39.20833333333333,0.032790664513968115,0.032790664513968115
39.25,0.032826642248558954,0.032826642248558954
39.291666666666664,0.03286259119158831,0.03286259119158831
39.33333333333333,0.03289851210167686,0.03289851210167686
39.375,0.03293440620468105,0.03293440620468105
39.416666666666664,0.03297027380392632,0.03297027380392632
39.45833333333333,0.03300611520883494,0.03300611520883494
39.5,0.03304193039832105,0.03304193039832105
39.541666666666664,0.03307771946619014,0.03307771946619014
39.58333333333333,0.033113479642322724,0.033113479642322724
39.625,0.033149211930933356,0.033149211930933356
39.666666666666664,0.033184916035889925,0.033184916035889925
39.70833333333333,0.03322059051851631,0.03322059051851631
39.75,0.03325623097099194,0.03325623097099194
39.791666666666664,0.03329183829814963,0.03329183829814963
39.83333333333333,0.033327411397141106,0.033327411397141106
39.875,0.03336294676068269,0.03336294676068269
39.916666666666664,0.033398440727234434,0.033398440727234434
39.95833333333333,0.03343389287876126,0.03343389287876126
40.0,0.03346930130082192,0.03346930130082192
40.041666666666664,0.03350465913709832,0.03350465913709832
40.08333333333333,0.0335399785504454,0.0335399785504454
40.125,0.03357526018254111,0.03357526018254111
40.166666666666664,0.03361050635138194,0.03361050635138194
40.20833333333333,0.033645720388756545,0.033645720388756545
40.25,0.03368090242884364,0.03368090242884364
40.291666666666664,0.03371605566980872,0.03371605566980872
40.33333333333333,0.033751180296268356,0.033751180296268356
40.375,0.03378627808216825,0.03378627808216825
40.416666666666664,0.03382134889045247,0.03382134889045247
40.45833333333333,0.03385639325983603,0.03385639325983603
40.5,0.03389141109364045,0.03389141109364045
40.541666666666664,0.033926402522059834,0.033926402522059834
40.58333333333333,0.03396136515655468,0.03396136515655468
40.625,0.03399629918075264,0.03399629918075264
40.666666666666664,0.034031204595757085,0.034031204595757085
40.70833333333333,0.03406608089095601,0.03406608089095601
40.75,0.03410092235430711,0.03410092235430711
40.791666666666664,0.03413573028083211,0.03413573028083211
40.83333333333333,0.03417050352690448,0.03417050352690448
40.875,0.034205239877948816,0.034205239877948816
40.916666666666664,0.03423993388865016,0.03423993388865016
40.95833333333333,0.0342745857099136,0.0342745857099136
41.0,0.03430919338982818,0.03430919338982818
41.041666666666664,0.03434375066192103,0.03434375066192103
41.08333333333333,0.0343782694897842,0.0343782694897842
41.125,0.03441275034725801,0.03441275034725801
41.166666666666664,0.03444719522261607,0.03444719522261607
41.20833333333333,0.034481606794001154,0.034481606794001154
41.25,0.03451598713745597,0.03451598713745597
41.291666666666664,0.03455033729140927,0.03455033729140927
41.33333333333333,0.034584659464770774,0.034584659464770774
41.375,0.03461895507243445,0.03461895507243445
41.416666666666664,0.03465322454652641,0.03465322454652641
41.45833333333333,0.03468746910208342,0.03468746910208342
41.5,0.03472168545525895,0.03472168545525895
41.541666666666664,0.034755875088532076,0.034755875088532076
41.58333333333333,0.034790038680702566,0.034790038680702566
41.625,0.03482417527129296,0.03482417527129296
41.666666666666664,0.03485828002829222,0.03485828002829222
41.70833333333333,0.034892354970148844,0.034892354970148844
41.75,0.03492639954526805,0.03492639954526805
41.791666666666664,0.03496040978545976,0.03496040978545976
41.83333333333333,0.034994382706827865,0.034994382706827865
41.875,0.035028318286656486,0.035028318286656486
41.916666666666664,0.03506221496464713,0.03506221496464713
41.95833333333333,0.035096066940606005,0.035096066940606005
42.0,0.03512987331303675,0.03512987331303675
42.041666666666664,0.035163629290607804,0.035163629290607804
42.08333333333333,0.035197346604790035,0.035197346604790035
42.125,0.03523102557369396,0.03523102557369396
42.166666666666664,0.03526466820759847,0.03526466820759847
42.20833333333333,0.035298277333589145,0.035298277333589145
42.25,0.035331854728583655,0.035331854728583655
42.291666666666664,0.03536540176786287,0.03536540176786287
42.33333333333333,0.03539892032382207,0.03539892032382207
42.375,0.03543241202089102,0.03543241202089102
42.416666666666664,0.03546587738924635,0.03546587738924635
42.45833333333333,0.03549931736329275,0.03549931736329275
42.5,0.03553272969475686,0.03553272969475686
42.541666666666664,0.03556611440440831,0.03556611440440831
42.58333333333333,0.035599472602750204,0.035599472602750204
42.625,0.03563280454683079,0.03563280454683079
42.666666666666664,0.035666103761983564,0.035666103761983564
42.70833333333333,0.035699372764745815,0.035699372764745815
42.75,0.03573261096302239,0.03573261096302239
42.791666666666664,0.03576581606473345,0.03576581606473345
42.83333333333333,0.03579898276433798,0.03579898276433798
42.875,0.035832111806743526,0.035832111806743526
42.916666666666664,0.035865201593921536,0.035865201593921536
42.95833333333333,0.0358982480333263,0.0358982480333263
43.0,0.035931247786834666,0.035931247786834666
43.041666666666664,0.03596419712717969,0.03596419712717969
43.08333333333333,0.03599710786987537,0.03599710786987537
43.125,0.03602998019760724,0.03602998019760724
43.166666666666664,0.036062816141129585,0.036062816141129585
43.20833333333333,0.036095618650145586,0.036095618650145586
43.25,0.03612838922737655,0.03612838922737655
43.291666666666664,0.03616112954040134,0.03616112954040134
43.33333333333333,0.03619384116114211,0.03619384116114211
43.375,0.03622652587370847,0.03622652587370847
43.416666666666664,0.03625918429759189,0.03625918429759189
43.45833333333333,0.036291817108669834,0.036291817108669834
43.5,0.036324422967695294,0.036324422967695294
43.541666666666664,0.03635700062918579,0.03635700062918579
43.58333333333333,0.036389551537763694,0.036389551537763694
43.625,0.036422076141877306,0.036422076141877306
43.666666666666664,0.03645456911622772,0.03645456911622772
43.70833333333333,0.036487030868691546,0.036487030868691546
43.75,0.03651946158274316,0.03651946158274316
43.791666666666664,0.03655186033435823,0.03655186033435823
43.83333333333333,0.03658422000452973,0.03658422000452973
43.875,0.03661654188696454,0.03661654188696454
43.916666666666664,0.03664882434259266,0.03664882434259266
43.95833333333333,0.03668106464237477,0.03668106464237477
44.0,0.0367132575851551,0.0367132575851551
44.041666666666664,0.03674540020878932,0.03674540020878932
44.08333333333333,0.036777504415302475,0.036777504415302475
44.125,0.0368095702682852,0.0368095702682852
44.166666666666664,0.03684159982055946,0.03684159982055946
44.20833333333333,0.036873596125849124,0.036873596125849124
44.25,0.03690556044337874,0.03690556044337874
44.291666666666664,0.036937494693819,0.036937494693819
44.33333333333333,0.03696940019087117,0.03696940019087117
44.375,0.03700127883925606,0.03700127883925606
44.416666666666664,0.03703313134473754,0.03703313134473754
44.45833333333333,0.037064958152776696,0.037064958152776696
44.5,0.037096758715188055,0.037096758715188055
44.541666666666664,0.037128530710320386,0.037128530710320386
44.58333333333333,0.03716027583367467,0.03716027583367467
44.625,0.03719199448727619,0.03719199448727619
44.666666666666664,0.037223682962017786,0.037223682962017786
44.70833333333333,0.037255339262023256,0.037255339262023256
44.75,0.03728696440666612,0.03728696440666612
44.791666666666664,0.03731855771410039,0.03731855771410039
44.83333333333333,0.03735011326658948,0.03735011326658948
44.875,0.037381630150306586,0.037381630150306586
44.916666666666664,0.03741310754540993,0.03741310754540993
44.95833333333333,0.03744454377290767,0.03744454377290767
45.0,0.03747593231294679,0.03747593231294679
45.041666666666664,0.03750727066594277,0.03750727066594277
45.08333333333333,0.03753857084431306,0.03753857084431306
45.125,0.037569832807273114,0.037569832807273114
45.166666666666664,0.03760105866139756,0.03760105866139756
45.20833333333333,0.037632251461580335,0.037632251461580335
45.25,0.03766341234114745,0.03766341234114745
45.291666666666664,0.03769454341040896,0.03769454341040896
45.33333333333333,0.03772564576415726,0.03772564576415726
45.375,0.03775672139675493,0.03775672139675493
45.416666666666664,0.037787771097365294,0.037787771097365294
45.45833333333333,0.03781879510961038,0.03781879510961038
45.5,0.03784979356898899,0.03784979356898899
45.541666666666664,0.03788076325165495,0.03788076325165495
45.58333333333333,0.03791170603189204,0.03791170603189204
45.625,0.03794262226745181,0.03794262226745181
45.666666666666664,0.037973509645702806,0.037973509645702806
45.70833333333333,0.03800436413697526,0.03800436413697526
45.75,0.03803518744393436,0.03803518744393436
45.791666666666664,0.038065978842545964,0.038065978842545964
45.83333333333333,0.03809673415695767,0.03809673415695767
45.875,0.03812744994619401,0.03812744994619401
45.916666666666664,0.038158126270093025,0.038158126270093025
45.95833333333333,0.038188761412050264,0.038188761412050264
46.0,0.0382193504606467,0.0382193504606467
46.041666666666664,0.03824988865822396,0.03824988865822396
46.08333333333333,0.03828038896902377,0.03828038896902377
46.125,0.03831085126172225,0.03831085126172225
46.166666666666664,0.03834127776582859,0.03834127776582859
46.20833333333333,0.03837167132419139,0.03837167132419139
46.25,0.03840203317160386,0.03840203317160386
46.291666666666664,0.03843236551138652,0.03843236551138652
46.33333333333333,0.03846266925386383,0.03846266925386383
46.375,0.03849294645817903,0.03849294645817903
46.416666666666664,0.03852319799309821,0.03852319799309821
46.45833333333333,0.038553423927420415,0.038553423927420415
46.5,0.03858362498361575,0.03858362498361575
46.541666666666664,0.03861379719140746,0.03861379719140746
46.58333333333333,0.038643942541206754,0.038643942541206754
46.625,0.03867406134907059,0.03867406134907059
46.666666666666664,0.03870415250629322,0.03870415250629322
46.70833333333333,0.038734210270708336,0.038734210270708336
46.75,0.03876423689800509,0.03876423689800509
46.791666666666664,0.038794231624562525,0.038794231624562525
46.83333333333333,0.03882419174079246,0.03882419174079246
46.875,0.03885411174005302,0.03885411174005302
46.916666666666664,0.03888399237148944,0.03888399237148944
46.95833333333333,0.03891383188336881,0.03891383188336881
47.0,0.03894362668238134,0.03894362668238134
47.041666666666664,0.038973370217243064,0.038973370217243064
47.08333333333333,0.039003076192154366,0.039003076192154366
47.125,0.039032744398353456,0.039032744398353456
47.166666666666664,0.03906237718246586,0.03906237718246586
47.20833333333333,0.0390919771878814,0.0390919771878814
47.25,0.03912154575101424,0.03912154575101424
47.291666666666664,0.03915108515003005,0.03915108515003005
47.33333333333333,0.03918059614041237,0.03918059614041237
47.375,0.039210080826007916,0.039210080826007916
47.416666666666664,0.03923954015053098,0.03923954015053098
47.45833333333333,0.03926897403274037,0.03926897403274037
47.5,0.039298383679158395,0.039298383679158395
47.541666666666664,0.039327764560270116,0.039327764560270116
47.58333333333333,0.03935711867916575,0.03935711867916575
47.625,0.0393864463291369,0.0393864463291369
47.666666666666664,0.03941574743759987,0.03941574743759987
47.70833333333333,0.03944501482702623,0.03944501482702623
47.75,0.03947425119534583,0.03947425119534583
47.791666666666664,0.03950345574187523,0.03950345574187523
47.83333333333333,0.03953262698681753,0.03953262698681753
47.875,0.03956175774934091,0.03956175774934091
47.916666666666664,0.039590849308552424,0.039590849308552424
47.95833333333333,0.03961989987996082,0.03961989987996082
48.0,0.03964890694391633,0.03964890694391633
48.041666666666664,0.03967786254570553,0.03967786254570553
48.08333333333333,0.03970678094944409,0.03970678094944409
48.125,0.03973566188128281,0.03973566188128281
48.166666666666664,0.03976450779947301,0.03976450779947301
48.20833333333333,0.039793321159922714,0.039793321159922714
48.25,0.039822103399943055,0.039822103399943055
48.291666666666664,0.039850856856986645,0.039850856856986645
48.33333333333333,0.03987958215703289,0.03987958215703289
48.375,0.03990828143241531,0.03990828143241531
48.416666666666664,0.03993695569657856,0.03993695569657856
48.45833333333333,0.03996560474063444,0.03996560474063444
48.5,0.03999422975780813,0.03999422975780813
48.541666666666664,0.04002282704187562,0.04002282704187562
48.58333333333333,0.04005139730084228,0.04005139730084228
48.625,0.040079941227948855,0.040079941227948855
48.666666666666664,0.040108459063360836,0.040108459063360836
48.70833333333333,0.040136944165016085,0.040136944165016085
48.75,0.040165397846530344,0.040165397846530344
48.791666666666664,0.04019381985006507,0.04019381985006507
48.83333333333333,0.040222209340231595,0.040222209340231595
48.875,0.04025055894217445,0.04025055894217445
48.916666666666664,0.04027886918277789,0.04027886918277789
48.95833333333333,0.04030713863011416,0.04030713863011416
49.0,0.040335365469125854,0.040335365469125854
49.041666666666664,0.04036354101146416,0.04036354101146416
49.08333333333333,0.04039167974844623,0.04039167974844623
49.125,0.040419781352656475,0.040419781352656475
49.166666666666664,0.04044784838880856,0.04044784838880856
49.20833333333333,0.040475883136677236,0.040475883136677236
49.25,0.04050388713307158,0.04050388713307158
49.291666666666664,0.040531862761467655,0.040531862761467655
49.33333333333333,0.04055981053997738,0.04055981053997738
49.375,0.04058773261642783,0.04058773261642783
49.416666666666664,0.040615630028811925,0.040615630028811925
49.45833333333333,0.040643502579791393,0.040643502579791393
49.5,0.04067135132555008,0.04067135132555008
49.541666666666664,0.040699173338624085,0.040699173338624085
49.58333333333333,0.040726968182678173,0.040726968182678173
49.625,0.040754736889568044,0.040754736889568044
49.666666666666664,0.04078247966497962,0.04078247966497962
49.70833333333333,0.040810191268792845,0.040810191268792845
49.75,0.04083787088872442,0.04083787088872442
49.791666666666664,0.04086551903275267,0.04086551903275267
49.83333333333333,0.04089313483299203,0.04089313483299203
49.875,0.04092071251212522,0.04092071251212522
49.916666666666664,0.04094825022171589,0.04094825022171589
49.95833333333333,0.040975747388743336,0.040975747388743336
50.0,0.041003202169619495,0.041003202169619495
50.041666666666664,0.04103060659088137,0.04103060659088137
50.08333333333333,0.04105797462466511,0.04105797462466511
50.125,0.04108530590058218,0.04108530590058218
50.166666666666664,0.04111260308500815,0.04111260308500815
50.20833333333333,0.041139868292362734,0.041139868292362734
50.25,0.04116710315708302,0.04116710315708302
50.291666666666664,0.041194310097489376,0.041194310097489376
50.33333333333333,0.041221489542296694,0.041221489542296694
50.375,0.04124864364461627,0.04124864364461627
50.416666666666664,0.041275773418255245,0.041275773418255245
50.45833333333333,0.04130287882513362,0.04130287882513362
50.5,0.041329960650896516,0.041329960650896516
50.541666666666664,0.04135701671401692,0.04135701671401692
50.58333333333333,0.041384045568951415,0.041384045568951415
50.625,0.041411048532015375,0.041411048532015375
50.666666666666664,0.041438025776614436,0.041438025776614436
50.70833333333333,0.04146497330426784,0.04146497330426784
50.75,0.041491888445098775,0.041491888445098775
50.791666666666664,0.04151877236337605,0.04151877236337605
50.83333333333333,0.04154562416083493,0.04154562416083493
50.875,0.04157243944447097,0.04157243944447097
50.916666666666664,0.04159921434684856,0.04159921434684856
50.95833333333333,0.041625949006702655,0.041625949006702655
51.0,0.041652641553844134,0.041652641553844134
51.041666666666664,0.0416792846523416,0.0416792846523416
51.08333333333333,0.0417058918059138,0.0417058918059138
51.125,0.04173246261110837,0.04173246261110837
51.166666666666664,0.041758999831375515,0.041758999831375515
51.20833333333333,0.04178550542574755,0.04178550542574755
51.25,0.04181198112395503,0.04181198112395503
51.291666666666664,0.04183842936953393,0.04183842936953393
51.33333333333333,0.041864850517480984,0.041864850517480984
51.375,0.04189124671792341,0.04189124671792341
51.416666666666664,0.04191761896456645,0.04191761896456645
51.45833333333333,0.041943967365700115,0.041943967365700115
51.5,0.04197029246188505,0.04197029246188505
51.541666666666664,0.041996592739479296,0.041996592739479296
51.58333333333333,0.04202286586424549,0.04202286586424549
51.625,0.042049113389134064,0.042049113389134064
51.666666666666664,0.0420753354572044,0.0420753354572044
51.70833333333333,0.04210152917065208,0.04210152917065208
51.75,0.04212769023605124,0.04212769023605124
51.791666666666664,0.04215382037912706,0.04215382037912706
51.83333333333333,0.04217991867310659,0.04217991867310659
51.875,0.042205981924549975,0.042205981924549975
51.916666666666664,0.042232004552959945,0.042232004552959945
51.95833333333333,0.042257987283577395,0.042257987283577395
52.0,0.042283928221317144,0.042283928221317144
52.041666666666664,0.04230982060184351,0.04230982060184351
52.08333333333333,0.04233567750078449,0.04233567750078449
52.125,0.04236149849490338,0.04236149849490338
52.166666666666664,0.04238728643624484,0.04238728643624484
52.20833333333333,0.042413043139130885,0.042413043139130885
52.25,0.04243877042594264,0.04243877042594264
52.291666666666664,0.042464470757224856,0.042464470757224856
52.33333333333333,0.042490144454995556,0.042490144454995556
52.375,0.04251579357762685,0.04251579357762685
52.416666666666664,0.04254141918426512,0.04254141918426512
52.45833333333333,0.04256702149013208,0.04256702149013208
52.5,0.04259260081396121,0.04259260081396121
52.541666666666664,0.042618156239755726,0.042618156239755726
52.58333333333333,0.042643684652010454,0.042643684652010454
52.625,0.04266918779822952,0.04266918779822952
52.666666666666664,0.04269466579289231,0.04269466579289231
52.70833333333333,0.042720116714818686,0.042720116714818686
52.75,0.042745534851341326,0.042745534851341326
52.791666666666664,0.0427709224075865,0.0427709224075865
52.83333333333333,0.04279627842998023,0.04279627842998023
52.875,0.04282160076449493,0.04282160076449493
52.916666666666664,0.04284688238028777,0.04284688238028777
52.95833333333333,0.04287212448261204,0.04287212448261204
53.0,0.04289732515303697,0.04289732515303697
53.041666666666664,0.04292247814243875,0.04292247814243875
53.08333333333333,0.042947596132141164,0.042947596132141164
53.125,0.04297267868948082,0.04297267868948082
53.166666666666664,0.042997728749016625,0.042997728749016625
53.20833333333333,0.04302274798971154,0.04302274798971154
53.25,0.043047738323751666,0.043047738323751666
53.291666666666664,0.04307270222174014,0.04307270222174014
53.33333333333333,0.04309763999700881,0.04309763999700881
53.375,0.04312255357220792,0.04312255357220792
53.416666666666664,0.04314744411349546,0.04314744411349546
53.45833333333333,0.043172311918923525,0.043172311918923525
53.5,0.04319715710659564,0.04319715710659564
53.541666666666664,0.043221979295047674,0.043221979295047674
53.58333333333333,0.04324677468315969,0.04324677468315969
53.625,0.04327154517606935,0.04327154517606935
53.666666666666664,0.04329629086131166,0.04329629086131166
53.70833333333333,0.043321010685113445,0.043321010685113445
53.75,0.04334569769396463,0.04334569769396463
53.791666666666664,0.04337035450143267,0.04337035450143267
53.83333333333333,0.043394980128718834,0.043394980128718834
53.875,0.0434195733223406,0.0434195733223406
53.916666666666664,0.043444125826675326,0.043444125826675326
53.95833333333333,0.043468639236537425,0.043468639236537425
54.0,0.043493111611575694,0.043493111611575694
54.041666666666664,0.043517537169542576,0.043517537169542576
54.08333333333333,0.04354192822678402,0.04354192822678402
54.125,0.043566284346480744,0.043566284346480744
54.166666666666664,0.043590608544209354,0.043590608544209354
54.20833333333333,0.04361490237090625,0.04361490237090625
54.25,0.043639167825591844,0.043639167825591844
54.291666666666664,0.043663407383068974,0.043663407383068974
54.33333333333333,0.04368762135135859,0.04368762135135859
54.375,0.043711811532265374,0.043711811532265374
54.416666666666664,0.04373597918237892,0.04373597918237892
54.45833333333333,0.043760124678565326,0.043760124678565326
54.5,0.04378424795756886,0.04378424795756886
54.541666666666664,0.043808349115821626,0.043808349115821626
54.58333333333333,0.043832423751662304,0.043832423751662304
54.625,0.043856473895550946,0.043856473895550946
54.666666666666664,0.04388049960959983,0.04388049960959983
54.70833333333333,0.04390450061123973,0.04390450061123973
54.75,0.04392846886193542,0.04392846886193542
54.791666666666664,0.04395240732235096,0.04395240732235096
54.83333333333333,0.04397631498992436,0.04397631498992436
54.875,0.044000190862093655,0.044000190862093655
54.916666666666664,0.044024027239619665,0.044024027239619665
54.95833333333333,0.044047824442602065,0.044047824442602065
55.0,0.04407158103925915,0.04407158103925915
55.041666666666664,0.04409529167268105,0.04409529167268105
55.08333333333333,0.04411896831866264,0.04411896831866264
55.125,0.04414261054099618,0.04414261054099618
55.166666666666664,0.04416622143480486,0.04416622143480486
55.20833333333333,0.04418980242985983,0.04418980242985983
55.25,0.04421335560897861,0.04421335560897861
55.291666666666664,0.044236883446246524,0.044236883446246524
55.33333333333333,0.04426038624723536,0.04426038624723536
55.375,0.04428386570594182,0.04428386570594182
55.416666666666664,0.04430732315521125,0.04430732315521125
55.45833333333333,0.044330759046601505,0.044330759046601505
55.5,0.04435417315297884,0.04435417315297884
55.541666666666664,0.044377565997893886,0.044377565997893886
55.58333333333333,0.044400932654735985,0.044400932654735985
55.625,0.04442427525107334,0.04442427525107334
55.666666666666664,0.044447593825013065,0.044447593825013065
55.70833333333333,0.044470888414662284,0.044470888414662284
55.75,0.04449415112980815,0.04449415112980815
55.791666666666664,0.04451738412798981,0.04451738412798981
55.83333333333333,0.04454058674997123,0.04454058674997123
55.875,0.044563757970784164,0.044563757970784164
55.916666666666664,0.04458689132020209,0.04458689132020209
55.95833333333333,0.04460998527213371,0.04460998527213371
56.0,0.0446330390733855,0.0446330390733855
56.041666666666664,0.04465604775658974,0.04465604775658974
56.08333333333333,0.04467902297740142,0.04467902297740142
56.125,0.04470196430452161,0.04470196430452161
56.166666666666664,0.04472487491116854,0.04472487491116854
56.20833333333333,0.04474775611236689,0.04474775611236689
56.25,0.0447706100716726,0.0447706100716726
56.291666666666664,0.04479343925834473,0.04479343925834473
56.33333333333333,0.04481624397792383,0.04481624397792383
56.375,0.044839025828044055,0.044839025828044055
56.416666666666664,0.044861786205679245,0.044861786205679245
56.45833333333333,0.04488452563294789,0.04488452563294789
56.5,0.04490724373466838,0.04490724373466838
56.541666666666664,0.044929941416014404,0.044929941416014404
56.58333333333333,0.04495261329254182,0.04495261329254182
56.625,0.04497526156434279,0.04497526156434279
56.666666666666664,0.04499788624684054,0.04499788624684054
56.70833333333333,0.04502048735545832,0.04502048735545832
56.75,0.04504305807301265,0.04504305807301265
56.791666666666664,0.04506559890240928,0.04506559890240928
56.83333333333333,0.04508810979755749,0.04508810979755749
56.875,0.04511058971234354,0.04511058971234354
56.916666666666664,0.04513303327218392,0.04513303327218392
56.95833333333333,0.045155437325739615,0.045155437325739615
57.0,0.045177801707512115,0.045177801707512115
57.041666666666664,0.04520012180873375,0.04520012180873375
57.08333333333333,0.04522240898204698,0.04522240898204698
57.125,0.04524466280492064,0.04524466280492064
57.166666666666664,0.04526688652723232,0.04526688652723232
57.20833333333333,0.04528908135526289,0.04528908135526289
57.25,0.04531124953026219,0.04531124953026219
57.291666666666664,0.045333393513247014,0.045333393513247014
57.33333333333333,0.04535551361176134,0.04535551361176134
57.375,0.045377611337140945,0.045377611337140945
57.416666666666664,0.045399688140107364,0.045399688140107364
57.45833333333333,0.045421744609270565,0.045421744609270565
57.5,0.04544378023571547,0.04544378023571547
57.541666666666664,0.045465796083049737,0.045465796083049737
57.58333333333333,0.04548778691588429,0.04548778691588429
57.625,0.045509754438122975,0.045509754438122975
57.666666666666664,0.045531698826182285,0.045531698826182285
57.70833333333333,0.04555362007403315,0.04555362007403315
57.75,0.04557551233981966,0.04557551233981966
57.791666666666664,0.04559737463402735,0.04559737463402735
57.83333333333333,0.04561920745760577,0.04561920745760577
57.875,0.04564100974446746,0.04564100974446746
57.916666666666664,0.04566277709807492,0.04566277709807492
57.95833333333333,0.04568450493529044,0.04568450493529044
58.0,0.045706193599326,0.045706193599326
58.041666666666664,0.045727838813177546,0.045727838813177546
58.08333333333333,0.04574945164092068,0.04574945164092068
58.125,0.0457710316722448,0.0457710316722448
58.166666666666664,0.045792582232262596,0.045792582232262596
58.20833333333333,0.04581410442412596,0.04581410442412596
58.25,0.04583560056377419,0.04583560056377419
58.291666666666664,0.045857073101158344,0.045857073101158344
58.33333333333333,0.04587852234753024,0.04587852234753024
58.375,0.04589994973679283,0.04589994973679283
58.416666666666664,0.04592135676452377,0.04592135676452377
58.45833333333333,0.04594274408186662,0.04594274408186662
58.5,0.04596411105910417,0.04596411105910417
58.541666666666664,0.04598545876912456,0.04598545876912456
58.58333333333333,0.04600678251642757,0.04600678251642757
58.625,0.046028083152166575,0.046028083152166575
58.666666666666664,0.046049361127572054,0.046049361127572054
58.70833333333333,0.04607061641631104,0.04607061641631104
58.75,0.046091844064439454,0.046091844064439454
58.791666666666664,0.04611304173435234,0.04611304173435234
58.83333333333333,0.04613421041560317,0.04613421041560317
58.875,0.046155349023220583,0.046155349023220583
58.916666666666664,0.04617645403489151,0.04617645403489151
58.95833333333333,0.04619751960523767,0.04619751960523767
59.0,0.04621854651749169,0.04621854651749169
59.041666666666664,0.046239530803048184,0.046239530803048184
59.08333333333333,0.04626048324968111,0.04626048324968111
59.125,0.046281403462377114,0.046281403462377114
59.166666666666664,0.046302294840068314,0.046302294840068314
59.20833333333333,0.04632315838803123,0.04632315838803123
59.25,0.04634399654855713,0.04634399654855713
59.291666666666664,0.04636481159439276,0.04636481159439276
59.33333333333333,0.04638560400573925,0.04638560400573925
59.375,0.04640637509228365,0.04640637509228365
59.416666666666664,0.04642712638683893,0.04642712638683893
59.45833333333333,0.04644785859926957,0.04644785859926957
59.5,0.04646857099073013,0.04646857099073013
59.541666666666664,0.046489264640468694,0.046489264640468694
59.58333333333333,0.04650993535047212,0.04650993535047212
59.625,0.04653058319231984,0.04653058319231984
59.666666666666664,0.046551208863384715,0.046551208863384715
59.70833333333333,0.04657181231810134,0.04657181231810134
59.75,0.04659238941211894,0.04659238941211894
59.791666666666664,0.04661293658832726,0.04661293658832726
59.83333333333333,0.04663345527316597,0.04663345527316597
59.875,0.04665394436379411,0.04665394436379411
59.916666666666664,0.04667440112034177,0.04667440112034177
59.95833333333333,0.04669481858397425,0.04669481858397425
60.0,0.046715197918159826,0.046715197918159826
60.041666666666664,0.046735535442264824,0.046735535442264824
60.08333333333333,0.046755841678259184,0.046755841678259184
60.125,0.0467761162491558,0.0467761162491558
60.166666666666664,0.04679636262629746,0.04679636262629746
60.20833333333333,0.04681658172200242,0.04681658172200242
60.25,0.04683677609898968,0.04683677609898968
60.291666666666664,0.04685694786007985,0.04685694786007985
60.33333333333333,0.04687709764643565,0.04687709764643565
60.375,0.046897226653499914,0.046897226653499914
60.416666666666664,0.046917336444785955,0.046917336444785955
60.45833333333333,0.046937427785234076,0.046937427785234076
60.5,0.04695749983740398,0.04695749983740398
60.541666666666664,0.046977553684360455,0.046977553684360455
60.58333333333333,0.04699758558697173,0.04699758558697173
60.625,0.04701759490349281,0.04701759490349281
60.666666666666664,0.047037582551736005,0.047037582551736005
60.70833333333333,0.04705754846790359,0.04705754846790359
60.75,0.04707748924697475,0.04707748924697475
60.791666666666664,0.04709740022704253,0.04709740022704253
60.83333333333333,0.04711728322560736,0.04711728322560736
60.875,0.04713713712290329,0.04713713712290329
60.916666666666664,0.04715695988025819,0.04715695988025819
60.95833333333333,0.04717674355608243,0.04717674355608243
61.0,0.0471964896420046,0.0471964896420046
61.041666666666664,0.04721619472742593,0.04721619472742593
61.08333333333333,0.047235869077580456,0.047235869077580456
61.125,0.04725551233591637,0.04725551233591637
61.166666666666664,0.047275128044782566,0.047275128044782566
61.20833333333333,0.04729471702814563,0.04729471702814563
61.25,0.047314281961891635,0.047314281961891635
61.291666666666664,0.0473338247908228,0.0473338247908228
61.33333333333333,0.04735334630460468,0.04735334630460468
61.375,0.04737284759503857,0.04737284759503857
61.416666666666664,0.047392330250731314,0.047392330250731314
61.45833333333333,0.04741179508823385,0.04741179508823385
61.5,0.047431241181014175,0.047431241181014175
61.541666666666664,0.04745066961374559,0.04745066961374559
61.58333333333333,0.04747007707099904,0.04747007707099904
61.625,0.047489462257729494,0.047489462257729494
61.666666666666664,0.04750882628913784,0.04750882628913784
61.70833333333333,0.047528169084128304,0.047528169084128304
61.75,0.04754748791387362,0.04754748791387362
61.791666666666664,0.047566777114154885,0.047566777114154885
61.83333333333333,0.047586038852873956,0.047586038852873956
61.875,0.047605271994220565,0.047605271994220565
61.916666666666664,0.047624475128693736,0.047624475128693736
61.95833333333333,0.04764363944690907,0.04764363944690907
62.0,0.047662766723256304,0.047662766723256304
62.041666666666664,0.04768185380134391,0.04768185380134391
62.08333333333333,0.04770091069759024,0.04770091069759024
62.125,0.047719937100455405,0.047719937100455405
62.166666666666664,0.04773893655450626,0.04773893655450626
62.20833333333333,0.047757909867062916,0.047757909867062916
62.25,0.04777685979798827,0.04777685979798827
62.291666666666664,0.04779578814496398,0.04779578814496398
62.33333333333333,0.04781469583484323,0.04781469583484323
62.375,0.047833583865257406,0.047833583865257406
62.416666666666664,0.047852453845095184,0.047852453845095184
62.45833333333333,0.04787130663923955,0.04787130663923955
62.5,0.047890141240639054,0.047890141240639054
62.541666666666664,0.047908958733664214,0.047908958733664214
62.58333333333333,0.047927756194511964,0.047927756194511964
62.625,0.04794653172925532,0.04794653172925532
62.666666666666664,0.047965286629805245,0.047965286629805245
62.70833333333333,0.047984020798641336,0.047984020798641336
62.75,0.04800273212631728,0.04800273212631728
62.791666666666664,0.04802141403799092,0.04802141403799092
62.83333333333333,0.0480400690158458,0.0480400690158458
62.875,0.04805869590884915,0.04805869590884915
62.916666666666664,0.048077293565968224,0.048077293565968224
62.95833333333333,0.048095853331539165,0.048095853331539165
63.0,0.048114376302817834,0.048114376302817834
63.041666666666664,0.048132859870347725,0.048132859870347725
63.08333333333333,0.04815131380872987,0.04815131380872987
63.125,0.048169737854592894,0.048169737854592894
63.166666666666664,0.04818813554938487,0.04818813554938487
63.20833333333333,0.04820650769176963,0.04820650769176963
63.25,0.04822485711803355,0.04822485711803355
63.291666666666664,0.04824318548872551,0.04824318548872551
63.33333333333333,0.04826149385759403,0.04826149385759403
63.375,0.04827978313657741,0.04827978313657741
63.416666666666664,0.04829805495071576,0.04829805495071576
63.45833333333333,0.04831631018991451,0.04831631018991451
63.5,0.04833454783499178,0.04833454783499178
63.541666666666664,0.048352768907711854,0.048352768907711854
63.58333333333333,0.04837097086683758,0.04837097086683758
63.625,0.04838915126894219,0.04838915126894219
63.666666666666664,0.0484073115640867,0.0484073115640867
63.70833333333333,0.04842545163914355,0.04842545163914355
63.75,0.048443569952840076,0.048443569952840076
63.791666666666664,0.04846165910187123,0.04846165910187123
63.83333333333333,0.0484797218505703,0.0484797218505703
63.875,0.0484977570334499,0.0484977570334499
63.916666666666664,0.04851576348502263,0.04851576348502263
63.95833333333333,0.04853373344081364,0.04853373344081364
64.0,0.04855166663814191,0.04855166663814191
64.04166666666666,0.04856956121804658,0.04856956121804658
64.08333333333333,0.04858742671957765,0.04858742671957765
64.125,0.048605262928251354,0.048605262928251354
64.16666666666666,0.04862307338362995,0.04862307338362995
64.20833333333333,0.048640858876897015,0.048640858876897015
64.25,0.04865862231584692,0.04865862231584692
64.29166666666666,0.04867636523305782,0.04867636523305782
64.33333333333333,0.048694088799801694,0.048694088799801694
64.375,0.0487117938499214,0.0487117938499214
64.41666666666666,0.048729482021063183,0.048729482021063183
64.45833333333333,0.04874715418756201,0.04874715418756201
64.5,0.04876480943814519,0.04876480943814519
64.54166666666666,0.04878244861749289,0.04878244861749289
64.58333333333333,0.04880006957787699,0.04880006957787699
64.625,0.048817669371215046,0.048817669371215046
64.66666666666666,0.048835249589053845,0.048835249589053845
64.70833333333333,0.04885281010342426,0.04885281010342426
64.75,0.048870349895006986,0.048870349895006986
64.79166666666666,0.04888786080575699,0.04888786080575699
64.83333333333333,0.04890534585353842,0.04890534585353842
64.875,0.048922803859127284,0.048922803859127284
64.91666666666666,0.04894023364329955,0.04894023364329955
64.95833333333333,0.048957628257549124,0.048957628257549124
65.0,0.048974986203035226,0.048974986203035226
65.04166666666666,0.04899230630874909,0.04899230630874909
65.08333333333333,0.04900959788387169,0.04900959788387169
65.125,0.0490268607633383,0.0490268607633383
65.16666666666666,0.049044098485943495,0.049044098485943495
65.20833333333333,0.04906131183645679,0.04906131183645679
65.25,0.049078503789634007,0.049078503789634007
65.29166666666666,0.04909567575850355,0.04909567575850355
65.33333333333333,0.04911282902331027,0.04911282902331027
65.375,0.04912996434662564,0.04912996434662564
65.41666666666666,0.049147083375659345,0.049147083375659345
65.45833333333333,0.04916418697076243,0.04916418697076243
65.5,0.04918127432193221,0.04918127432193221
65.54166666666666,0.04919834610849237,0.04919834610849237
65.58333333333333,0.049215400547447705,0.049215400547447705
65.625,0.04923243422683447,0.04923243422683447
65.66666666666666,0.04924944886471249,0.04924944886471249
65.70833333333333,0.04926644431898926,0.04926644431898926
65.75,0.049283420050500966,0.049283420050500966
65.79166666666666,0.04930036721273236,0.04930036721273236
65.83333333333333,0.04931728905154945,0.04931728905154945
65.875,0.04933418437466419,0.04933418437466419
65.91666666666666,0.04935105198978848,0.04935105198978848
65.95833333333333,0.04936788569657776,0.04936788569657776
66.0,0.0493846828710375,0.0493846828710375
66.04166666666666,0.0494014429741939,0.0494014429741939
66.08333333333333,0.049418175090585784,0.049418175090585784
66.125,0.049434879104928026,0.049434879104928026
66.16666666666666,0.049451558556256804,0.049451558556256804
66.20833333333333,0.04946821422389416,0.04946821422389416
66.25,0.04948484914535151,0.04948484914535151
66.29166666666666,0.04950146476206477,0.04950146476206477
66.33333333333333,0.04951806253973117,0.04951806253973117
66.375,0.04953464306553723,0.04953464306553723
66.41666666666666,0.049551207522025756,0.049551207522025756
66.45833333333333,0.04956775678090172,0.04956775678090172
66.5,0.049584290305024675,0.049584290305024675
66.54166666666666,0.04960080858549528,0.04960080858549528
66.58333333333333,0.049617310418348236,0.049617310418348236
66.625,0.04963379245078752,0.04963379245078752
66.66666666666666,0.04965025617007068,0.04965025617007068
66.70833333333333,0.04966670137675179,0.04966670137675179
66.75,0.04968312581700926,0.04968312581700926
66.79166666666666,0.04969952419758506,0.04969952419758506
66.83333333333333,0.049715898108004225,0.049715898108004225
66.875,0.049732246354430173,0.049732246354430173
66.91666666666666,0.04974856625027906,0.04974856625027906
66.95833333333333,0.04976485166451856,0.04976485166451856
67.0,0.04978110313054155,0.04978110313054155
67.04166666666666,0.04979731665992033,0.04979731665992033
67.08333333333333,0.04981350280365771,0.04981350280365771
67.125,0.04982966150023877,0.04982966150023877
67.16666666666666,0.04984579628664837,0.04984579628664837
67.20833333333333,0.04986190793653623,0.04986190793653623
67.25,0.04987799954254799,0.04987799954254799
67.29166666666666,0.04989407243150265,0.04989407243150265
67.33333333333333,0.049910128166134396,0.049910128166134396
67.375,0.04992616728595449,0.04992616728595449
67.41666666666666,0.049942190961686755,0.049942190961686755
67.45833333333333,0.04995820005611958,0.04995820005611958
67.5,0.04997419410032972,0.04997419410032972
67.54166666666666,0.049990173460048457,0.049990173460048457
67.58333333333333,0.05000613719868869,0.05000613719868869
67.625,0.05002208162438863,0.05002208162438863
67.66666666666666,0.050038008305814105,0.050038008305814105
67.70833333333333,0.05005391702816486,0.05005391702816486
67.75,0.05006980593725011,0.05006980593725011
67.79166666666666,0.050085669161931155,0.050085669161931155
67.83333333333333,0.050101508479480285,0.050101508479480285
67.875,0.0501173226819932,0.0501173226819932
67.91666666666666,0.05013310950547509,0.05013310950547509
67.95833333333333,0.05014886223236656,0.05014886223236656
68.0,0.0501645815837134,0.0501645815837134
68.04166666666666,0.05018026379430884,0.05018026379430884
68.08333333333333,0.050195919166544,0.050195919166544
68.125,0.050211547689615645,0.050211547689615645
68.16666666666666,0.05022715290141659,0.05022715290141659
68.20833333333333,0.05024273557156657,0.05024273557156657
68.25,0.05025829884676512,0.05025829884676512
68.29166666666666,0.050273843949021485,0.050273843949021485
68.33333333333333,0.05028937253240568,0.05028937253240568
68.375,0.050304885094178846,0.050304885094178846
68.41666666666666,0.05032038279560797,0.05032038279560797
68.45833333333333,0.05033586649245831,0.05033586649245831
68.5,0.05035133578214867,0.05035133578214867
68.54166666666666,0.05036679091505003,0.05036679091505003
68.58333333333333,0.050382231203290974,0.050382231203290974
68.625,0.050397652645027005,0.050397652645027005
68.66666666666666,0.050413056883061476,0.050413056883061476
68.70833333333333,0.05042844368978038,0.05042844368978038
68.75,0.050443811580126285,0.050443811580126285
68.79166666666666,0.050459154154403364,0.050459154154403364
68.83333333333333,0.050474473361658646,0.050474473361658646
68.875,0.05048976798205441,0.05048976798205441
68.91666666666666,0.0505050361375873,0.0505050361375873
68.95833333333333,0.050520270582122884,0.050520270582122884
69.0,0.050535472204350125,0.050535472204350125
69.04166666666666,0.050550637451486836,0.050550637451486836
69.08333333333333,0.050565776388230885,0.050565776388230885
69.125,0.0505808890536651,0.0505808890536651
69.16666666666666,0.05059597898804924,0.05059597898804924
69.20833333333333,0.05061104695792416,0.05061104695792416
69.25,0.050626096161504486,0.050626096161504486
69.29166666666666,0.05064112772326677,0.05064112772326677
69.33333333333333,0.050656143382660015,0.050656143382660015
69.375,0.0506711435986746,0.0506711435986746
69.41666666666666,0.0506861295235339,0.0506861295235339
69.45833333333333,0.05070110200692879,0.05070110200692879
69.5,0.0507160607094582,0.0507160607094582
69.54166666666666,0.05073100577385526,0.05073100577385526
69.58333333333333,0.050745936743737736,0.050745936743737736
69.625,0.05076084933205796,0.05076084933205796
69.66666666666666,0.05077574524810791,0.05077574524810791
69.70833333333333,0.050790624252599316,0.050790624252599316
69.75,0.05080548520227212,0.05080548520227212
69.79166666666666,0.05082032121192516,0.05082032121192516
69.83333333333333,0.050835134387009075,0.050835134387009075
69.875,0.05084992349674296,0.05084992349674296
69.91666666666666,0.050864687016529325,0.050864687016529325
69.95833333333333,0.050879417222301083,0.050879417222301083
70.0,0.05089411515179702,0.05089411515179702
70.04166666666666,0.050908777455619614,0.050908777455619614
70.08333333333333,0.05092341396756159,0.05092341396756159
70.125,0.05093802477631807,0.05093802477631807
70.16666666666666,0.05095261342540889,0.05095261342540889
70.20833333333333,0.0509671806789933,0.0509671806789933
70.25,0.050981729783925026,0.050981729783925026
70.29166666666666,0.050996261773332864,0.050996261773332864
70.33333333333333,0.05101077846630951,0.05101077846630951
70.375,0.05102528028689979,0.05102528028689979
70.41666666666666,0.05103976837813644,0.05103976837813644
70.45833333333333,0.05105424358424665,0.05105424358424665
70.5,0.051068705625622324,0.051068705625622324
70.54166666666666,0.051083154544014846,0.051083154544014846
70.58333333333333,0.0510975900986675,0.0510975900986675
70.625,0.051112007739419235,0.051112007739419235
70.66666666666666,0.051126409234805804,0.051126409234805804
70.70833333333333,0.05114079433454084,0.05114079433454084
70.75,0.05115516221235476,0.05115516221235476
70.79166666666666,0.051169505536114185,0.051169505536114185
70.83333333333333,0.05118382655350136,0.05118382655350136
70.875,0.05119812402340455,0.05119812402340455
70.91666666666666,0.05121239670471205,0.05121239670471205
70.95833333333333,0.05122663656228515,0.05122663656228515
71.0,0.051240844644321396,0.051240844644321396
71.04166666666666,0.051255017837205305,0.051255017837205305
71.08333333333333,0.051269165749404016,0.051269165749404016
71.125,0.051283288518997244,0.051283288518997244
71.16666666666666,0.05129738969341943,0.05129738969341943
71.20833333333333,0.05131147003503321,0.05131147003503321
71.25,0.051325532836495255,0.051325532836495255
71.29166666666666,0.05133957904515427,0.05133957904515427
71.33333333333333,0.051353610554389216,0.051353610554389216
71.375,0.051367627756233124,0.051367627756233124
71.41666666666666,0.05138163178427932,0.05138163178427932
71.45833333333333,0.05139562347776574,0.05139562347776574
71.5,0.051409602613589254,0.051409602613589254
71.54166666666666,0.051423569138547565,0.051423569138547565
71.58333333333333,0.05143752301290895,0.05143752301290895
71.625,0.051451459443432504,0.051451459443432504
71.66666666666666,0.051465380251268456,0.051465380251268456
71.70833333333333,0.0514792851756537,0.0514792851756537
71.75,0.051493173684692355,0.051493173684692355
71.79166666666666,0.0515070380342169,0.0515070380342169
71.83333333333333,0.05152088060127075,0.05152088060127075
71.875,0.05153470013489637,0.05153470013489637
71.91666666666666,0.051548495384136216,0.051548495384136216
71.95833333333333,0.05156225884366635,0.05156225884366635
72.0,0.051575990756616,0.051575990756616
72.04166666666666,0.051589688504347,0.051589688504347
72.08333333333333,0.051603361475230154,0.051603361475230154
72.125,0.051617009856418906,0.051617009856418906
72.16666666666666,0.051630637199795285,0.051630637199795285
72.20833333333333,0.05164424426644226,0.05164424426644226
72.25,0.051657834392134845,0.051657834392134845
72.29166666666666,0.051671408443562696,0.051671408443562696
72.33333333333333,0.05168496838343726,0.05168496838343726
72.375,0.0516985145744201,0.0516985145744201
72.41666666666666,0.05171204814045233,0.05171204814045233
72.45833333333333,0.051725569916187854,0.051725569916187854
72.5,0.051739079731922905,0.051739079731922905
72.54166666666666,0.05175257744506945,0.05175257744506945
72.58333333333333,0.05176606320347028,0.05176606320347028
72.625,0.051779531989097655,0.051779531989097655
72.66666666666666,0.05179298566971992,0.05179298566971992
72.70833333333333,0.05180642397456088,0.05180642397456088
72.75,0.05181984663284434,0.05181984663284434
72.79166666666666,0.05183324555780934,0.05183324555780934
72.83333333333333,0.05184662320649454,0.05184662320649454
72.875,0.05185997833110911,0.05185997833110911
72.91666666666666,0.05187330967128572,0.05187330967128572
72.95833333333333,0.05188661021449009,0.05188661021449009
73.0,0.05189987945871404,0.05189987945871404
73.04166666666666,0.051913115248677595,0.051913115248677595
73.08333333333333,0.051926326757758885,0.051926326757758885
73.125,0.05193951422177353,0.05193951422177353
73.16666666666666,0.05195268119750488,0.05195268119750488
73.20833333333333,0.051965828445220276,0.051965828445220276
73.25,0.05197895934130355,0.05197895934130355
73.29166666666666,0.05199207467653022,0.05199207467653022
73.33333333333333,0.052005176478376915,0.052005176478376915
73.375,0.05201826508252642,0.05201826508252642
73.41666666666666,0.052031341603121825,0.052031341603121825
73.45833333333333,0.05204440687059227,0.05204440687059227
73.5,0.052057460765721424,0.052057460765721424
73.54166666666666,0.05207050306171441,0.05207050306171441
73.58333333333333,0.05208353408158517,0.05208353408158517
73.625,0.052096548599268405,0.052096548599268405
73.66666666666666,0.05210954852374675,0.05210954852374675
73.70833333333333,0.05212253357466553,0.05212253357466553
73.75,0.05213550347167001,0.05213550347167001
73.79166666666666,0.05214845056956102,0.05214845056956102
73.83333333333333,0.05216137663958438,0.05216137663958438
73.875,0.05217428068928407,0.05217428068928407
73.91666666666666,0.052187161449292765,0.052187161449292765
73.95833333333333,0.05220001236596187,0.05220001236596187
74.0,0.05221283224680214,0.05221283224680214
74.04166666666666,0.05222561937093072,0.05222561937093072
74.08333333333333,0.05223838270175593,0.05223838270175593
74.125,0.05225112252325376,0.05225112252325376
74.16666666666666,0.05226384239750017,0.05226384239750017
74.20833333333333,0.0522765430843643,0.0522765430843643
74.25,0.05228922799850062,0.05228922799850062
74.29166666666666,0.05230189785917766,0.05230189785917766
74.33333333333333,0.05231455475442754,0.05231455475442754
74.375,0.052327198995127736,0.052327198995127736
74.41666666666666,0.05233983168554365,0.05233983168554365
74.45833333333333,0.05235245365220208,0.05235245365220208
74.5,0.05236506482364725,0.05236506482364725
74.54166666666666,0.05237766489370613,0.05237766489370613
74.58333333333333,0.05239025434911466,0.05239025434911466
74.625,0.05240282777112635,0.05240282777112635
74.66666666666666,0.05241538710507315,0.05241538710507315
74.70833333333333,0.052427932061434895,0.052427932061434895
74.75,0.052440462350691365,0.052440462350691365
74.79166666666666,0.05245297074218474,0.05245297074218474
74.83333333333333,0.05246545836522676,0.05246545836522676
74.875,0.05247792446529828,0.05247792446529828
74.91666666666666,0.05249036776442157,0.05249036776442157
74.95833333333333,0.05250278213672756,0.05250278213672756
75.0,0.05251516574918507,0.05251516574918507
75.04166666666666,0.052527517288729356,0.052527517288729356
75.08333333333333,0.05253984551374358,0.05253984551374358
75.125,0.05255215075578635,0.05255215075578635
75.16666666666666,0.05256443658256393,0.05256443658256393
75.20833333333333,0.05257670375392173,0.05257670375392173
75.25,0.05258895572060544,0.05258895572060544
75.29166666666666,0.052601193134477135,0.052601193134477135
75.33333333333333,0.05261341814023952,0.05261341814023952
75.375,0.052625631025942296,0.052625631025942296
75.41666666666666,0.05263783288595079,0.05263783288595079
75.45833333333333,0.0526500245431801,0.0526500245431801
75.5,0.05266220597137957,0.05266220597137957
75.54166666666666,0.05267437678950573,0.05267437678950573
75.58333333333333,0.05268653763743508,0.05268653763743508
75.625,0.052698682917835415,0.052698682917835415
75.66666666666666,0.05271081460800825,0.05271081460800825
75.70833333333333,0.05272293240966145,0.05272293240966145
75.75,0.05273503602450288,0.05273503602450288
75.79166666666666,0.05274711861140547,0.05274711861140547
75.83333333333333,0.05275918069821943,0.05275918069821943
75.875,0.0527712217523756,0.0527712217523756
75.91666666666666,0.05278324048765685,0.05278324048765685
75.95833333333333,0.05279523117738536,0.05279523117738536
76.0,0.052807191393692034,0.052807191393692034
76.04166666666666,0.052819120206888955,0.052819120206888955
76.08333333333333,0.05283102617519973,0.05283102617519973
76.125,0.05284290967712435,0.05284290967712435
76.16666666666666,0.0528547742862891,0.0528547742862891
76.20833333333333,0.052866620762850335,0.052866620762850335
76.25,0.052878452591611586,0.052878452591611586
76.29166666666666,0.052890270360847806,0.052890270360847806
76.33333333333333,0.05290207626834255,0.05290207626834255
76.375,0.05291387058111894,0.05291387058111894
76.41666666666666,0.05292565438366776,0.05292565438366776
76.45833333333333,0.05293742849555503,0.05293742849555503
76.5,0.052949192933337816,0.052949192933337816
76.54166666666666,0.05296094724531364,0.05296094724531364
76.58333333333333,0.05297269218090395,0.05297269218090395
76.625,0.05298442207855709,0.05298442207855709
76.66666666666666,0.05299613884218459,0.05299613884218459
76.70833333333333,0.0530078421989027,0.0530078421989027
76.75,0.05301953184202212,0.05301953184202212
76.79166666666666,0.05303120129676353,0.05303120129676353
76.83333333333333,0.053042850526915736,0.053042850526915736
76.875,0.05305447920714845,0.05305447920714845
76.91666666666666,0.053066086043358336,0.053066086043358336
76.95833333333333,0.05307766568174659,0.05307766568174659
77.0,0.053089215141491924,0.053089215141491924
77.04166666666666,0.05310073385376611,0.05310073385376611
77.08333333333333,0.05311223018142114,0.05311223018142114
77.125,0.0531237045492039,0.0531237045492039
77.16666666666666,0.05313516053690608,0.05313516053690608
77.20833333333333,0.053146598905293434,0.053146598905293434
77.25,0.05315802317132855,0.05315802317132855
77.29166666666666,0.05316943386325906,0.05316943386325906
77.33333333333333,0.05318083322862911,0.05318083322862911
77.375,0.05319222151507734,0.05319222151507734
77.41666666666666,0.05320359979728487,0.05320359979728487
77.45833333333333,0.0532149688917061,0.0532149688917061
77.5,0.053226328855455626,0.053226328855455626
77.54166666666666,0.053237679170107854,0.053237679170107854
77.58333333333333,0.05324902059657946,0.05324902059657946
77.625,0.05326034768795838,0.05326034768795838
77.66666666666666,0.05327166200426301,0.05327166200426301
77.70833333333333,0.053282963387359106,0.053282963387359106
77.75,0.05329425152251693,0.05329425152251693
77.79166666666666,0.053305520279791976,0.053305520279791976
77.83333333333333,0.053316769093511344,0.053316769093511344
77.875,0.05332799783203063,0.05332799783203063
77.91666666666666,0.05333920519369616,0.05333920519369616
77.95833333333333,0.05335038617334264,0.05335038617334264
78.0,0.053361537275626814,0.053361537275626814
78.04166666666666,0.05337265827180027,0.05337265827180027
78.08333333333333,0.05338375733405616,0.05338375733405616
78.125,0.05339483493264849,0.05339483493264849
78.16666666666666,0.05340589465374019,0.05340589465374019
78.20833333333333,0.053416937258970884,0.053416937258970884
78.25,0.053427966295686614,0.053427966295686614
78.29166666666666,0.053438982235430664,0.053438982235430664
78.33333333333333,0.05344998737243168,0.05344998737243168
78.375,0.053460981936442754,0.053460981936442754
78.41666666666666,0.053471966992432944,0.053471966992432944
78.45833333333333,0.053482943353960345,0.053482943353960345
78.5,0.053493911116582284,0.053493911116582284
78.54166666666666,0.05350486969883227,0.05350486969883227
78.58333333333333,0.05351581987222317,0.05351581987222317
78.625,0.05352675639292322,0.05352675639292322
78.66666666666666,0.05353768049637856,0.05353768049637856
78.70833333333333,0.053548592132038594,0.053548592132038594
78.75,0.053559490977472625,0.053559490977472625
78.79166666666666,0.05357037122757723,0.05357037122757723
78.83333333333333,0.0535812318192754,0.0535812318192754
78.875,0.05359207280210363,0.05359207280210363
78.91666666666666,0.05360289286717759,0.05360289286717759
78.95833333333333,0.05361368733559041,0.05361368733559041
79.0,0.053624452232787875,0.053624452232787875
79.04166666666666,0.05363518765088611,0.05363518765088611
79.08333333333333,0.053645901576062124,0.053645901576062124
79.125,0.05365659452329896,0.05365659452329896
79.16666666666666,0.05366727008529965,0.05366727008529965
79.20833333333333,0.053677929024811714,0.053677929024811714
79.25,0.05368857491790347,0.05368857491790347
79.29166666666666,0.053699208182516736,0.053699208182516736
79.33333333333333,0.05370983115671313,0.05370983115671313
79.375,0.05372044405372935,0.05372044405372935
79.41666666666666,0.053731047928946736,0.053731047928946736
79.45833333333333,0.053741643593222414,0.053741643593222414
79.5,0.053752231178568616,0.053752231178568616
79.54166666666666,0.05376281004392364,0.05376281004392364
79.58333333333333,0.053773380970570245,0.053773380970570245
79.625,0.053783938906936134,0.053783938906936134
79.66666666666666,0.05379448478192987,0.05379448478192987
79.70833333333333,0.053805018645937605,0.053805018645937605
79.75,0.0538155401691507,0.0538155401691507
79.79166666666666,0.05382604385270962,0.05382604385270962
79.83333333333333,0.053836528165861416,0.053836528165861416
79.875,0.053846993327774983,0.053846993327774983
79.91666666666666,0.05385743802263937,0.05385743802263937
79.95833333333333,0.053867857877138256,0.053867857877138256
80.0,0.053878248469981245,0.053878248469981245
80.04166666666666,0.05388861019635359,0.05388861019635359
80.08333333333333,0.05389895086099092,0.05389895086099092
80.125,0.053909271022795004,0.053909271022795004
80.16666666666666,0.05391957428114477,0.05391957428114477
80.20833333333333,0.05392986140010126,0.05392986140010126
80.25,0.05394013598289876,0.05394013598289876
80.29166666666666,0.0539503983967799,0.0539503983967799
80.33333333333333,0.05396065102099141,0.05396065102099141
80.375,0.053970894055106015,0.053970894055106015
80.41666666666666,0.05398112854026399,0.05398112854026399
80.45833333333333,0.05399135528959899,0.05399135528959899
80.5,0.05400157446810754,0.05400157446810754
80.54166666666666,0.05401178537836076,0.05401178537836076
80.58333333333333,0.054021988810651386,0.054021988810651386
80.625,0.05403217989552296,0.05403217989552296
80.66666666666666,0.054042359272203556,0.054042359272203556
80.70833333333333,0.05405252708584261,0.05405252708584261
80.75,0.054062682999561226,0.054062682999561226
80.79166666666666,0.05407282180341926,0.05407282180341926
80.83333333333333,0.05408294152659723,0.05408294152659723
80.875,0.05409304254721554,0.05409304254721554
80.91666666666666,0.05410312354282611,0.05410312354282611
80.95833333333333,0.05411318042658418,0.05411318042658418
81.0,0.05412320836037198,0.05412320836037198
81.04166666666666,0.05413320802593042,0.05413320802593042
81.08333333333333,0.05414318705106518,0.05414318705106518
81.125,0.054153146037759364,0.054153146037759364
81.16666666666666,0.054163088592172906,0.054163088592172906
81.20833333333333,0.054173015479860545,0.054173015479860545
81.25,0.05418293032976404,0.05418293032976404
81.29166666666666,0.054192833461142204,0.054192833461142204
81.33333333333333,0.05420272729196716,0.05420272729196716
81.375,0.05421261200980234,0.05421261200980234
81.41666666666666,0.054222488640186,0.054222488640186
81.45833333333333,0.054232358000215565,0.054232358000215565
81.5,0.054242220285602716,0.054242220285602716
81.54166666666666,0.05425207474557626,0.05425207474557626
81.58333333333333,0.054261922178739944,0.054261922178739944
81.625,0.05427175788824016,0.05427175788824016
81.66666666666666,0.054281582239388754,0.054281582239388754
81.70833333333333,0.054291395466361726,0.054291395466361726
81.75,0.054301197225503,0.054301197225503
81.79166666666666,0.05431098257964094,0.05431098257964094
81.83333333333333,0.054320749143551575,0.054320749143551575
81.875,0.05433049744442028,0.05433049744442028
81.91666666666666,0.054340226153437504,0.054340226153437504
81.95833333333333,0.05434993145252883,0.05434993145252883
82.0,0.05435960811431807,0.05435960811431807
82.04166666666666,0.05436925709175593,0.05436925709175593
82.08333333333333,0.05437888584016746,0.05437888584016746
82.125,0.05438849500375728,0.05438849500375728
82.16666666666666,0.05439808819554395,0.05439808819554395
82.20833333333333,0.054407666182732566,0.054407666182732566
82.25,0.05441723261860397,0.05441723261860397
82.29166666666666,0.05442678777697726,0.05442678777697726
82.33333333333333,0.05443633411226175,0.05443633411226175
82.375,0.054445871800783655,0.054445871800783655
82.41666666666666,0.05445540185349312,0.05445540185349312
82.45833333333333,0.054464925090764206,0.054464925090764206
82.5,0.05447444173764342,0.05447444173764342
82.54166666666666,0.05448395099285461,0.05448395099285461
82.58333333333333,0.054493453662669326,0.054493453662669326
82.625,0.054502945213904544,0.054502945213904544
82.66666666666666,0.05451242575271574,0.05451242575271574
82.70833333333333,0.054521895596968614,0.054521895596968614
82.75,0.054531354396509336,0.054531354396509336
82.79166666666666,0.0545407974718581,0.0545407974718581
82.83333333333333,0.05455022204727016,0.05455022204727016
82.875,0.054559628789832566,0.054559628789832566
82.91666666666666,0.05456901636463714,0.05456901636463714
82.95833333333333,0.05457838120596977,0.05457838120596977
83.0,0.05458771772264034,0.05458771772264034
83.04166666666666,0.05459702712452295,0.05459702712452295
83.08333333333333,0.05460631669885087,0.05460631669885087
83.125,0.05461558713117245,0.05461558713117245
83.16666666666666,0.054624842041417494,0.054624842041417494
83.20833333333333,0.054634082198576656,0.054634082198576656
83.25,0.054643311278985265,0.054643311278985265
83.29166666666666,0.0546525295134082,0.0546525295134082
83.33333333333333,0.05466173939056146,0.05466173939056146
83.375,0.05467094107624883,0.05467094107624883
83.41666666666666,0.054680135567768635,0.054680135567768635
83.45833333333333,0.05468932368816123,0.05468932368816123
83.5,0.054698505690493025,0.054698505690493025
83.54166666666666,0.0547076807256461,0.0547076807256461
83.58333333333333,0.0547168496069677,0.0547168496069677
83.625,0.05472600795655204,0.05472600795655204
83.66666666666666,0.05473515563522861,0.05473515563522861
83.70833333333333,0.05474429303958421,0.05474429303958421
83.75,0.054753419813233686,0.054753419813233686
83.79166666666666,0.054762531520301534,0.054762531520301534
83.83333333333333,0.05477162501677312,0.05477162501677312
83.875,0.05478070110113578,0.05478070110113578
83.91666666666666,0.05478975843263328,0.05478975843263328
83.95833333333333,0.054798793682683394,0.054798793682683394
84.0,0.0548078009197894,0.0548078009197894
84.04166666666666,0.05481678159742825,0.05481678159742825
84.08333333333333,0.054825742839070504,0.054825742839070504
84.125,0.05483468537071622,0.05483468537071622
84.16666666666666,0.05484361281923642,0.05484361281923642
84.20833333333333,0.05485252595552304,0.05485252595552304
84.25,0.05486142847775908,0.05486142847775908
84.29166666666666,0.054870320575893895,0.054870320575893895
84.33333333333333,0.054879204770964765,0.054879204770964765
84.375,0.05488808121891541,0.05488808121891541
84.41666666666666,0.054896950904257974,0.054896950904257974
84.45833333333333,0.054905814652157124,0.054905814652157124
84.5,0.0549146727424468,0.0549146727424468
84.54166666666666,0.05492352428066864,0.05492352428066864
84.58333333333333,0.05493237008670035,0.05493237008670035
84.625,0.054941205930020234,0.054941205930020234
84.66666666666666,0.05495003143910197,0.05495003143910197
84.70833333333333,0.05495884708462386,0.05495884708462386
84.75,0.05496765250422388,0.05496765250422388
84.79166666666666,0.05497644349245438,0.05497644349245438
84.83333333333333,0.05498521655778146,0.05498521655778146
84.875,0.054993972622197504,0.054993972622197504
84.91666666666666,0.055002710339337346,0.055002710339337346
84.95833333333333,0.05501142660360427,0.05501142660360427
85.0,0.05502011516493451,0.05502011516493451
85.04166666666666,0.05502877770796893,0.05502877770796893
85.08333333333333,0.05503742119668487,0.05503742119668487
85.125,0.055046046396631354,0.055046046396631354
85.16666666666666,0.055054656941630295,0.055054656941630295
85.20833333333333,0.05506325360457282,0.05506325360457282
85.25,0.055071840104354876,0.055071840104354876
85.29166666666666,0.055080416592213396,0.055080416592213396
85.33333333333333,0.05508898561965483,0.05508898561965483
85.375,0.05509754733337716,0.05509754733337716
85.41666666666666,0.055106102705907586,0.055106102705907586
85.45833333333333,0.05511465256405455,0.05511465256405455
85.5,0.05512319721322621,0.05512319721322621
85.54166666666666,0.05513173571597495,0.05513173571597495
85.58333333333333,0.05514026889820671,0.05514026889820671
85.625,0.05514879266935433,0.05514879266935433
85.66666666666666,0.055157306437710385,0.055157306437710385
85.70833333333333,0.0551658107437273,0.0551658107437273
85.75,0.05517430521930908,0.05517430521930908
85.79166666666666,0.055182785877098864,0.055182785877098864
85.83333333333333,0.055191248897415945,0.055191248897415945
85.875,0.05519969531841751,0.05519969531841751
85.91666666666666,0.055208123788357884,0.055208123788357884
85.95833333333333,0.05521653141147022,0.05521653141147022
86.0,0.05522491163924989,0.05522491163924989
86.04166666666666,0.05523326637586836,0.05523326637586836
86.08333333333333,0.05524160243001945,0.05524160243001945
86.125,0.05524992060589099,0.05524992060589099
86.16666666666666,0.055258224544246635,0.055258224544246635
86.20833333333333,0.05526651502005879,0.05526651502005879
86.25,0.05527479577186918,0.05527479577186918
86.29166666666666,0.05528306691417861,0.05528306691417861
86.33333333333333,0.0552913310272342,0.0552913310272342
86.375,0.055299588249058375,0.055299588249058375
86.41666666666666,0.05530783954093546,0.05530783954093546
86.45833333333333,0.055316085730892084,0.055316085730892084
86.5,0.05532432714877413,0.05532432714877413
86.54166666666666,0.055332562816355374,0.055332562816355374
86.58333333333333,0.055340793565107446,0.055340793565107446
86.625,0.055349015437421926,0.055349015437421926
86.66666666666666,0.055357227632843266,0.055357227632843266
86.70833333333333,0.05536543075756987,0.05536543075756987
86.75,0.055373624438003866,0.055373624438003866
86.79166666666666,0.05538180489332081,0.05538180489332081
86.83333333333333,0.055389967993790874,0.055389967993790874
86.875,0.055398114886907227,0.055398114886907227
86.91666666666666,0.05540624421576173,0.05540624421576173
86.95833333333333,0.05541435328217471,0.05541435328217471
87.0,0.05542243525784671,0.05542243525784671
87.04166666666666,0.055430492255586196,0.055430492255586196
87.08333333333333,0.05543853093295275,0.05543853093295275
87.125,0.055446552131858146,0.055446552131858146
87.16666666666666,0.05545455949998201,0.05545455949998201
87.20833333333333,0.05546255381444555,0.05546255381444555
87.25,0.055470538832431936,0.055470538832431936
87.29166666666666,0.055478514633564686,0.055478514633564686
87.33333333333333,0.055486483825216884,0.055486483825216884
87.375,0.05549444653726501,0.05549444653726501
87.41666666666666,0.05550240372043869,0.05550240372043869
87.45833333333333,0.055510356203606406,0.055510356203606406
87.5,0.055518304339968925,0.055518304339968925
87.54166666666666,0.05552624711260171,0.05552624711260171
87.58333333333333,0.05553418535811571,0.05553418535811571
87.625,0.055542115245268385,0.055542115245268385
87.66666666666666,0.055550035775601914,0.055550035775601914
87.70833333333333,0.05555794761729924,0.05555794761729924
87.75,0.05556585039148244,0.05556585039148244
87.79166666666666,0.05557374051301987,0.05557374051301987
87.83333333333333,0.055581613559056886,0.055581613559056886
87.875,0.05558947078006293,0.05558947078006293
87.91666666666666,0.0555973108141759,0.0555973108141759
87.95833333333333,0.055605131149398156,0.055605131149398156
88.0,0.055612924694927776,0.055612924694927776
88.04166666666666,0.05562069376199557,0.05562069376199557
88.08333333333333,0.05562844486111367,0.05562844486111367
88.125,0.05563617887100116,0.05563617887100116
88.16666666666666,0.05564389944621364,0.05564389944621364
88.20833333333333,0.055651607366074794,0.055651607366074794
88.25,0.055659306405462565,0.055659306405462565
88.29166666666666,0.055666996610874944,0.055666996610874944
88.33333333333333,0.05567468061529991,0.05567468061529991
88.375,0.05568235854096077,0.05568235854096077
88.41666666666666,0.05569003132867162,0.05569003132867162
88.45833333333333,0.0556976998078106,0.0556976998078106
88.5,0.055705364353900666,0.055705364353900666
88.54166666666666,0.055713023913279085,0.055713023913279085
88.58333333333333,0.0557206793273032,0.0557206793273032
88.625,0.055728326884873454,0.055728326884873454
88.66666666666666,0.05573596539964494,0.05573596539964494
88.70833333333333,0.055743595598267894,0.055743595598267894
88.75,0.05575121709679668,0.05575121709679668
88.79166666666666,0.055758826495611355,0.055758826495611355
88.83333333333333,0.0557664190945832,0.0557664190945832
88.875,0.055773996241226635,0.055773996241226635
88.91666666666666,0.05578155656892504,0.05578155656892504
88.95833333333333,0.055789097741222614,0.055789097741222614
89.0,0.055796612420874345,0.055796612420874345
89.04166666666666,0.05580410310793844,0.05580410310793844
89.08333333333333,0.05581157616990497,0.05581157616990497
89.125,0.055819032521383954,0.055819032521383954
89.16666666666666,0.055826475823753066,0.055826475823753066
89.20833333333333,0.0558339068585808,0.0558339068585808
89.25,0.055841329417548255,0.055841329417548255
89.29166666666666,0.055848743515676744,0.055848743515676744
89.33333333333333,0.05585615181015629,0.05585615181015629
89.375,0.05586355441601521,0.05586355441601521
89.41666666666666,0.055870952264745685,0.055870952264745685
89.45833333333333,0.05587834618594283,0.05587834618594283
89.5,0.05588573657646836,0.05588573657646836
89.54166666666666,0.055893122347767034,0.055893122347767034
89.58333333333333,0.055900504345580325,0.055900504345580325
89.625,0.055907878973082865,0.055907878973082865
89.66666666666666,0.05591524486555812,0.05591524486555812
89.70833333333333,0.05592260280483622,0.05592260280483622
89.75,0.05592995240210683,0.05592995240210683
89.79166666666666,0.05593729043370255,0.05593729043370255
89.83333333333333,0.05594461193706245,0.05594461193706245
89.875,0.055951918351214824,0.055951918351214824
89.91666666666666,0.055959208304979254,0.055959208304979254
89.95833333333333,0.0559664796275159,0.0559664796275159
90.0,0.05597372475005114,0.05597372475005114
90.04166666666666,0.055980946352452945,0.055980946352452945
90.08333333333333,0.055988150663150216,0.055988150663150216
90.125,0.05599533863173014,0.05599533863173014
90.16666666666666,0.05600251392632709,0.05600251392632709
90.20833333333333,0.0560096773307855,0.0560096773307855
90.25,0.05601683265274856,0.05601683265274856
90.29166666666666,0.05602397987731631,0.05602397987731631
90.33333333333333,0.05603112168455705,0.05603112168455705
90.375,0.056038258182731,0.056038258182731
90.41666666666666,0.05604539029456068,0.05604539029456068
90.45833333333333,0.056052518849601045,0.056052518849601045
90.5,0.05605964426511453,0.05605964426511453
90.54166666666666,0.05606676541939434,0.05606676541939434
90.58333333333333,0.05607388316223194,0.05607388316223194
90.625,0.05608099400553099,0.05608099400553099
90.66666666666666,0.05608809641517052,0.05608809641517052
90.70833333333333,0.056095191225083,0.056095191225083
90.75,0.05610227804178784,0.05610227804178784
90.79166666666666,0.056109353808579114,0.056109353808579114
90.83333333333333,0.05611641331438492,0.05611641331438492
90.875,0.056123458084580906,0.056123458084580906
90.91666666666666,0.0561304867436055,0.0561304867436055
90.95833333333333,0.056137497276960074,0.056137497276960074
91.0,0.05614448189821545,0.05614448189821545
91.04166666666666,0.05615144345855946,0.05615144345855946
91.08333333333333,0.056158388051256045,0.056158388051256045
91.125,0.05616531665996027,0.05616531665996027
91.16666666666666,0.05617223295948734,0.05617223295948734
91.20833333333333,0.056179137735979025,0.056179137735979025
91.25,0.056186034812247036,0.056186034812247036
91.29166666666666,0.056192924144937546,0.056192924144937546
91.33333333333333,0.05619980843575661,0.05619980843575661
91.375,0.056206687786594156,0.056206687786594156
91.41666666666666,0.056213563111917116,0.056213563111917116
91.45833333333333,0.05622043524101495,0.05622043524101495
91.5,0.0562273046106566,0.0562273046106566
91.54166666666666,0.05623417006762588,0.05623417006762588
91.58333333333333,0.05624103246545617,0.05624103246545617
91.625,0.056247888419540065,0.056247888419540065
91.66666666666666,0.056254736234804543,0.056254736234804543
91.70833333333333,0.0562615767944025,0.0562615767944025
91.75,0.05626840970036921,0.05626840970036921
91.79166666666666,0.056275232054500475,0.056275232054500475
91.83333333333333,0.056282038410276604,0.056282038410276604
91.875,0.056288830374592494,0.056288830374592494
91.91666666666666,0.056295606567680186,0.056295606567680186
91.95833333333333,0.056302365122711716,0.056302365122711716
92.0,0.05630909804851352,0.05630909804851352
92.04166666666666,0.05631580835959293,0.05631580835959293
92.08333333333333,0.05632250201787889,0.05632250201787889
92.125,0.0563291800401913,0.0563291800401913
92.16666666666666,0.0563358461079413,0.0563358461079413
92.20833333333333,0.05634250100958034,0.05634250100958034
92.25,0.056349148582339394,0.056349148582339394
92.29166666666666,0.05635578875579655,0.05635578875579655
92.33333333333333,0.05636242425213183,0.05636242425213183
92.375,0.05636905516723602,0.05636905516723602
92.41666666666666,0.056375682407799464,0.056375682407799464
92.45833333333333,0.05638230680264946,0.05638230680264946
92.5,0.05638892880720841,0.05638892880720841
92.54166666666666,0.05639554723830119,0.05639554723830119
92.58333333333333,0.056402162952918826,0.056402162952918826
92.625,0.056408772664986666,0.056408772664986666
92.66666666666666,0.056415374526453926,0.056415374526453926
92.70833333333333,0.05642196946699283,0.05642196946699283
92.75,0.05642855708433294,0.05642855708433294
92.79166666666666,0.056435134630804,0.056435134630804
92.83333333333333,0.056441696436709016,0.056441696436709016
92.875,0.05644824418594559,0.05644824418594559
92.91666666666666,0.0564547764947069,0.0564547764947069
92.95833333333333,0.05646129163572156,0.05646129163572156
93.0,0.05646778142509966,0.05646778142509966
93.04166666666666,0.05647424903311937,0.05647424903311937
93.08333333333333,0.056480700294138174,0.056480700294138174
93.125,0.05648713625724549,0.05648713625724549
93.16666666666666,0.05649356061035451,0.05649356061035451
93.20833333333333,0.056499974144231684,0.056499974144231684
93.25,0.05650638070982009,0.05650638070982009
93.29166666666666,0.05651278021093713,0.05651278021093713
93.33333333333333,0.056519175389145915,0.056519175389145915
93.375,0.0565255663346841,0.0565255663346841
93.41666666666666,0.05653195394691179,0.05653195394691179
93.45833333333333,0.05653833905402295,0.05653833905402295
93.5,0.05654472212928073,0.05654472212928073
93.54166666666666,0.05655110196101405,0.05655110196101405
93.58333333333333,0.05655747940940941,0.05655747940940941
93.625,0.05656385128224032,0.05656385128224032
93.66666666666666,0.05657021558599764,0.05657021558599764
93.70833333333333,0.0565765732943422,0.0565765732943422
93.75,0.05658292400086861,0.05658292400086861
93.79166666666666,0.05658926510093847,0.05658926510093847
93.83333333333333,0.05659559071320121,0.05659559071320121
93.875,0.05660190259433238,0.05660190259433238
93.91666666666666,0.05660819935664668,0.05660819935664668
93.95833333333333,0.056614479404836444,0.056614479404836444
94.0,0.05662073437350124,0.05662073437350124
94.04166666666666,0.056626967581564616,0.056626967581564616
94.08333333333333,0.05663318473950651,0.05663318473950651
94.125,0.0566393869277997,0.0566393869277997
94.16666666666666,0.05664557784075981,0.05664557784075981
94.20833333333333,0.056651758271465326,0.056651758271465326
94.25,0.05665793208390222,0.05665793208390222
94.29166666666666,0.056664099157365574,0.056664099157365574
94.33333333333333,0.05667026225177521,0.05667026225177521
94.375,0.05667642145203933,0.05667642145203933
94.41666666666666,0.05668257765060487,0.05668257765060487
94.45833333333333,0.056688731674884404,0.056688731674884404
94.5,0.056694884015205206,0.056694884015205206
94.54166666666666,0.05670103343278462,0.05670103343278462
94.58333333333333,0.056707180790762486,0.056707180790762486
94.625,0.056713322986319085,0.056713322986319085
94.66666666666666,0.056719457887597816,0.056719457887597816
94.70833333333333,0.05672558650987087,0.05672558650987087
94.75,0.05673170844276186,0.05673170844276186
94.79166666666666,0.05673782121758127,0.05673782121758127
94.83333333333333,0.05674391875217571,0.05674391875217571
94.875,0.056750002872037235,0.056750002872037235
94.91666666666666,0.05675607218575594,0.05675607218575594
94.95833333333333,0.05676212522286534,0.05676212522286534
95.0,0.05676815344691818,0.05676815344691818
95.04166666666666,0.05677416031874325,0.05677416031874325
95.08333333333333,0.056780151428568466,0.056780151428568466
95.125,0.05678612788737419,0.05678612788737419
95.16666666666666,0.05679209339577216,0.05679209339577216
95.20833333333333,0.05679804874914408,0.05679804874914408
95.25,0.05680399782388655,0.05680399782388655
95.29166666666666,0.056809940475942476,0.056809940475942476
95.33333333333333,0.056815879482624676,0.056815879482624676
95.375,0.056821814923814225,0.056821814923814225
95.41666666666666,0.05682774768543424,0.05682774768543424
95.45833333333333,0.05683367859398833,0.05683367859398833
95.5,0.056839608156127486,0.056839608156127486
95.54166666666666,0.05684553510726549,0.05684553510726549
95.58333333333333,0.05685146031327218,0.05685146031327218
95.625,0.05685738075653052,0.05685738075653052
95.66666666666666,0.05686329417355175,0.05686329417355175
95.70833333333333,0.05686920161898876,0.05686920161898876
95.75,0.05687510267865127,0.05687510267865127
95.79166666666666,0.05688099501311882,0.05688099501311882
95.83333333333333,0.05688687234964264,0.05688687234964264
95.875,0.05689273657881953,0.05689273657881953
95.91666666666666,0.05689858630566244,0.05689858630566244
95.95833333333333,0.05690442013518431,0.05690442013518431
96.0,0.05691022949771197,0.05691022949771197
96.04166666666666,0.056916017861547694,0.056916017861547694
96.08333333333333,0.05692179074290799,0.05692179074290799
96.125,0.05692754928241658,0.05692754928241658
96.16666666666666,0.056933297186869514,0.056933297186869514
96.20833333333333,0.056939035253937516,0.056939035253937516
96.25,0.056944767371829796,0.056944767371829796
96.29166666666666,0.05695049337424402,0.05695049337424402
96.33333333333333,0.05695621605498013,0.05695621605498013
96.375,0.0569619354891747,0.0569619354891747
96.41666666666666,0.05696765255659088,0.05696765255659088
96.45833333333333,0.056973368082714235,0.056973368082714235
96.5,0.056979082589813095,0.056979082589813095
96.54166666666666,0.056984794788734625,0.056984794788734625
96.58333333333333,0.05699050554787247,0.05699050554787247
96.625,0.056996211930829585,0.056996211930829585
96.66666666666666,0.05700191154883203,0.05700191154883203
96.70833333333333,0.05700760549381858,0.05700760549381858
96.75,0.05701329334793568,0.05701329334793568
96.79166666666666,0.05701897289472661,0.05701897289472661
96.83333333333333,0.057024637680458526,0.057024637680458526
96.875,0.057030289657351844,0.057030289657351844
96.91666666666666,0.057035927426983726,0.057035927426983726
96.95833333333333,0.05704154959093134,0.05704154959093134
97.0,0.05704714777337023,0.05704714777337023
97.04166666666666,0.05705272522608568,0.05705272522608568
97.08333333333333,0.057058287467418096,0.057058287467418096
97.125,0.05706383566678259,0.05706383566678259
97.16666666666666,0.05706937353704349,0.05706937353704349
97.20833333333333,0.05707490187814121,0.05707490187814121
97.25,0.05708042458953148,0.05708042458953148
97.29166666666666,0.057085941483715194,0.057085941483715194
97.33333333333333,0.05709145537012677,0.05709145537012677
97.375,0.05709696631942293,0.05709696631942293
97.41666666666666,0.057102475205547246,0.057102475205547246
97.45833333333333,0.05710798285287472,0.05710798285287472
97.5,0.057113489798616614,0.057113489798616614
97.54166666666666,0.05711899473022438,0.05711899473022438
97.58333333333333,0.05712449851842512,0.05712449851842512
97.625,0.057129998304264636,0.057129998304264636
97.66666666666666,0.05713549157968929,0.05713549157968929
97.70833333333333,0.05714097947195439,0.05714097947195439
97.75,0.05714646155968765,0.05714646155968765
97.79166666666666,0.05715193574343764,0.05715193574343764
97.83333333333333,0.05715739539754741,0.05715739539754741
97.875,0.05716284253259265,0.05716284253259265
97.91666666666666,0.05716827574685036,0.05716827574685036
97.95833333333333,0.057173693638597554,0.057173693638597554
98.0,0.057179088016329725,0.057179088016329725
98.04166666666666,0.05718446192765043,0.05718446192765043
98.08333333333333,0.05718982089041733,0.05718982089041733
98.125,0.057195166101998304,0.057195166101998304
98.16666666666666,0.05720050128120606,0.05720050128120606
98.20833333333333,0.057205827230227047,0.057205827230227047
98.25,0.05721114785922768,0.05721114785922768
98.29166666666666,0.05721646296050502,0.05721646296050502
98.33333333333333,0.057221775358325476,0.057221775358325476
98.375,0.057227085119113646,0.057227085119113646
98.41666666666666,0.05723239311131211,0.05723239311131211
98.45833333333333,0.05723770015810764,0.05723770015810764
98.5,0.05724300681101071,0.05724300681101071
98.54166666666666,0.0572483117351855,0.0572483117351855
98.58333333333333,0.05725361580351681,0.05725361580351681
98.625,0.057258916230911325,0.057258916230911325
98.66666666666666,0.057264210395718176,0.057264210395718176
98.70833333333333,0.05726949945865757,0.05726949945865757
98.75,0.05727478299497718,0.05727478299497718
98.79166666666666,0.057280059016599355,0.057280059016599355
98.83333333333333,0.05728532073448536,0.05728532073448536
98.875,0.05729057021449653,0.05729057021449653
98.91666666666666,0.05729580605173984,0.05729580605173984
98.95833333333333,0.05730102684132226,0.05730102684132226
99.0,0.0573062245670631,0.0573062245670631
99.04166666666666,0.05731140208393123,0.05731140208393123
99.08333333333333,0.05731656490698331,0.05731656490698331
99.125,0.05732171426071526,0.05732171426071526
99.16666666666666,0.0573268538697661,0.0573268538697661
99.20833333333333,0.05733198453854,0.05733198453854
99.25,0.05733711018740587,0.05733711018740587
99.29166666666666,0.057342230589399676,0.057342230589399676
99.33333333333333,0.05734734858286274,0.05734734858286274
99.375,0.057352464230219946,0.057352464230219946
99.41666666666666,0.05735757839471175,0.05735757839471175
99.45833333333333,0.05736269189827223,0.05736269189827223
99.5,0.05736780530609564,0.05736780530609564
99.54166666666666,0.05737291726211017,0.05737291726211017
99.58333333333333,0.057378028641195906,0.057378028641195906
99.625,0.05738313672871668,0.05738313672871668
99.66666666666666,0.05738823879481165,0.05738823879481165
99.70833333333333,0.05739333603192188,0.05739333603192188
99.75,0.057398428012048204,0.057398428012048204
99.79166666666666,0.057403512853154495,0.057403512853154495
99.83333333333333,0.05740858361088875,0.05740858361088875
99.875,0.057413642403510205,0.057413642403510205
99.91666666666666,0.057418687823080815,0.057418687823080815
99.95833333333333,0.05742371846166251,0.05742371846166251
100.0,0.057428726469889994,0.057428726469889994
