time,APlasma,[APlasma]
0.0,0.0,0.0
0.041666666666666664,1.425150633944301e-07,1.425150633944301e-07
0.08333333333333333,1.118168851775455e-06,1.118168851775455e-06
0.125,3.701383951631052e-06,3.701383951631052e-06
0.16666666666666666,8.605761518465897e-06,8.605761518465897e-06
0.20833333333333331,1.6487479282935476e-05,1.6487479282935476e-05
0.25,2.7948523775028064e-05,2.7948523775028064e-05
0.29166666666666663,4.3539761203353806e-05,4.3539761203353806e-05
0.3333333333333333,6.376385685053084e-05,6.376385685053084e-05
0.375,8.90780539552683e-05,8.90780539552683e-05
0.41666666666666663,0.00011989681148862759,0.00011989681148862759
0.4583333333333333,0.00015659430159859058,0.00015659430159859058
0.5,0.0001995067964214532,0.0001995067964214532
0.5416666666666666,0.00024893492300852467,0.00024893492300852467
0.5833333333333333,0.00030514580741331984,0.00030514580741331984
0.625,0.00036837512480357865,0.00036837512480357865
0.6666666666666666,0.0004388290322927941,0.0004388290322927941
0.7083333333333333,0.0005166859895033615,0.0005166859895033615
0.75,0.0006020984944369073,0.0006020984944369073
0.7916666666666666,0.0006951947405375302,0.0006951947405375302
0.8333333333333333,0.0007960801865061306,0.0007960801865061306
0.875,0.0009048390377888584,0.0009048390377888584
0.9166666666666666,0.001021535634160481,0.001021535634160481
0.9583333333333333,0.001146215803584125,0.001146215803584125
1.0,0.0012789080711677536,0.0012789080711677536
1.0416666666666665,0.0014197689673636235,0.0014197689673636235
1.0833333333333333,0.0015694829619276867,0.0015694829619276867
1.125,0.0017288109402067888,0.0017288109402067888
1.1666666666666665,0.0018984379873506407,0.0018984379873506407
1.2083333333333333,0.002078978407972711,0.002078978407972711
1.25,0.0022709817373698818,0.0022709817373698818
1.2916666666666665,0.0024749365575338312,0.0024749365575338312
1.3333333333333333,0.0026912742194888655,0.0026912742194888655
1.375,0.0029203719521657904,0.0029203719521657904
1.4166666666666665,0.0031625571953514385,0.0031625571953514385
1.4583333333333333,0.003418108762633292,0.003418108762633292
1.5,0.0036872626384457227,0.0036872626384457227
1.5416666666666665,0.003970209352308859,0.003970209352308859
1.5833333333333333,0.004267102594403755,0.004267102594403755
1.625,0.0045780602283916234,0.0045780602283916234
1.6666666666666665,0.004903165552452933,0.004903165552452933
1.7083333333333333,0.005242472057021113,0.005242472057021113
1.75,0.0055960022101137425,0.0055960022101137425
1.7916666666666665,0.005963752345890234,0.005963752345890234
1.8333333333333333,0.006345694733377955,0.006345694733377955
1.875,0.006741773198454249,0.006741773198454249
1.9166666666666665,0.007151917699729583,0.007151917699729583
1.9583333333333333,0.007576030163472146,0.007576030163472146
2.0,0.008013999062817512,0.008013999062817512
2.0416666666666665,0.008465848852096766,0.008465848852096766
2.083333333333333,0.00893210003643894,0.00893210003643894
2.125,0.009413374686783273,0.009413374686783273
2.1666666666666665,0.009910216815546042,0.009910216815546042
2.208333333333333,0.010423089712508606,0.010423089712508606
2.25,0.010952403530625465,0.010952403530625465
2.2916666666666665,0.01149851107101419,0.01149851107101419
2.333333333333333,0.012061700495197412,0.012061700495197412
2.375,0.012642203711803676,0.012642203711803676
2.4166666666666665,0.013240202741544117,0.013240202741544117
2.458333333333333,0.013855834201468981,0.013855834201468981
2.5,0.014489192246873844,0.014489192246873844
2.5416666666666665,0.015140331773707237,0.015140331773707237
2.583333333333333,0.015809270163876465,0.015809270163876465
2.625,0.016495990228802965,0.016495990228802965
2.6666666666666665,0.01720044515537807,0.01720044515537807
2.708333333333333,0.017922550050279273,0.017922550050279273
2.75,0.018662205334195384,0.018662205334195384
2.7916666666666665,0.01941927229699301,0.01941927229699301
2.833333333333333,0.020193583851206603,0.020193583851206603
2.875,0.020984975222878236,0.020984975222878236
2.9166666666666665,0.021793230196592836,0.021793230196592836
2.958333333333333,0.022618137263028554,0.022618137263028554
3.0,0.0234594628421663,0.0234594628421663
3.0416666666666665,0.02431712016667416,0.02431712016667416
3.083333333333333,0.025191500718484004,0.025191500718484004
3.125,0.026083114831600952,0.026083114831600952
3.1666666666666665,0.02699239570278752,0.02699239570278752
3.208333333333333,0.027919709492801943,0.027919709492801943
3.25,0.02886535512226932,0.02886535512226932
3.2916666666666665,0.02982955629740708,0.02982955629740708
3.333333333333333,0.030812515466730975,0.030812515466730975
3.375,0.031814355756334484,0.031814355756334484
3.4166666666666665,0.03283517821437299,0.03283517821437299
3.458333333333333,0.03387501728220141,0.03387501728220141
3.5,0.03493387143074811,0.03493387143074811
3.5416666666666665,0.03601169472728165,0.03601169472728165
3.583333333333333,0.037108410980554424,0.037108410980554424
3.625,0.03822390962861732,0.03822390962861732
3.6666666666666665,0.039358050666529976,0.039358050666529976
3.708333333333333,0.04051067008719973,0.04051067008719973
3.75,0.041681574231976895,0.041681574231976895
3.7916666666666665,0.042870548308668016,0.042870548308668016
3.833333333333333,0.04407735574018053,0.04407735574018053
3.875,0.04530173884485338,0.04530173884485338
3.9166666666666665,0.04654343097302561,0.04654343097302561
3.958333333333333,0.04780213623337823,0.04780213623337823
4.0,0.049077536637590895,0.049077536637590895
4.041666666666666,0.05036948439397763,0.05036948439397763
4.083333333333333,0.051678283201193866,0.051678283201193866
4.125,0.05300438553791326,0.05300438553791326
4.166666666666666,0.054348141948962383,0.054348141948962383
4.208333333333333,0.055709863334022384,0.055709863334022384
4.25,0.05708979693458919,0.05708979693458919
4.291666666666666,0.05848812073068518,0.05848812073068518
4.333333333333333,0.05990495258800649,0.05990495258800649
4.375,0.061340364704011434,0.061340364704011434
4.416666666666666,0.06279439687499459,0.06279439687499459
4.458333333333333,0.06426702795282167,0.06426702795282167
4.5,0.06575821672719268,0.06575821672719268
4.541666666666666,0.06726786881434599,0.06726786881434599
4.583333333333333,0.06879585603130618,0.06879585603130618
4.625,0.07034202303728888,0.07034202303728888
4.666666666666666,0.071906172303205,0.071906172303205
4.708333333333333,0.07348809751647607,0.07348809751647607
4.75,0.07508755053669837,0.07508755053669837
4.791666666666666,0.07670427998332104,0.07670427998332104
4.833333333333333,0.07833799881776533,0.07833799881776533
4.875,0.07998841557561896,0.07998841557561896
4.916666666666666,0.08165521059318506,0.08165521059318506
4.958333333333333,0.08333805897964236,0.08333805897964236
5.0,0.0850366127718589,0.0850366127718589
5.041666666666666,0.08675071469908159,0.08675071469908159
5.083333333333333,0.08848059173709068,0.08848059173709068
5.125,0.09022667080072273,0.09022667080072273
5.166666666666666,0.09198927905334152,0.09198927905334152
5.208333333333333,0.09376866534193291,0.09376866534193291
5.25,0.09556506108803361,0.09556506108803361
5.291666666666666,0.09737863139296159,0.09737863139296159
5.333333333333333,0.09920943702592923,0.09920943702592923
5.375,0.10105758153653657,0.10105758153653657
5.416666666666666,0.10292302977172711,0.10292302977172711
5.458333333333333,0.10480575500294413,0.10480575500294413
5.5,0.10670568473635143,0.10670568473635143
5.541666666666666,0.10862267584583875,0.10862267584583875
5.583333333333333,0.11055660867810839,0.11055660867810839
5.625,0.11250728880441745,0.11250728880441745
5.666666666666666,0.11447450502853941,0.11447450502853941
5.708333333333333,0.11645803702309865,0.11645803702309865
5.75,0.11845759584383654,0.11845759584383654
5.791666666666666,0.12047293875349856,0.12047293875349856
5.833333333333333,0.12250375719954044,0.12250375719954044
5.875,0.1245497320386527,0.1245497320386527
5.916666666666666,0.12661055139346358,0.12661055139346358
5.958333333333333,0.12868585240968683,0.12868585240968683
6.0,0.1307752788154788,0.1307752788154788
6.041666666666666,0.13287866978022814,0.13287866978022814
6.083333333333333,0.1349962037949694,0.1349962037949694
6.125,0.13712830400536669,0.13712830400536669
6.166666666666666,0.13927528552030258,0.13927528552030258
6.208333333333333,0.1414373918917607,0.1414373918917607
6.25,0.14361480245909367,0.14361480245909367
6.291666666666666,0.14580769604770474,0.14580769604770474
6.333333333333333,0.1480161391619232,0.1480161391619232
6.375,0.15024020264956692,0.15024020264956692
6.416666666666666,0.1524798676011177,0.1524798676011177
6.458333333333333,0.15473508660230476,0.15473508660230476
6.5,0.15700578347526942,0.15700578347526942
6.541666666666666,0.15929180838916476,0.15929180838916476
6.583333333333333,0.16159304026841498,0.16159304026841498
6.625,0.16390924446206523,0.16390924446206523
6.666666666666666,0.1662402574485855,0.1662402574485855
6.708333333333333,0.16858578752822428,0.16858578752822428
6.75,0.17094561903541944,0.17094561903541944
6.791666666666666,0.17331942540003328,0.17331942540003328
6.833333333333333,0.17570693739405008,0.17570693739405008
6.875,0.1781077923808467,0.1781077923808467
6.916666666666666,0.1805216887582423,0.1805216887582423
6.958333333333333,0.18294827974152017,0.18294827974152017
7.0,0.18538717825081166,0.18538717825081166
7.041666666666666,0.18783828579117595,0.18783828579117595
7.083333333333333,0.1903017161313428,0.1903017161313428
7.125,0.19277790513780865,0.19277790513780865
7.166666666666666,0.1952671528617116,0.1952671528617116
7.208333333333333,0.19776971173520996,0.19776971173520996
7.25,0.20028575558914932,0.20028575558914932
7.291666666666666,0.20281541975499814,0.20281541975499814
7.333333333333333,0.20535883874814082,0.20535883874814082
7.375,0.20791599720699258,0.20791599720699258
7.416666666666666,0.21048698069928326,0.21048698069928326
7.458333333333333,0.21307164611079596,0.21307164611079596
7.5,0.21567000797672362,0.21567000797672362
7.541666666666666,0.2182818414326873,0.2182818414326873
7.583333333333333,0.2209070862257473,0.2209070862257473
7.625,0.22354546214925275,0.22354546214925275
7.666666666666666,0.22619684078517355,0.22619684078517355
7.708333333333333,0.2288609003169188,0.2288609003169188
7.75,0.23153745163602238,0.23153745163602238
7.791666666666666,0.23422614556911797,0.23422614556911797
7.833333333333333,0.23692673235608053,0.23692673235608053
7.875,0.2396388537588863,0.2396388537588863
7.916666666666666,0.24236220003327172,0.24236220003327172
7.958333333333333,0.2450964059488815,0.2450964059488815
8.0,0.2478411176417345,0.2478411176417345
8.041666666666666,0.2505962046365622,0.2505962046365622
8.083333333333332,0.2533618231524609,0.2533618231524609
8.125,0.25613839755604656,0.25613839755604656
8.166666666666666,0.25892621795236936,0.25892621795236936
8.208333333333332,0.2617255434920622,0.2617255434920622
8.25,0.26453657236018424,0.26453657236018424
8.291666666666666,0.26735938813606686,0.26735938813606686
8.333333333333332,0.27019414885217324,0.27019414885217324
8.375,0.2730408934073842,0.2730408934073842
8.416666666666666,0.27589958846224777,0.27589958846224777
8.458333333333332,0.27877028872542675,0.27877028872542675
8.5,0.281652784348582,0.281652784348582
8.541666666666666,0.28454710198395583,0.28454710198395583
8.583333333333332,0.2874529389014797,0.2874529389014797
8.625,0.2903702344117041,0.2903702344117041
8.666666666666666,0.2932987059545257,0.2932987059545257
8.708333333333332,0.29623814272520776,0.29623814272520776
8.75,0.2991882949127289,0.2991882949127289
8.791666666666666,0.3021488468731737,0.3021488468731737
8.833333333333332,0.30511954961098003,0.30511954961098003
8.875,0.3081000280944292,0.3081000280944292
8.916666666666666,0.3110900129151904,0.3110900129151904
8.958333333333332,0.3140890974334385,0.3140890974334385
9.0,0.3170969726102656,0.3170969726102656
9.041666666666666,0.320113505447767,0.320113505447767
9.083333333333332,0.3231388530897264,0.3231388530897264
9.125,0.32617343703680596,0.32617343703680596
9.166666666666666,0.3292175494732036,0.3292175494732036
9.208333333333332,0.33227145370846806,0.33227145370846806
9.25,0.3353353488456897,0.3353353488456897
9.291666666666666,0.3384094032889559,0.3384094032889559
9.333333333333332,0.34149368057396207,0.34149368057396207
9.375,0.3445882813368949,0.3445882813368949
9.416666666666666,0.3476931781188464,0.3476931781188464
9.458333333333332,0.35080828419924476,0.35080828419924476
9.5,0.35393351235956244,0.35393351235956244
9.541666666666666,0.3570688339040361,0.3570688339040361
9.583333333333332,0.3602140915442225,0.3602140915442225
9.625,0.3633689964774443,0.3633689964774443
9.666666666666666,0.36653348860533336,0.36653348860533336
9.708333333333332,0.3697073980417651,0.3697073980417651
9.75,0.3728903146892207,0.3728903146892207
9.791666666666666,0.37608205700307135,0.37608205700307135
9.833333333333332,0.37928233747393014,0.37928233747393014
9.875,0.3824908352253419,0.3824908352253419
9.916666666666666,0.38570720856855417,0.38570720856855417
9.958333333333332,0.3889310939793589,0.3889310939793589
10.0,0.39216213488938895,0.39216213488938895
10.041666666666666,0.3954001567977101,0.3954001567977101
10.083333333333332,0.3986453959878935,0.3986453959878935
10.125,0.4018982915098535,0.4018982915098535
10.166666666666666,0.40515913378568114,0.40515913378568114
10.208333333333332,0.40842818247041146,0.40842818247041146
10.25,0.41170565195546144,0.41170565195546144
10.291666666666666,0.41499167024887257,0.41499167024887257
10.333333333333332,0.41828639533399953,0.41828639533399953
10.375,0.4215898277343155,0.4215898277343155
10.416666666666666,0.42490204151689626,0.42490204151689626
10.458333333333332,0.42822295760271,0.42822295760271
10.5,0.4315524961826508,0.4315524961826508
10.541666666666666,0.434890494289624,0.434890494289624
10.583333333333332,0.43823689777596797,0.43823689777596797
10.625,0.44159159358922645,0.44159159358922645
10.666666666666666,0.44495419174825734,0.44495419174825734
10.708333333333332,0.4483246191375599,0.4483246191375599
10.75,0.45170268509322714,0.45170268509322714
10.791666666666666,0.455088058057619,0.455088058057619
10.833333333333332,0.4584804303950532,0.4584804303950532
10.875,0.4618795351473402,0.4618795351473402
10.916666666666666,0.46528504922408565,0.46528504922408565
10.958333333333332,0.46869663547077167,0.46869663547077167
11.0,0.47211392441398115,0.47211392441398115
11.041666666666666,0.4755367194584743,0.4755367194584743
11.083333333333332,0.478965282754381,0.478965282754381
11.125,0.48240004270460474,0.48240004270460474
11.166666666666666,0.48584132735283614,0.48584132735283614
11.208333333333332,0.48928935779349714,0.48928935779349714
11.25,0.49274436331773247,0.49274436331773247
11.291666666666666,0.49620651211606004,0.49620651211606004
11.333333333333332,0.49967588067558677,0.49967588067558677
11.375,0.5031525954020376,0.5031525954020376
11.416666666666666,0.5066366115240641,0.5066366115240641
11.458333333333332,0.5101279749401562,0.5101279749401562
11.5,0.5136265583384487,0.5136265583384487
11.541666666666666,0.5171322903000393,0.5171322903000393
11.583333333333332,0.5206449402219029,0.5206449402219029
11.625,0.5241644328425628,0.5241644328425628
11.666666666666666,0.5276906542462002,0.5276906542462002
11.708333333333332,0.5312232167590889,0.5312232167590889
11.75,0.5347619640192526,0.5347619640192526
11.791666666666666,0.5383066971539491,0.5383066971539491
11.833333333333332,0.5418571435177569,0.5418571435177569
11.875,0.5454129154617773,0.5454129154617773
11.916666666666666,0.548973751883213,0.548973751883213
11.958333333333332,0.552539317597679,0.552539317597679
12.0,0.5561092796698096,0.5561092796698096
12.041666666666666,0.5596834410710945,0.5596834410710945
12.083333333333332,0.5632620642928521,0.5632620642928521
12.125,0.56684557238018,0.56684557238018
12.166666666666666,0.5704342920095481,0.5704342920095481
12.208333333333332,0.5740284513395832,0.5740284513395832
12.25,0.5776282864889977,0.5776282864889977
12.291666666666666,0.581233956130614,0.581233956130614
12.333333333333332,0.5848456011434462,0.5848456011434462
12.375,0.5884632804492375,0.5884632804492375
12.416666666666666,0.5920869332095737,0.5920869332095737
12.458333333333332,0.5957166631367242,0.5957166631367242
12.5,0.5993523233996882,0.5993523233996882
12.541666666666666,0.6029938559978554,0.6029938559978554
12.583333333333332,0.6066412061741915,0.6066412061741915
12.625,0.6102940797823376,0.6102940797823376
12.666666666666666,0.6139524374418415,0.6139524374418415
12.708333333333332,0.6176159497596885,0.6176159497596885
12.75,0.6212844361672403,0.6212844361672403
12.791666666666666,0.6249576572699371,0.6249576572699371
12.833333333333332,0.628635267321323,0.628635267321323
12.875,0.6323170576417567,0.6323170576417567
12.916666666666666,0.6360026293751707,0.6360026293751707
12.958333333333332,0.6396917199581539,0.6396917199581539
13.0,0.643383984935509,0.643383984935509
13.041666666666666,0.647079319424444,0.647079319424444
13.083333333333332,0.6507779319647111,0.6507779319647111
13.125,0.6544802607787902,0.6544802607787902
13.166666666666666,0.6581866109178041,0.6581866109178041
13.208333333333332,0.6618972419196072,0.6618972419196072
13.25,0.6656123644117531,0.6656123644117531
13.291666666666666,0.6693321523725202,0.6693321523725202
13.333333333333332,0.6730567481966027,0.6730567481966027
13.375,0.6767862130734016,0.6767862130734016
13.416666666666666,0.6805205743467919,0.6805205743467919
13.458333333333332,0.6842597551833083,0.6842597551833083
13.5,0.6880038393915968,0.6880038393915968
13.541666666666666,0.6917525809579365,0.6917525809579365
13.583333333333332,0.6955059705639502,0.6955059705639502
13.625,0.6992638885943938,0.6992638885943938
13.666666666666666,0.7030260277850778,0.7030260277850778
13.708333333333332,0.7067923272591238,0.7067923272591238
13.75,0.7105624424684398,0.7105624424684398
13.791666666666666,0.714336165832387,0.714336165832387
13.833333333333332,0.7181132624600405,0.7181132624600405
13.875,0.7218933537162452,0.7218933537162452
13.916666666666666,0.7256762208928405,0.7256762208928405
13.958333333333332,0.7294614919870296,0.7294614919870296
14.0,0.733248847540573,0.733248847540573
14.041666666666666,0.7370382118086377,0.7370382118086377
14.083333333333332,0.7408297917247069,0.7408297917247069
14.125,0.7446240403489673,0.7446240403489673
14.166666666666666,0.7484212521822622,0.7484212521822622
14.208333333333332,0.7522217164575219,0.7522217164575219
14.25,0.7560255881952234,0.7560255881952234
14.291666666666666,0.7598330877743316,0.7598330877743316
14.333333333333332,0.7636443240334789,0.7636443240334789
14.375,0.7674594188585363,0.7674594188585363
14.416666666666666,0.7712783806823611,0.7712783806823611
14.458333333333332,0.7751011656600059,0.7751011656600059
14.5,0.7789277230638256,0.7789277230638256
14.541666666666666,0.7827580906561546,0.7827580906561546
14.583333333333332,0.7865919479253204,0.7865919479253204
14.625,0.7904293257892039,0.7904293257892039
14.666666666666666,0.7942700344933967,0.7942700344933967
14.708333333333332,0.798113768214976,0.798113768214976
14.75,0.8019604426996043,0.8019604426996043
14.791666666666666,0.8058096917091093,0.8058096917091093
14.833333333333332,0.8096612941981595,0.8096612941981595
14.875,0.8135150112772105,0.8135150112772105
14.916666666666666,0.8173704408180225,0.8173704408180225
14.958333333333332,0.8212273540962098,0.8212273540962098
15.0,0.8250853953741947,0.8250853953741947
15.041666666666666,0.8289444588856515,0.8289444588856515
15.083333333333332,0.8328047910971954,0.8328047910971954
15.125,0.8366668610178598,0.8366668610178598
15.166666666666666,0.8405309578254041,0.8405309578254041
15.208333333333332,0.8443973545688813,0.8443973545688813
15.25,0.8482662223707902,0.8482662223707902
15.291666666666666,0.8521377710089464,0.8521377710089464
15.333333333333332,0.8560121314853755,0.8560121314853755
15.375,0.8598893975279566,0.8598893975279566
15.416666666666666,0.8637696182467747,0.8637696182467747
15.458333333333332,0.8676528098831537,0.8676528098831537
15.5,0.8715387952465908,0.8715387952465908
15.541666666666666,0.8754276184917521,0.8754276184917521
15.583333333333332,0.879319204477163,0.879319204477163
15.625,0.8832132521218755,0.8832132521218755
15.666666666666666,0.8871097678766988,0.8871097678766988
15.708333333333332,0.8910084894096509,0.8910084894096509
15.75,0.8949091454322957,0.8949091454322957
15.791666666666666,0.898811621358764,0.898811621358764
15.833333333333332,0.9027155095064757,0.9027155095064757
15.875,0.9066206061355951,0.9066206061355951
15.916666666666666,0.9105266501694018,0.9105266501694018
15.958333333333332,0.9144332286283374,0.9144332286283374
16.0,0.9183401026749103,0.9183401026749103
16.041666666666664,0.9222471357892198,0.9222471357892198
16.083333333333332,0.9261546063147061,0.9261546063147061
16.125,0.9300629861240624,0.9300629861240624
16.166666666666664,0.9339725376333934,0.9339725376333934
16.208333333333332,0.937883531669461,0.937883531669461
16.25,0.9417961951831966,0.9417961951831966
16.291666666666664,0.9457106781137498,0.9457106781137498
16.333333333333332,0.9496271532487883,0.9496271532487883
16.375,0.9535456764848727,0.9535456764848727
16.416666666666664,0.9574663612374973,0.9574663612374973
16.458333333333332,0.9613891470828577,0.9613891470828577
16.5,0.9653140403359519,0.9653140403359519
16.541666666666664,0.969240847930118,0.969240847930118
16.583333333333332,0.9731696102669021,0.9731696102669021
16.625,0.9771001397320649,0.9771001397320649
16.666666666666664,0.9810322003078988,0.9810322003078988
16.708333333333332,0.9849657597049062,0.9849657597049062
16.75,0.9889004146183392,0.9889004146183392
16.791666666666664,0.9928359449457526,0.9928359449457526
16.833333333333332,0.9967721943929884,0.9967721943929884
16.875,1.0007089590979676,1.0007089590979676
16.916666666666664,1.0046458699889171,1.0046458699889171
16.958333333333332,1.0085825269511348,1.0085825269511348
17.0,1.0125187298294078,1.0125187298294078
17.041666666666664,1.0164544274569376,1.0164544274569376
17.083333333333332,1.0203898383406285,1.0203898383406285
17.125,1.0243253440299787,1.0243253440299787
17.166666666666664,1.028261266020024,1.028261266020024
17.208333333333332,1.0321979386244198,1.0321979386244198
17.25,1.0361355244585109,1.0361355244585109
17.291666666666664,1.0400742260342213,1.0400742260342213
17.333333333333332,1.0440141610981521,1.0440141610981521
17.375,1.0479554221746932,1.0479554221746932
17.416666666666664,1.0518980934511033,1.0518980934511033
17.458333333333332,1.0558421579447839,1.0558421579447839
17.5,1.0597875288862868,1.0597875288862868
17.541666666666664,1.0637341126576072,1.0637341126576072
17.583333333333332,1.0676819578673158,1.0676819578673158
17.625,1.0716308255989377,1.0716308255989377
17.666666666666664,1.07558049777657,1.07558049777657
17.708333333333332,1.0795309753852051,1.0795309753852051
17.75,1.0834819570164798,1.0834819570164798
17.791666666666664,1.0874331147994836,1.0874331147994836
17.833333333333332,1.0913843592590349,1.0913843592590349
17.875,1.0953353615077928,1.0953353615077928
17.916666666666664,1.0992857392030166,1.0992857392030166
17.958333333333332,1.1032353141197422,1.1032353141197422
18.0,1.1071837407450444,1.1071837407450444
18.041666666666664,1.1111308552087047,1.1111308552087047
18.083333333333332,1.1150770346245915,1.1150770346245915
18.125,1.119022652900034,1.119022652900034
18.166666666666664,1.1229680256061674,1.1229680256061674
18.208333333333332,1.1269134638425935,1.1269134638425935
18.25,1.1308592018537096,1.1308592018537096
18.291666666666664,1.134805358977084,1.134805358977084
18.333333333333332,1.1387521094579123,1.1387521094579123
18.375,1.142699525814888,1.142699525814888
18.416666666666664,1.1466476983808116,1.1466476983808116
18.458333333333332,1.1505966112803663,1.1505966112803663
18.5,1.1545462802223447,1.1545462802223447
18.541666666666664,1.1584964723876323,1.1584964723876323
18.583333333333332,1.1624471998838402,1.1624471998838402
18.625,1.1663984560127183,1.1663984560127183
18.666666666666664,1.170349865066065,1.170349865066065
18.708333333333332,1.1743013271361042,1.1743013271361042
18.75,1.1782527795527165,1.1782527795527165
18.791666666666664,1.1822038365462608,1.1822038365462608
18.833333333333332,1.1861542362606778,1.1861542362606778
18.875,1.1901038476261143,1.1901038476261143
18.916666666666664,1.1940523045676517,1.1940523045676517
18.958333333333332,1.1979992452494894,1.1979992452494894
19.0,1.2019444694350783,1.2019444694350783
19.041666666666664,1.2058877907867231,1.2058877907867231
19.083333333333332,1.209829607058396,1.209829607058396
19.125,1.2137702842782763,1.2137702842782763
19.166666666666664,1.2177101320026131,1.2177101320026131
19.208333333333332,1.221649446584833,1.221649446584833
19.25,1.225588508753109,1.225588508753109
19.291666666666664,1.2295273933591773,1.2295273933591773
19.333333333333332,1.233466293210732,1.233466293210732
19.375,1.2374052950365453,1.2374052950365453
19.416666666666664,1.2413444361180022,1.2413444361180022
19.458333333333332,1.2452837983008234,1.2452837983008234
19.5,1.2492232830349497,1.2492232830349497
19.541666666666664,1.2531628974313447,1.2531628974313447
19.583333333333332,1.2571023569911177,1.2571023569911177
19.625,1.2610417098839632,1.2610417098839632
19.666666666666664,1.2649809059189214,1.2649809059189214
19.708333333333332,1.2689194296806539,1.2689194296806539
19.75,1.2728573244358186,1.2728573244358186
19.791666666666664,1.2767944534198328,1.2767944534198328
19.833333333333332,1.280730334762555,1.280730334762555
19.875,1.2846647973099437,1.2846647973099437
19.916666666666664,1.2885976600167124,1.2885976600167124
19.958333333333332,1.2925285143693108,1.2925285143693108
20.0,1.2964570311024104,1.2964570311024104
20.041666666666664,1.3003831504379555,1.3003831504379555
20.083333333333332,1.3043072654298038,1.3043072654298038
20.125,1.3082297348384695,1.3082297348384695
20.166666666666664,1.3121508623240397,1.3121508623240397
20.208333333333332,1.3160709363651584,1.3160709363651584
20.25,1.3199902588076817,1.3199902588076817
20.291666666666664,1.3239089036414937,1.3239089036414937
20.333333333333332,1.3278270361909832,1.3278270361909832
20.375,1.3317447693741482,1.3317447693741482
20.416666666666664,1.3356621369367008,1.3356621369367008
20.458333333333332,1.339579195433325,1.339579195433325
20.5,1.3434959213763182,1.3434959213763182
20.541666666666664,1.3474122449794623,1.3474122449794623
20.583333333333332,1.3513280559293048,1.3513280559293048
20.625,1.3552431337213822,1.3552431337213822
20.666666666666664,1.35915749526034,1.35915749526034
20.708333333333332,1.3630709850760092,1.3630709850760092
20.75,1.3669831538696917,1.3669831538696917
20.791666666666664,1.3708940082199292,1.3708940082199292
20.833333333333332,1.3748033870480334,1.3748033870480334
20.875,1.3787107188830636,1.3787107188830636
20.916666666666664,1.3826159315136501,1.3826159315136501
20.958333333333332,1.386518790451103,1.386518790451103
21.0,1.3904188384147922,1.3904188384147922
21.041666666666664,1.394315979227482,1.394315979227482
21.083333333333332,1.3982106882000718,1.3982106882000718
21.125,1.402103314708852,1.402103314708852
21.166666666666664,1.405994147230003,1.405994147230003
21.208333333333332,1.4098834717462971,1.4098834717462971
21.25,1.4137715649337983,1.4137715649337983
21.291666666666664,1.4176585899684941,1.4176585899684941
21.333333333333332,1.4215446274465842,1.4215446274465842
21.375,1.425429822915385,1.425429822915385
21.416666666666664,1.4293142368674663,1.4293142368674663
21.458333333333332,1.4331978525262579,1.4331978525262579
21.5,1.4370807545541955,1.4370807545541955
21.541666666666664,1.4409627630114963,1.4409627630114963
21.583333333333332,1.4448439133209376,1.4448439133209376
21.625,1.4487240053744497,1.4487240053744497
21.666666666666664,1.4526029215532938,1.4526029215532938
21.708333333333332,1.4564804871631185,1.4564804871631185
21.75,1.4603564645329938,1.4603564645329938
21.791666666666664,1.4642306627330846,1.4642306627330846
21.833333333333332,1.468102728036136,1.468102728036136
21.875,1.471972473800212,1.471972473800212
21.916666666666664,1.4758396686758284,1.4758396686758284
21.958333333333332,1.479704083621478,1.479704083621478
22.0,1.4835651918066473,1.4835651918066473
22.041666666666664,1.4874230168876084,1.4874230168876084
22.083333333333332,1.4912780489064763,1.4912780489064763
22.125,1.4951306140858776,1.4951306140858776
22.166666666666664,1.4989809929746998,1.4989809929746998
22.208333333333332,1.5028294722767763,1.5028294722767763
22.25,1.5066763140188357,1.5066763140188357
22.291666666666664,1.510521739148652,1.510521739148652
22.333333333333332,1.5143657812706335,1.5143657812706335
22.375,1.518208592110214,1.518208592110214
22.416666666666664,1.522050244170554,1.522050244170554
22.458333333333332,1.5258907155591315,1.5258907155591315
22.5,1.5297300460184011,1.5297300460184011
22.541666666666664,1.5335681986263954,1.5335681986263954
22.583333333333332,1.5374050254248441,1.5374050254248441
22.625,1.5412405183469302,1.5412405183469302
22.666666666666664,1.5450743932201099,1.5450743932201099
22.708333333333332,1.5489065952279888,1.5489065952279888
22.75,1.5527368468596396,1.5527368468596396
22.791666666666664,1.5565649532392567,1.5565649532392567
22.833333333333332,1.5603906658473943,1.5603906658473943
22.875,1.564213641288282,1.564213641288282
22.916666666666664,1.5680336768294987,1.5680336768294987
22.958333333333332,1.571850527206003,1.571850527206003
23.0,1.5756639349857915,1.5756639349857915
23.041666666666664,1.579473539257012,1.579473539257012
23.083333333333332,1.5832800398227953,1.5832800398227953
23.125,1.5870837385313368,1.5870837385313368
23.166666666666664,1.5908849104075997,1.5908849104075997
23.208333333333332,1.5946838439808475,1.5946838439808475
23.25,1.5984807940263572,1.5984807940263572
23.291666666666664,1.6022760143148165,1.6022760143148165
23.333333333333332,1.6060695283933941,1.6060695283933941
23.375,1.6098614547896195,1.6098614547896195
23.416666666666664,1.6136518823185533,1.6136518823185533
23.458333333333332,1.6174408403718339,1.6174408403718339
23.5,1.6212282699617353,1.6212282699617353
23.541666666666664,1.6250142463172692,1.6250142463172692
23.583333333333332,1.628798539973025,1.628798539973025
23.625,1.632581147734833,1.632581147734833
23.666666666666664,1.636361915788028,1.636361915788028
23.708333333333332,1.6401406028617767,1.6401406028617767
23.75,1.643917119901129,1.643917119901129
23.791666666666664,1.6476911160767769,1.6476911160767769
23.833333333333332,1.6514624504675552,1.6514624504675552
23.875,1.6552308017091832,1.6552308017091832
23.916666666666664,1.658995855079569,1.658995855079569
23.958333333333332,1.6627573869215337,1.6627573869215337
24.0,1.6665151396027231,1.6665151396027231
24.041666666666664,1.6702688275335262,1.6702688275335262
24.083333333333332,1.6740191462256258,1.6740191462256258
24.125,1.6777663732141639,1.6777663732141639
24.166666666666664,1.681510780333432,1.681510780333432
24.208333333333332,1.6852526588574939,1.6852526588574939
24.25,1.6889922614416866,1.6889922614416866
24.291666666666664,1.692729853932559,1.692729853932559
24.333333333333332,1.6964654701495085,1.6964654701495085
24.375,1.700199192407531,1.700199192407531
24.416666666666664,1.7039311229356324,1.7039311229356324
24.458333333333332,1.7076613258518376,1.7076613258518376
24.5,1.7113896895896394,1.7113896895896394
24.541666666666664,1.7151162755395397,1.7151162755395397
24.583333333333332,1.7188410107339602,1.7188410107339602
24.625,1.7225636868164051,1.7225636868164051
24.666666666666664,1.726284309665595,1.726284309665595
24.708333333333332,1.730002562018911,1.730002562018911
24.75,1.7337183312529385,1.7337183312529385
24.791666666666664,1.7374314209144806,1.7374314209144806
24.833333333333332,1.741141501041969,1.741141501041969
24.875,1.744848415049485,1.744848415049485
24.916666666666664,1.7485517746644046,1.7485517746644046
24.958333333333332,1.7522513187119053,1.7522513187119053
25.0,1.7559467947943261,1.7559467947943261
25.041666666666664,1.7596379507820026,1.7596379507820026
25.083333333333332,1.763325513418108,1.763325513418108
25.125,1.7670097366227075,1.7670097366227075
25.166666666666664,1.7706908913124604,1.7706908913124604
25.208333333333332,1.7743692721400135,1.7743692721400135
25.25,1.7780451624319102,1.7780451624319102
25.291666666666664,1.7817187345714591,1.7817187345714591
25.333333333333332,1.7853901315973526,1.7853901315973526
25.375,1.7890593852644807,1.7890593852644807
25.416666666666664,1.792726593283215,1.792726593283215
25.458333333333332,1.7963918123298779,1.7963918123298779
25.5,1.8000550110768438,1.8000550110768438
25.541666666666664,1.8037161216091906,1.8037161216091906
25.583333333333332,1.8073751997411156,1.8073751997411156
25.625,1.8110319561666537,1.8110319561666537
25.666666666666664,1.8146863748298216,1.8146863748298216
25.708333333333332,1.8183383181596953,1.8183383181596953
25.75,1.8219874578808113,1.8219874578808113
25.791666666666664,1.825633714853725,1.825633714853725
25.833333333333332,1.8292767794224092,1.8292767794224092
25.875,1.8329163920853166,1.8329163920853166
25.916666666666664,1.8365523504506924,1.8365523504506924
25.958333333333332,1.840184220893937,1.840184220893937
26.0,1.8438117884960052,1.8438117884960052
26.041666666666664,1.8474347921426306,1.8474347921426306
26.083333333333332,1.8510540154935506,1.8510540154935506
26.125,1.8546696900583939,1.8546696900583939
26.166666666666664,1.8582820879817055,1.8582820879817055
26.208333333333332,1.8618915315215296,1.8618915315215296
26.25,1.8654982511531826,1.8654982511531826
26.291666666666664,1.869102425339911,1.869102425339911
26.333333333333332,1.8727042498068442,1.8727042498068442
26.375,1.8763037315605537,1.8763037315605537
26.416666666666664,1.8799009471480324,1.8799009471480324
26.458333333333332,1.8834959559122886,1.8834959559122886
26.5,1.8870887893559267,1.8870887893559267
26.541666666666664,1.8906792818748028,1.8906792818748028
26.583333333333332,1.8942675064343482,1.8942675064343482
26.625,1.8978533325527542,1.8978533325527542
26.666666666666664,1.9014365255331092,1.9014365255331092
26.708333333333332,1.905017077595971,1.905017077595971
26.75,1.9085946740237536,1.9085946740237536
26.791666666666664,1.9121691285741025,1.9121691285741025
26.833333333333332,1.9157402964394628,1.9157402964394628
26.875,1.9193077675323542,1.9193077675323542
26.916666666666664,1.9228713844092946,1.9228713844092946
26.958333333333332,1.926430850227005,1.926430850227005
27.0,1.9299857675388146,1.9299857675388146
27.041666666666664,1.9335359013718458,1.9335359013718458
27.083333333333332,1.937082101035812,1.937082101035812
27.125,1.9406245772127937,1.9406245772127937
27.166666666666664,1.9441636052215716,1.9441636052215716
27.208333333333332,1.9476995362339058,1.9476995362339058
27.25,1.9512325338062064,1.9512325338062064
27.291666666666664,1.954762809797997,1.954762809797997
27.333333333333332,1.9582905845551262,1.9582905845551262
27.375,1.9618158554563905,1.9618158554563905
27.416666666666664,1.9653386794104386,1.9653386794104386
27.458333333333332,1.9688591137584852,1.9688591137584852
27.5,1.9723772111232638,1.9723772111232638
27.541666666666664,1.9758928241560827,1.9758928241560827
27.583333333333332,1.9794059452179251,1.9794059452179251
27.625,1.9829165838526333,1.9829165838526333
27.666666666666664,1.986424368039403,1.986424368039403
27.708333333333332,1.9899293164538905,1.9899293164538905
27.75,1.9934312669974072,1.9934312669974072
27.791666666666664,1.9969298386605843,1.9969298386605843
27.833333333333332,2.000424947933907,2.000424947933907
27.875,2.0039163152364154,2.0039163152364154
27.916666666666664,2.0074035963405237,2.0074035963405237
27.958333333333332,2.010886608697913,2.010886608697913
28.0,2.0143649738455847,2.0143649738455847
28.041666666666664,2.0178383336375743,2.0178383336375743
28.083333333333332,2.0213076347624472,2.0213076347624472
28.125,2.024773068918113,2.024773068918113
28.166666666666664,2.028234927520835,2.028234927520835
28.208333333333332,2.031693549864397,2.031693549864397
28.25,2.035149078386047,2.035149078386047
28.291666666666664,2.038601745715748,2.038601745715748
28.333333333333332,2.0420517823297164,2.0420517823297164
28.375,2.045499184080546,2.045499184080546
28.416666666666664,2.0489439989492033,2.0489439989492033
28.458333333333332,2.05238627082057,2.05238627082057
28.5,2.0558260498578935,2.0558260498578935
28.541666666666664,2.059263274044856,2.059263274044856
28.583333333333332,2.062697804576204,2.062697804576204
28.625,2.066129692948707,2.066129692948707
28.666666666666664,2.0695587135337217,2.0695587135337217
28.708333333333332,2.0729846674749317,2.0729846674749317
28.75,2.076407518641205,2.076407518641205
28.791666666666664,2.079826912547409,2.079826912547409
28.833333333333332,2.0832426510995505,2.0832426510995505
28.875,2.0866545869288515,2.0866545869288515
28.916666666666664,2.0900622940662856,2.0900622940662856
28.958333333333332,2.093465578818804,2.093465578818804
29.0,2.0968641895383864,2.0968641895383864
29.041666666666664,2.1002576015248486,2.1002576015248486
29.083333333333332,2.103646856440811,2.103646856440811
29.125,2.107032129000534,2.107032129000534
29.166666666666664,2.1104137416821422,2.1104137416821422
29.208333333333332,2.1137919748527514,2.1137919748527514
29.25,2.11716700156189,2.11716700156189
29.291666666666664,2.1205390603576344,2.1205390603576344
29.333333333333332,2.123908377360745,2.123908377360745
29.375,2.1272749568127565,2.1272749568127565
29.416666666666664,2.1306388436158206,2.1306388436158206
29.458333333333332,2.1340000618958888,2.1340000618958888
29.5,2.137358661847353,2.137358661847353
29.541666666666664,2.1407146506834733,2.1407146506834733
29.583333333333332,2.1440677889126922,2.1440677889126922
29.625,2.1474181498531975,2.1474181498531975
29.666666666666664,2.1507656344715023,2.1507656344715023
29.708333333333332,2.1541098772177705,2.1541098772177705
29.75,2.157450884237161,2.157450884237161
29.791666666666664,2.1607884494846,2.1607884494846
29.833333333333332,2.1641221813104248,2.1641221813104248
29.875,2.1674519850644685,2.1674519850644685
29.916666666666664,2.1707775770668754,2.1707775770668754
29.958333333333332,2.174098576285517,2.174098576285517
30.0,2.1774147963909187,2.1774147963909187
30.041666666666664,2.1807257478452837,2.1807257478452837
30.083333333333332,2.184032466667941,2.184032466667941
30.125,2.187335112656473,2.187335112656473
30.166666666666664,2.1906340367565806,2.1906340367565806
30.208333333333332,2.1939294660289455,2.1939294660289455
30.25,2.197221602810173,2.197221602810173
30.291666666666664,2.200510714922678,2.200510714922678
30.333333333333332,2.203796948009315,2.203796948009315
30.375,2.2070803877256715,2.2070803877256715
30.416666666666664,2.2103610538451504,2.2103610538451504
30.458333333333332,2.2136389590173593,2.2136389590173593
30.5,2.2169141436282604,2.2169141436282604
30.541666666666664,2.220186647766113,2.220186647766113
30.583333333333332,2.2234562344283506,2.2234562344283506
30.625,2.2267229121336998,2.2267229121336998
30.666666666666664,2.2299866711877963,2.2299866711877963
30.708333333333332,2.2332471196525576,2.2332471196525576
30.75,2.2365042022394994,2.2365042022394994
30.791666666666664,2.239757820344661,2.239757820344661
30.833333333333332,2.2430075254262163,2.2430075254262163
30.875,2.2462531878459626,2.2462531878459626
30.916666666666664,2.2494946218437413,2.2494946218437413
30.958333333333332,2.2527313759802454,2.2527313759802454
31.0,2.2559632527339506,2.2559632527339506
31.041666666666664,2.259189809508939,2.259189809508939
31.083333333333332,2.2624120787572917,2.2624120787572917
31.125,2.2656302074287744,2.2656302074287744
31.166666666666664,2.268844572392346,2.268844572392346
31.208333333333332,2.2720553527969596,2.2720553527969596
31.25,2.2752627786748705,2.2752627786748705
31.291666666666664,2.27846713910883,2.27846713910883
31.333333333333332,2.281668517676702,2.281668517676702
31.375,2.284867061013445,2.284867061013445
31.416666666666664,2.2880627704439847,2.2880627704439847
31.458333333333332,2.2912556579593146,2.2912556579593146
31.5,2.2944457432289083,2.2944457432289083
31.541666666666664,2.2976330686163298,2.2976330686163298
31.583333333333332,2.300817487125473,2.300817487125473
31.625,2.3039988692561093,2.3039988692561093
31.666666666666664,2.307177245844887,2.307177245844887
31.708333333333332,2.3103523706652442,2.3103523706652442
31.75,2.313523983728378,2.313523983728378
31.791666666666664,2.3166920486458897,2.3166920486458897
31.833333333333332,2.3198562695275498,2.3198562695275498
31.875,2.3230163088504603,2.3230163088504603
31.916666666666664,2.3261720439613573,2.3261720439613573
31.958333333333332,2.329323154040808,2.329323154040808
32.0,2.332469266778194,2.332469266778194
32.041666666666664,2.3356100176073413,2.3356100176073413
32.08333333333333,2.3387464444638453,2.3387464444638453
32.125,2.341878683462904,2.341878683462904
32.166666666666664,2.3450071349660946,2.3450071349660946
32.20833333333333,2.348131935292988,2.348131935292988
32.25,2.3512533404191998,2.3512533404191998
32.291666666666664,2.3543716539848494,2.3543716539848494
32.33333333333333,2.357486912642722,2.357486912642722
32.375,2.360599307655833,2.360599307655833
32.416666666666664,2.3637088280795076,2.3637088280795076
32.45833333333333,2.3668154899390474,2.3668154899390474
32.5,2.3699192883503293,2.3699192883503293
32.541666666666664,2.3730202695499747,2.3730202695499747
32.58333333333333,2.3761183616045947,2.3761183616045947
32.625,2.3792133240177527,2.3792133240177527
32.666666666666664,2.3823052175904382,2.3823052175904382
32.70833333333333,2.3853939082407387,2.3853939082407387
32.75,2.3884789871679297,2.3884789871679297
32.791666666666664,2.3915604582278287,2.3915604582278287
32.83333333333333,2.394638135669264,2.394638135669264
32.875,2.3977115434663165,2.3977115434663165
32.916666666666664,2.400780594837323,2.400780594837323
32.95833333333333,2.4038450570858614,2.4038450570858614
33.0,2.4069044516883156,2.4069044516883156
33.041666666666664,2.409958454128517,2.409958454128517
33.08333333333333,2.4130081124710205,2.4130081124710205
33.125,2.4160535539117873,2.4160535539117873
33.166666666666664,2.4190952000335217,2.4190952000335217
33.20833333333333,2.4221331490336366,2.4221331490336366
33.25,2.4251676942342035,2.4251676942342035
33.291666666666664,2.428199108645134,2.428199108645134
33.33333333333333,2.4312274339906974,2.4312274339906974
33.375,2.434252879998623,2.434252879998623
33.416666666666664,2.4372754282025806,2.4372754282025806
33.45833333333333,2.4402951016195242,2.4402951016195242
33.5,2.4433118692769535,2.4433118692769535
33.541666666666664,2.4463257819869937,2.4463257819869937
33.58333333333333,2.4493368298462532,2.4493368298462532
33.625,2.452344684412971,2.452344684412971
33.666666666666664,2.4553494276667585,2.4553494276667585
33.70833333333333,2.4583510060517244,2.4583510060517244
33.75,2.4613489198342773,2.4613489198342773
33.791666666666664,2.4643431824023594,2.4643431824023594
33.83333333333333,2.4673336539656163,2.4673336539656163
33.875,2.470319880443947,2.470319880443947
33.916666666666664,2.4733016826750753,2.4733016826750753
33.95833333333333,2.47627887506237,2.47627887506237
34.0,2.479251059646255,2.479251059646255
34.041666666666664,2.4822177885352334,2.4822177885352334
34.08333333333333,2.4851801689451274,2.4851801689451274
34.125,2.4881383205339147,2.4881383205339147
34.166666666666664,2.4910926770730453,2.4910926770730453
34.20833333333333,2.4940433126022263,2.4940433126022263
34.25,2.496990560506552,2.496990560506552
34.291666666666664,2.499934634054993,2.499934634054993
34.33333333333333,2.5028756146192954,2.5028756146192954
34.375,2.5058137120468666,2.5058137120468666
34.416666666666664,2.5087489039413113,2.5087489039413113
34.45833333333333,2.511681222033352,2.511681222033352
34.5,2.514610609256171,2.514610609256171
34.541666666666664,2.5175371211175444,2.5175371211175444
34.58333333333333,2.5204607760640467,2.5204607760640467
34.625,2.5233812445454324,2.5233812445454324
34.666666666666664,2.5262985550735633,2.5262985550735633
34.70833333333333,2.5292126715104652,2.5292126715104652
34.75,2.532123229702305,2.532123229702305
34.791666666666664,2.535030047612086,2.535030047612086
34.83333333333333,2.5379330490513334,2.5379330490513334
34.875,2.5408319051554216,2.5408319051554216
34.916666666666664,2.5437262654377593,2.5437262654377593
34.95833333333333,2.5466159975835114,2.5466159975835114
35.0,2.5495007968068704,2.5495007968068704
35.041666666666664,2.552380096840979,2.552380096840979
35.08333333333333,2.555255057762048,2.555255057762048
35.125,2.5581257984677706,2.5581257984677706
35.166666666666664,2.5609927409937603,2.5609927409937603
35.20833333333333,2.5638559633410845,2.5638559633410845
35.25,2.56671582492904,2.56671582492904
35.291666666666664,2.569572487140234,2.569572487140234
35.33333333333333,2.572426067504895,2.572426067504895
35.375,2.575276771945516,2.575276771945516
35.416666666666664,2.578124576807026,2.578124576807026
35.45833333333333,2.580969518817593,2.580969518817593
35.5,2.583811529508675,2.583811529508675
35.541666666666664,2.58665065511318,2.58665065511318
35.58333333333333,2.5894869150440125,2.5894869150440125
35.625,2.592320062117193,2.592320062117193
35.666666666666664,2.5951499982031727,2.5951499982031727
35.70833333333333,2.5979767274885366,2.5979767274885366
35.75,2.6007999954239858,2.6007999954239858
35.791666666666664,2.603619467486395,2.603619467486395
35.83333333333333,2.6064351141337387,2.6064351141337387
35.875,2.609246702084688,2.609246702084688
35.916666666666664,2.6120537573445364,2.6120537573445364
35.95833333333333,2.6148561821971583,2.6148561821971583
36.0,2.6176537382966156,2.6176537382966156
36.041666666666664,2.6204457808718304,2.6204457808718304
36.08333333333333,2.623233504641746,2.623233504641746
36.125,2.626017028625598,2.626017028625598
36.166666666666664,2.6287967641057914,2.6287967641057914
36.20833333333333,2.63157279354485,2.63157279354485
36.25,2.63434549851784,2.63434549851784
36.291666666666664,2.6371149953878863,2.6371149953878863
36.33333333333333,2.6398814344498347,2.6398814344498347
36.375,2.642645014901242,2.642645014901242
36.416666666666664,2.6454057137774827,2.6454057137774827
36.45833333333333,2.648163566469467,2.648163566469467
36.5,2.6509185144665084,2.6509185144665084
36.541666666666664,2.6536705744539155,2.6536705744539155
36.58333333333333,2.6564197737136706,2.6564197737136706
36.625,2.6591659358141637,2.6591659358141637
36.666666666666664,2.6619088562266504,2.6619088562266504
36.70833333333333,2.664648571584727,2.664648571584727
36.75,2.6673849157641327,2.6673849157641327
36.791666666666664,2.670117436188502,2.670117436188502
36.83333333333333,2.6728461366459366,2.6728461366459366
36.875,2.675570856239272,2.675570856239272
36.916666666666664,2.6782910341102193,2.6782910341102193
36.95833333333333,2.6810065931993803,2.6810065931993803
37.0,2.683717299311084,2.683717299311084
37.041666666666664,2.686422548011556,2.686422548011556
37.08333333333333,2.689123507506042,2.689123507506042
37.125,2.691820297713097,2.691820297713097
37.166666666666664,2.6945133201378253,2.6945133201378253
37.20833333333333,2.697202662041649,2.697202662041649
37.25,2.699888723831066,2.699888723831066
37.291666666666664,2.702571582827389,2.702571582827389
37.33333333333333,2.7052514250122104,2.7052514250122104
37.375,2.707928422637139,2.707928422637139
37.416666666666664,2.710602573201911,2.710602573201911
37.45833333333333,2.7132739047374987,2.7132739047374987
37.5,2.715942369890656,2.715942369890656
37.541666666666664,2.7186079559083742,2.7186079559083742
37.58333333333333,2.7212706979958914,2.7212706979958914
37.625,2.7239304804650386,2.7239304804650386
37.666666666666664,2.726587009594709,2.726587009594709
37.70833333333333,2.7292403479021514,2.7292403479021514
37.75,2.7318904004673414,2.7318904004673414
37.791666666666664,2.7345366241796407,2.7345366241796407
37.83333333333333,2.7371790457677996,2.7371790457677996
37.875,2.739817502886881,2.739817502886881
37.916666666666664,2.74245154292965,2.74245154292965
37.95833333333333,2.7450809320206515,2.7450809320206515
38.0,2.747705488325424,2.747705488325424
38.041666666666664,2.7503246541156043,2.7503246541156043
38.08333333333333,2.7529395685763247,2.7529395685763247
38.125,2.755550353214766,2.755550353214766
38.166666666666664,2.7581574006815153,2.7581574006815153
38.20833333333333,2.7607608032387363,2.7607608032387363
38.25,2.7633609772630763,2.7633609772630763
38.291666666666664,2.765957966199109,2.765957966199109
38.33333333333333,2.7685519947701547,2.7685519947701547
38.375,2.7711431890023546,2.7711431890023546
38.416666666666664,2.7737315859458667,2.7737315859458667
38.45833333333333,2.7763172003235868,2.7763172003235868
38.5,2.778899996527698,2.778899996527698
38.541666666666664,2.7814799331457047,2.7814799331457047
38.58333333333333,2.7840570530934516,2.7840570530934516
38.625,2.7866312928264194,2.7866312928264194
38.666666666666664,2.7892022839738195,2.7892022839738195
38.70833333333333,2.7917701094877,2.7917701094877
38.75,2.7943346944389487,2.7943346944389487
38.791666666666664,2.796895538768374,2.796895538768374
38.83333333333333,2.7994525724098827,2.7994525724098827
38.875,2.8020056667090585,2.8020056667090585
38.916666666666664,2.8045544624030554,2.8045544624030554
38.95833333333333,2.8070985973642215,2.8070985973642215
39.0,2.8096379303948407,2.8096379303948407
39.041666666666664,2.8121719425765432,2.8121719425765432
39.08333333333333,2.814701748554514,2.814701748554514
39.125,2.8172274720288324,2.8172274720288324
39.166666666666664,2.8197494976623916,2.8197494976623916
39.20833333333333,2.822267922814563,2.822267922814563
39.25,2.8247831773807714,2.8247831773807714
39.291666666666664,2.8272952753854454,2.8272952753854454
39.33333333333333,2.829804474905942,2.829804474905942
39.375,2.832310863026886,2.832310863026886
39.416666666666664,2.8348145090528565,2.8348145090528565
39.45833333333333,2.8373154171263146,2.8373154171263146
39.5,2.8398135635553086,2.8398135635553086
39.541666666666664,2.842308879457286,2.842308879457286
39.58333333333333,2.8448014150857666,2.8448014150857666
39.625,2.8472911516766746,2.8472911516766746
39.666666666666664,2.8497776584640135,2.8497776584640135
39.70833333333333,2.852261034332405,2.852261034332405
39.75,2.8547412010802256,2.8547412010802256
39.791666666666664,2.8572177548324373,2.8572177548324373
39.83333333333333,2.85969048678849,2.85969048678849
39.875,2.8621593141772728,2.8621593141772728
39.916666666666664,2.8646239532313147,2.8646239532313147
39.95833333333333,2.867083941969533,2.867083941969533
40.0,2.8695391688189975,2.8695391688189975
40.041666666666664,2.871989147566448,2.871989147566448
40.08333333333333,2.874434971481846,2.874434971481846
40.125,2.876876766982552,2.876876766982552
40.166666666666664,2.8793149115532817,2.8793149115532817
40.20833333333333,2.8817495076667523,2.8817495076667523
40.25,2.8841809966457705,2.8841809966457705
40.291666666666664,2.886609366935942,2.886609366935942
40.33333333333333,2.889034905350966,2.889034905350966
40.375,2.891457666130303,2.891457666130303
40.416666666666664,2.89387774485285,2.89387774485285
40.45833333333333,2.896295137280011,2.896295137280011
40.5,2.89870983152512,2.89870983152512
40.541666666666664,2.9011217326602012,2.9011217326602012
40.58333333333333,2.9035308978146217,2.9035308978146217
40.625,2.905937327679695,2.905937327679695
40.666666666666664,2.9083405965033395,2.9083405965033395
40.70833333333333,2.910740758296074,2.910740758296074
40.75,2.9131377508701575,2.9131377508701575
40.791666666666664,2.915531251930941,2.915531251930941
40.83333333333333,2.917920937593392,2.917920937593392
40.875,2.920306761747895,2.920306761747895
40.916666666666664,2.9226885017178383,2.9226885017178383
40.95833333333333,2.9250656182045915,2.9250656182045915
41.0,2.9274380206952553,2.9274380206952553
41.041666666666664,2.929805250948725,2.929805250948725
41.08333333333333,2.9321683830647958,2.9321683830647958
41.125,2.9345275466290874,2.9345275466290874
41.166666666666664,2.9368831126983994,2.9368831126983994
41.20833333333333,2.9392351888147745,2.9392351888147745
41.25,2.9415842259483695,2.9415842259483695
41.291666666666664,2.9439301902743544,2.9439301902743544
41.33333333333333,2.9462733933879477,2.9462733933879477
41.375,2.948613861791552,2.948613861791552
41.416666666666664,2.9509517124326123,2.9509517124326123
41.45833333333333,2.9532869344650288,2.9532869344650288
41.5,2.9556195275109505,2.9556195275109505
41.541666666666664,2.9579493721362877,2.9579493721362877
41.58333333333333,2.960276531842832,2.960276531842832
41.625,2.96260100510125,2.96260100510125
41.666666666666664,2.9649224287505733,2.9649224287505733
41.70833333333333,2.967240759971151,2.967240759971151
41.75,2.9695559691205684,2.9695559691205684
41.791666666666664,2.9718678032802175,2.9718678032802175
41.83333333333333,2.974175842997742,2.974175842997742
41.875,2.9764800713306707,2.9764800713306707
41.916666666666664,2.9787803134550614,2.9787803134550614
41.95833333333333,2.9810759754232747,2.9810759754232747
42.0,2.983366976359993,2.983366976359993
42.041666666666664,2.985652883905041,2.985652883905041
42.08333333333333,2.987934754496733,2.987934754496733
42.125,2.9902127212731786,2.9902127212731786
42.166666666666664,2.9924871495539493,2.9924871495539493
42.20833333333333,2.9947581563461543,2.9947581563461543
42.25,2.9970261873018424,2.9970261873018424
42.291666666666664,2.9992912026270604,2.9992912026270604
42.33333333333333,3.0015535308271977,3.0015535308271977
42.375,3.0038131749534247,3.0038131749534247
42.416666666666664,3.006070269292718,3.006070269292718
42.45833333333333,3.0083247978219396,3.0083247978219396
42.5,3.0105767712569453,3.0105767712569453
42.541666666666664,3.012826047230195,3.012826047230195
42.58333333333333,3.0150726951019826,3.0150726951019826
42.625,3.017316711279631,3.017316711279631
42.666666666666664,3.019557788241236,3.019557788241236
42.70833333333333,3.0217957980760586,3.0217957980760586
42.75,3.0240307391473733,3.0240307391473733
42.791666666666664,3.0262624176902317,3.0262624176902317
42.83333333333333,3.028490334821344,3.028490334821344
42.875,3.0307144966694852,3.0307144966694852
42.916666666666664,3.032934725877751,3.032934725877751
42.95833333333333,3.0351505109119565,3.0351505109119565
43.0,3.0373616525422973,3.0373616525422973
43.041666666666664,3.0395677823588048,3.0395677823588048
43.08333333333333,3.0417699401469678,3.0417699401469678
43.125,3.0439682629212133,3.0439682629212133
43.166666666666664,3.046163110895847,3.046163110895847
43.20833333333333,3.048354618234418,3.048354618234418
43.25,3.0505432005515725,3.0505432005515725
43.291666666666664,3.052728837972019,3.052728837972019
43.33333333333333,3.054911865197573,3.054911865197573
43.375,3.057092265429488,3.057092265429488
43.416666666666664,3.0592701869811383,3.0592701869811383
43.45833333333333,3.0614456098063525,3.0614456098063525
43.5,3.06361855522871,3.06361855522871
43.541666666666664,3.065788859499424,3.065788859499424
43.58333333333333,3.067956597332893,3.067956597332893
43.625,3.0701217632154476,3.0701217632154476
43.666666666666664,3.0722840991982974,3.0722840991982974
43.70833333333333,3.074443402425267,3.074443402425267
43.75,3.0765996953882992,3.0765996953882992
43.791666666666664,3.078752834892121,3.078752834892121
43.83333333333333,3.0809022559913606,3.0809022559913606
43.875,3.0830479829226145,3.0830479829226145
43.916666666666664,3.0851898359822605,3.0851898359822605
43.95833333333333,3.0873273737997073,3.0873273737997073
44.0,3.0894602983710353,3.0894602983710353
44.041666666666664,3.0915882951223086,3.0915882951223086
44.08333333333333,3.093712387840269,3.093712387840269
44.125,3.0958327176850826,3.0958327176850826
44.166666666666664,3.0979496403414513,3.0979496403414513
44.20833333333333,3.100063305815938,3.100063305815938
44.25,3.1021741021084708,3.1021741021084708
44.291666666666664,3.1042820278633667,3.1042820278633667
44.33333333333333,3.1063874226607204,3.1063874226607204
44.375,3.1084902528836587,3.1084902528836587
44.416666666666664,3.1105906781434576,3.1105906781434576
44.45833333333333,3.112688675302158,3.112688675302158
44.5,3.1147842720702497,3.1147842720702497
44.541666666666664,3.116877295907785,3.116877295907785
44.58333333333333,3.118967815308551,3.118967815308551
44.625,3.1210558266643003,3.1210558266643003
44.666666666666664,3.1231411162994744,3.1231411162994744
44.70833333333333,3.125223415193575,3.125223415193575
44.75,3.127302766652319,3.127302766652319
44.791666666666664,3.12937907082149,3.12937907082149
44.83333333333333,3.1314517077951556,3.1314517077951556
44.875,3.133520715872001,3.133520715872001
44.916666666666664,3.1355859131689026,3.1355859131689026
44.95833333333333,3.1376469182466025,3.1376469182466025
45.0,3.1397033504960894,3.1397033504960894
45.041666666666664,3.141754940980696,3.141754940980696
45.08333333333333,3.1438026978961546,3.1438026978961546
45.125,3.145846766768918,3.145846766768918
45.166666666666664,3.1478874992763246,3.1478874992763246
45.20833333333333,3.1499250600739552,3.1499250600739552
45.25,3.1519598117327545,3.1519598117327545
45.291666666666664,3.1539917701290463,3.1539917701290463
45.33333333333333,3.1560212786207713,3.1560212786207713
45.375,3.158048289330189,3.158048289330189
45.416666666666664,3.1600729709162434,3.1600729709162434
45.45833333333333,3.162095297900742,3.162095297900742
45.5,3.1641152973029536,3.1641152973029536
45.541666666666664,3.1661328088367835,3.1661328088367835
45.58333333333333,3.1681478747001144,3.1681478747001144
45.625,3.1701604998478174,3.1701604998478174
45.666666666666664,3.1721705102394493,3.1721705102394493
45.70833333333333,3.1741775783032864,3.1741775783032864
45.75,3.1761817653206146,3.1761817653206146
45.791666666666664,3.1781829779571176,3.1781829779571176
45.83333333333333,3.180180642735156,3.180180642735156
45.875,3.182174716566091,3.182174716566091
45.916666666666664,3.1841650462540083,3.1841650462540083
45.95833333333333,3.1861513017129197,3.1861513017129197
46.0,3.188133033124258,3.188133033124258
46.041666666666664,3.190110010516208,3.190110010516208
46.08333333333333,3.1920832267345913,3.1920832267345913
46.125,3.1940528318489405,3.1940528318489405
46.166666666666664,3.1960191740014974,3.1960191740014974
46.20833333333333,3.1979824314115963,3.1979824314115963
46.25,3.199942943194351,3.199942943194351
46.291666666666664,3.2019007412744975,3.2019007412744975
46.33333333333333,3.2038561718691954,3.2038561718691954
46.375,3.205809175001322,3.205809175001322
46.416666666666664,3.207759926519068,3.207759926519068
46.45833333333333,3.209708399210482,3.209708399210482
46.5,3.2116546194464037,3.2116546194464037
46.541666666666664,3.2135984387965606,3.2135984387965606
46.58333333333333,3.2155398744777606,3.2155398744777606
46.625,3.2174789395358805,3.2174789395358805
46.666666666666664,3.21941549549869,3.21941549549869
46.70833333333333,3.2213491628569404,3.2213491628569404
46.75,3.2232800184334254,3.2232800184334254
46.791666666666664,3.2252079669415115,3.2252079669415115
46.83333333333333,3.227132498943521,3.227132498943521
46.875,3.229053477365977,3.229053477365977
46.916666666666664,3.230970781136855,3.230970781136855
46.95833333333333,3.232884124305712,3.232884124305712
47.0,3.234792998978417,3.234792998978417
47.041666666666664,3.2366972086951766,3.2366972086951766
47.08333333333333,3.238597731084724,3.238597731084724
47.125,3.2404947208974204,3.2404947208974204
47.166666666666664,3.242388523166489,3.242388523166489
47.20833333333333,3.244279328687919,3.244279328687919
47.25,3.2461674549045045,3.2461674549045045
47.291666666666664,3.2480529487016434,3.2480529487016434
47.33333333333333,3.249936158389063,3.249936158389063
47.375,3.2518170137211913,3.2518170137211913
47.416666666666664,3.2536956961986583,3.2536956961986583
47.45833333333333,3.2555721773649173,3.2555721773649173
47.5,3.257446482981518,3.257446482981518
47.541666666666664,3.2593184760337377,3.2593184760337377
47.58333333333333,3.261188150058321,3.261188150058321
47.625,3.2630555257264366,3.2630555257264366
47.666666666666664,3.264920496560095,3.264920496560095
47.70833333333333,3.266782636870963,3.266782636870963
47.75,3.268642036932075,3.268642036932075
47.791666666666664,3.2704985996283855,3.2704985996283855
47.83333333333333,3.272351872455532,3.272351872455532
47.875,3.274201635707284,3.274201635707284
47.916666666666664,3.27604779604068,3.27604779604068
47.95833333333333,3.2778901055454024,3.2778901055454024
48.0,3.2797280075358026,3.2797280075358026
48.041666666666664,3.2815613345883525,3.2815613345883525
48.08333333333333,3.283391049181976,3.283391049181976
48.125,3.285217310850853,3.285217310850853
48.166666666666664,3.2870404619026563,3.2870404619026563
48.20833333333333,3.2888607048118104,3.2888607048118104
48.25,3.2906783369626287,3.2906783369626287
48.291666666666664,3.2924934192017994,3.2924934192017994
48.33333333333333,3.294306301292064,3.294306301292064
48.375,3.296116904273537,3.296116904273537
48.416666666666664,3.297925414027137,3.297925414027137
48.45833333333333,3.2997318012458843,3.2997318012458843
48.5,3.301536091117906,3.301536091117906
48.541666666666664,3.3033381575804084,3.3033381575804084
48.58333333333333,3.305137971757741,3.305137971757741
48.625,3.30693556149446,3.30693556149446
48.666666666666664,3.30873084915897,3.30873084915897
48.70833333333333,3.31052336790905,3.31052336790905
48.75,3.3123132196679212,3.3123132196679212
48.791666666666664,3.3141003056051375,3.3141003056051375
48.83333333333333,3.3158842239806234,3.3158842239806234
48.875,3.3176646822292,3.3176646822292
48.916666666666664,3.3194416109913454,3.3194416109913454
48.95833333333333,3.321214795231015,3.321214795231015
49.0,3.32298363723619,3.32298363723619
49.041666666666664,3.3247479949293277,3.3247479949293277
49.08333333333333,3.3265088156718376,3.3265088156718376
49.125,3.3282662638538723,3.3282662638538723
49.166666666666664,3.330020679402133,3.330020679402133
49.20833333333333,3.3317722756510477,3.3317722756510477
49.25,3.3335213313893517,3.3335213313893517
49.291666666666664,3.3352679229973825,3.3352679229973825
49.33333333333333,3.337012393684437,3.337012393684437
49.375,3.3387546645716957,3.3387546645716957
49.416666666666664,3.340494922375336,3.340494922375336
49.45833333333333,3.342233137255038,3.342233137255038
49.5,3.343969333858468,3.343969333858468
49.541666666666664,3.345703396601257,3.345703396601257
49.58333333333333,3.3474352754174745,3.3474352754174745
49.625,3.349165004891536,3.349165004891536
49.666666666666664,3.350892533458908,3.350892533458908
49.70833333333333,3.352617357519551,3.352617357519551
49.75,3.3543395890944963,3.3543395890944963
49.791666666666664,3.3560591277412666,3.3560591277412666
49.83333333333333,3.357775617111039,3.357775617111039
49.875,3.3594887002222005,3.3594887002222005
49.916666666666664,3.3611983284969136,3.3611983284969136
49.95833333333333,3.362904311145801,3.362904311145801
50.0,3.3646060286471657,3.3646060286471657
50.041666666666664,3.3663033485096814,3.3663033485096814
50.08333333333333,3.3679972072306197,3.3679972072306197
50.125,3.369687774100987,3.369687774100987
50.166666666666664,3.37137538697563,3.37137538697563
50.20833333333333,3.373060269302332,3.373060269302332
50.25,3.374742682602555,3.374742682602555
50.291666666666664,3.3764227235836954,3.3764227235836954
50.33333333333333,3.378100711541988,3.378100711541988
50.375,3.3797765857222943,3.3797765857222943
50.416666666666664,3.3814505271639947,3.3814505271639947
50.45833333333333,3.383122505747894,3.383122505747894
50.5,3.3847925456115697,3.3847925456115697
50.541666666666664,3.386460541175365,3.386460541175365
50.58333333333333,3.388126422352189,3.388126422352189
50.625,3.389790230053844,3.389790230053844
50.666666666666664,3.3914519363229387,3.3914519363229387
50.70833333333333,3.3931110046566384,3.3931110046566384
50.75,3.3947675558325088,3.3947675558325088
50.791666666666664,3.396421487890858,3.396421487890858
50.83333333333333,3.3980724851792368,3.3980724851792368
50.875,3.3997201336152094,3.3997201336152094
50.916666666666664,3.4013644026580607,3.4013644026580607
50.95833333333333,3.403005100055463,3.403005100055463
51.0,3.4046416558377293,3.4046416558377293
51.041666666666664,3.4062738786727156,3.4062738786727156
51.08333333333333,3.4079027161753994,3.4079027161753994
51.125,3.4095283425584824,3.4095283425584824
51.166666666666664,3.411151093881905,3.411151093881905
51.20833333333333,3.4127712030245503,3.4127712030245503
51.25,3.414388915449061,3.414388915449061
51.291666666666664,3.4160043466706704,3.4160043466706704
51.33333333333333,3.417617793926417,3.417617793926417
51.375,3.419229213324466,3.419229213324466
51.416666666666664,3.420838780244387,3.420838780244387
51.45833333333333,3.422446464491615,3.422446464491615
51.5,3.4240522897216845,3.4240522897216845
51.541666666666664,3.4256561598924975,3.4256561598924975
51.58333333333333,3.4272579860080885,3.4272579860080885
51.625,3.428857814917512,3.428857814917512
51.666666666666664,3.4304556295390976,3.4304556295390976
51.70833333333333,3.4320508955024946,3.4320508955024946
51.75,3.4336437095343912,3.4336437095343912
51.791666666666664,3.4352339787939017,3.4352339787939017
51.83333333333333,3.4368214242095396,3.4368214242095396
51.875,3.4384055809568776,3.4384055809568776
51.916666666666664,3.4399864341732513,3.4399864341732513
51.95833333333333,3.4415637902288845,3.4415637902288845
52.0,3.4431371234430315,3.4431371234430315
52.041666666666664,3.4447061913977257,3.4447061913977257
52.08333333333333,3.4462719495643213,3.4462719495643213
52.125,3.4478345770769234,3.4478345770769234
52.166666666666664,3.44939440844833,3.44939440844833
52.20833333333333,3.4509516853642332,3.4509516853642332
52.25,3.4525066383298113,3.4525066383298113
52.291666666666664,3.454059400290791,3.454059400290791
52.33333333333333,3.4556102480990822,3.4556102480990822
52.375,3.4571591535695863,3.4571591535695863
52.416666666666664,3.45870628648236,3.45870628648236
52.45833333333333,3.460251616729441,3.460251616729441
52.5,3.461795167510287,3.461795167510287
52.541666666666664,3.463336851864486,3.463336851864486
52.58333333333333,3.4648765629410647,3.4648765629410647
52.625,3.4664143531589584,3.4664143531589584
52.666666666666664,3.467950204344666,3.467950204344666
52.70833333333333,3.469483617325421,3.469483617325421
52.75,3.4710146336914236,3.4710146336914236
52.791666666666664,3.4725431798273307,3.4725431798273307
52.83333333333333,3.4740690096241496,3.4740690096241496
52.875,3.475591613059074,3.475591613059074
52.916666666666664,3.4771109889145575,3.4771109889145575
52.95833333333333,3.4786269422620255,3.4786269422620255
53.0,3.480138987113211,3.480138987113211
53.041666666666664,3.4816468366764037,3.4816468366764037
53.08333333333333,3.4831514514972803,3.4831514514972803
53.125,3.484653015612582,3.484653015612582
53.166666666666664,3.4861518622094043,3.4861518622094043
53.20833333333333,3.487648241207849,3.487648241207849
53.25,3.489142369161623,3.489142369161623
53.291666666666664,3.4906343951953516,3.4906343951953516
53.33333333333333,3.4921245772912552,3.4921245772912552
53.375,3.493612901908446,3.493612901908446
53.416666666666664,3.495099533320658,3.495099533320658
53.45833333333333,3.4965844416345995,3.4965844416345995
53.5,3.4980676496177594,3.4980676496177594
53.541666666666664,3.4995490789498427,3.4995490789498427
53.58333333333333,3.5010286059206317,3.5010286059206317
53.625,3.502506288174041,3.502506288174041
53.666666666666664,3.503982106504007,3.503982106504007
53.70833333333333,3.5054555942028167,3.5054555942028167
53.75,3.5069267422200645,3.5069267422200645
53.791666666666664,3.508395494450258,3.508395494450258
53.83333333333333,3.509861634555754,3.509861634555754
53.875,3.51132461216238,3.51132461216238
53.916666666666664,3.5127844379415043,3.5127844379415043
53.95833333333333,3.5142409157383296,3.5142409157383296
54.0,3.515693595229445,3.515693595229445
54.041666666666664,3.5171421510718917,3.5171421510718917
54.08333333333333,3.5185875465150716,3.5185875465150716
54.125,3.520029970463491,3.520029970463491
54.166666666666664,3.5214697549762177,3.5214697549762177
54.20833333333333,3.5229071576820363,3.5229071576820363
54.25,3.5243423821038857,3.5243423821038857
54.291666666666664,3.5257755924056235,3.5257755924056235
54.33333333333333,3.5272070290746846,3.5272070290746846
54.375,3.5286366922372316,3.5286366922372316
54.416666666666664,3.5300647407784607,3.5300647407784607
54.45833333333333,3.5314911451201256,3.5314911451201256
54.5,3.532915927620179,3.532915927620179
54.541666666666664,3.534339018173164,3.534339018173164
54.58333333333333,3.535760277148555,3.535760277148555
54.625,3.537179767092175,3.537179767092175
54.666666666666664,3.538597467820445,3.538597467820445
54.70833333333333,3.5400129426202915,3.5400129426202915
54.75,3.5414261358458385,3.5414261358458385
54.791666666666664,3.5428370073685063,3.5428370073685063
54.83333333333333,3.5442453677996024,3.5442453677996024
54.875,3.5456506306633453,3.5456506306633453
54.916666666666664,3.5470528169993787,3.5470528169993787
54.95833333333333,3.548451729493831,3.548451729493831
55.0,3.5498469499477783,3.5498469499477783
55.041666666666664,3.5512381195281777,3.5512381195281777
55.08333333333333,3.5526262021716675,3.5526262021716675
55.125,3.554011391601683,3.554011391601683
55.166666666666664,3.5553940189254813,3.5553940189254813
55.20833333333333,3.556774348996876,3.556774348996876
55.25,3.558152573152263,3.558152573152263
55.291666666666664,3.559528869554949,3.559528869554949
55.33333333333333,3.560903462447646,3.560903462447646
55.375,3.5622763647239637,3.5622763647239637
55.416666666666664,3.5636477300163527,3.5636477300163527
55.45833333333333,3.565017529139364,3.565017529139364
55.5,3.566385784062329,3.566385784062329
55.541666666666664,3.5677524324868046,3.5677524324868046
55.58333333333333,3.569117319746018,3.569117319746018
55.625,3.5704805129855552,3.5704805129855552
55.666666666666664,3.571841991095571,3.571841991095571
55.70833333333333,3.573201345119286,3.573201345119286
55.75,3.5745584764633267,3.5745584764633267
55.791666666666664,3.575913359603288,3.575913359603288
55.83333333333333,3.577265829596334,3.577265829596334
55.875,3.578615267601,3.578615267601
55.916666666666664,3.579961703705729,3.579961703705729
55.95833333333333,3.581304939499865,3.581304939499865
56.0,3.5826445857875737,3.5826445857875737
56.041666666666664,3.5839802546531785,3.5839802546531785
56.08333333333333,3.5853129090094322,3.5853129090094322
56.125,3.586642747337837,3.586642747337837
56.166666666666664,3.587970099950768,3.587970099950768
56.20833333333333,3.589295238481209,3.589295238481209
56.25,3.590618342854809,3.590618342854809
56.291666666666664,3.5919396042835623,3.5919396042835623
56.33333333333333,3.5932592319046748,3.5932592319046748
56.375,3.594577252837224,3.594577252837224
56.416666666666664,3.5958938087474945,3.5958938087474945
56.45833333333333,3.597208877764212,3.597208877764212
56.5,3.598522479200261,3.598522479200261
56.541666666666664,3.5998345581743165,3.5998345581743165
56.58333333333333,3.601144945815074,3.601144945815074
56.625,3.602453713585586,3.602453713585586
56.666666666666664,3.6037608394975584,3.6037608394975584
56.70833333333333,3.605065940317847,3.605065940317847
56.75,3.6063688778031397,3.6063688778031397
56.791666666666664,3.6076696398011117,3.6076696398011117
56.83333333333333,3.6089680835888602,3.6089680835888602
56.875,3.610263561251969,3.610263561251969
56.916666666666664,3.611556110780433,3.611556110780433
56.95833333333333,3.6128455327247484,3.6128455327247484
57.0,3.6141314641320545,3.6141314641320545
57.041666666666664,3.61541349184874,3.61541349184874
57.08333333333333,3.616692576316367,3.616692576316367
57.125,3.61796892070333,3.61796892070333
57.166666666666664,3.6192428546666755,3.6192428546666755
57.20833333333333,3.6205146562068546,3.6205146562068546
57.25,3.621784494552992,3.621784494552992
57.291666666666664,3.6230525730947694,3.6230525730947694
57.33333333333333,3.6243190869041833,3.6243190869041833
57.375,3.6255840771388903,3.6255840771388903
57.416666666666664,3.626847671920792,3.626847671920792
57.45833333333333,3.6281098584726448,3.6281098584726448
57.5,3.629370652890617,3.629370652890617
57.541666666666664,3.6306300073386777,3.6306300073386777
57.58333333333333,3.631887739522994,3.631887739522994
57.625,3.6331439249605104,3.6331439249605104
57.666666666666664,3.6343985408291974,3.6343985408291974
57.70833333333333,3.6356512277698,3.6356512277698
57.75,3.636901810876407,3.636901810876407
57.791666666666664,3.6381502902605467,3.6381502902605467
57.83333333333333,3.6393965434347915,3.6393965434347915
57.875,3.6406398963209248,3.6406398963209248
57.916666666666664,3.641880393811169,3.641880393811169
57.95833333333333,3.643117835471179,3.643117835471179
58.0,3.6443518821436793,3.6443518821436793
58.041666666666664,3.645582098795848,3.645582098795848
58.08333333333333,3.6468094421790718,3.6468094421790718
58.125,3.648034120068713,3.648034120068713
58.166666666666664,3.6492564615903853,3.6492564615903853
58.20833333333333,3.6504767507312277,3.6504767507312277
58.25,3.6516951466825516,3.6516951466825516
58.291666666666664,3.652911864212318,3.652911864212318
58.33333333333333,3.6541270852791703,3.6541270852791703
58.375,3.655340864065047,3.655340864065047
58.416666666666664,3.6565533162314288,3.6565533162314288
58.45833333333333,3.657764437206015,3.657764437206015
58.5,3.6589742401923884,3.6589742401923884
58.541666666666664,3.6601826840458758,3.6601826840458758
58.58333333333333,3.661389573785133,3.661389573785133
58.625,3.6625949887350058,3.6625949887350058
58.666666666666664,3.6637989052816096,3.6637989052816096
58.70833333333333,3.6650009862529336,3.6650009862529336
58.75,3.6662010227924506,3.6662010227924506
58.791666666666664,3.6673990262766956,3.6673990262766956
58.83333333333333,3.6685948852601875,3.6685948852601875
58.875,3.6697879243373084,3.6697879243373084
58.916666666666664,3.6709781721703356,3.6709781721703356
58.95833333333333,3.67216543481062,3.67216543481062
59.0,3.673349394720689,3.673349394720689
59.041666666666664,3.6745295979263988,3.6745295979263988
59.08333333333333,3.6757069964678486,3.6757069964678486
59.125,3.67688180264008,3.67688180264008
59.166666666666664,3.6780543451471175,3.6780543451471175
59.20833333333333,3.6792249136099335,3.6792249136099335
59.25,3.680393657790762,3.680393657790762
59.291666666666664,3.6815608031006644,3.6815608031006644
59.33333333333333,3.6827265192576895,3.6827265192576895
59.375,3.6838908725425497,3.6838908725425497
59.416666666666664,3.6850539671354405,3.6850539671354405
59.45833333333333,3.686215805877759,3.686215805877759
59.5,3.687376399367628,3.687376399367628
59.541666666666664,3.688535712815242,3.688535712815242
59.58333333333333,3.6896935392426333,3.6896935392426333
59.625,3.6908499615529706,3.6908499615529706
59.666666666666664,3.692004955379825,3.692004955379825
59.70833333333333,3.693158204197346,3.693158204197346
59.75,3.6943094676656543,3.6943094676656543
59.791666666666664,3.6954587675241632,3.6954587675241632
59.83333333333333,3.696605991402038,3.696605991402038
59.875,3.6977504959886103,3.6977504959886103
59.916666666666664,3.698892261818335,3.698892261818335
59.95833333333333,3.7000311118541287,3.7000311118541287
60.0,3.7011667482390145,3.7011667482390145
60.041666666666664,3.702298700630276,3.702298700630276
60.08333333333333,3.703427915507215,3.703427915507215
60.125,3.7045546095911472,3.7045546095911472
60.166666666666664,3.7056791112617304,3.7056791112617304
60.20833333333333,3.7068017154462316,3.7068017154462316
60.25,3.70792256304137,3.70792256304137
60.291666666666664,3.709041889423972,3.709041889423972
60.33333333333333,3.710159852873252,3.710159852873252
60.375,3.7112765309226035,3.7112765309226035
60.416666666666664,3.712392017157299,3.712392017157299
60.45833333333333,3.7135063211268715,3.7135063211268715
60.5,3.7146194510788675,3.7146194510788675
60.541666666666664,3.715731378258758,3.715731378258758
60.58333333333333,3.7168418843414415,3.7168418843414415
60.625,3.7179510555941286,3.7179510555941286
60.666666666666664,3.7190588669348084,3.7190588669348084
60.70833333333333,3.7201650210730155,3.7201650210730155
60.75,3.72126924843463,3.72126924843463
60.791666666666664,3.722371580305588,3.722371580305588
60.83333333333333,3.723471903435644,3.723471903435644
60.875,3.724569604225872,3.724569604225872
60.916666666666664,3.7256646188329254,3.7256646188329254
60.95833333333333,3.726756785703319,3.726756785703319
61.0,3.7278458249278237,3.7278458249278237
61.041666666666664,3.7289312520502396,3.7289312520502396
61.08333333333333,3.7300140072885752,3.7300140072885752
61.125,3.731094311692,3.731094311692
61.166666666666664,3.732172493401648,3.732172493401648
61.20833333333333,3.7332488523466543,3.7332488523466543
61.25,3.734323521080712,3.734323521080712
61.291666666666664,3.735396744321422,3.735396744321422
61.33333333333333,3.7364686696469245,3.7364686696469245
61.375,3.737539385068502,3.737539385068502
61.416666666666664,3.7386089743804676,3.7386089743804676
61.45833333333333,3.7396774532101977,3.7396774532101977
61.5,3.7407448276813695,3.7407448276813695
61.541666666666664,3.7418110747714444,3.7418110747714444
61.58333333333333,3.742875965418816,3.742875965418816
61.625,3.7439395890547273,3.7439395890547273
61.666666666666664,3.745001919916379,3.745001919916379
61.70833333333333,3.7460626786549707,3.7460626786549707
61.75,3.747121568516149,3.747121568516149
61.791666666666664,3.7481786295923043,3.7481786295923043
61.83333333333333,3.749233747796994,3.749233747796994
61.875,3.750286337075962,3.750286337075962
61.916666666666664,3.7513362926032054,3.7513362926032054
61.95833333333333,3.752383467024002,3.752383467024002
62.0,3.753427596825201,3.753427596825201
62.041666666666664,3.75446818541513,3.75446818541513
62.08333333333333,3.755506166179474,3.755506166179474
62.125,3.7565417643928107,3.7565417643928107
62.166666666666664,3.7575753080334087,3.7575753080334087
62.20833333333333,3.758607101748805,3.758607101748805
62.25,3.759637270234983,3.759637270234983
62.291666666666664,3.7606660669725516,3.7606660669725516
62.33333333333333,3.7616936295187338,3.7616936295187338
62.375,3.7627200556518865,3.7627200556518865
62.416666666666664,3.7637454201061042,3.7637454201061042
62.45833333333333,3.7647697440225074,3.7647697440225074
62.5,3.765793031602952,3.765793031602952
62.541666666666664,3.766815265269187,3.766815265269187
62.58333333333333,3.7678362057974453,3.7678362057974453
62.625,3.768855945596224,3.768855945596224
62.666666666666664,3.7698744582547565,3.7698744582547565
62.70833333333333,3.770891481177346,3.770891481177346
62.75,3.7719066923088187,3.7719066923088187
62.791666666666664,3.77292013987587,3.77292013987587
62.83333333333333,3.7739317089965656,3.7739317089965656
62.875,3.774940839186604,3.774940839186604
62.916666666666664,3.775947387717847,3.775947387717847
62.95833333333333,3.7769512202758473,3.7769512202758473
63.0,3.7779520883508524,3.7779520883508524
63.041666666666664,3.7789494849517804,3.7789494849517804
63.08333333333333,3.7799443361733975,3.7799443361733975
63.125,3.780936871410111,3.780936871410111
63.166666666666664,3.781927418543822,3.781927418543822
63.20833333333333,3.7829162866761514,3.7829162866761514
63.25,3.783903593096833,3.783903593096833
63.291666666666664,3.784889599514561,3.784889599514561
63.33333333333333,3.7858744340937145,3.7858744340937145
63.375,3.786858203726527,3.786858203726527
63.416666666666664,3.7878409747523163,3.7878409747523163
63.45833333333333,3.7888227733202458,3.7888227733202458
63.5,3.7898036018907533,3.7898036018907533
63.541666666666664,3.7907834480570433,3.7907834480570433
63.58333333333333,3.7917620629735946,3.7917620629735946
63.625,3.792739541851688,3.792739541851688
63.666666666666664,3.7937158576635714,3.7937158576635714
63.70833333333333,3.79469076347291,3.79469076347291
63.75,3.7956639136463557,3.7956639136463557
63.791666666666664,3.7966353639334094,3.7966353639334094
63.83333333333333,3.7976049986950455,3.7976049986950455
63.875,3.7985722812139913,3.7985722812139913
63.916666666666664,3.7995370336605925,3.7995370336605925
63.95833333333333,3.8004991337140814,3.8004991337140814
64.0,3.8014583466155063,3.8014583466155063
64.04166666666666,3.802414156498609,3.802414156498609
64.08333333333333,3.803367481806364,3.803367481806364
64.125,3.804318555945064,3.804318555945064
64.16666666666666,3.8052677067585106,3.8052677067585106
64.20833333333333,3.8062152475556466,3.8062152475556466
64.25,3.8071612886404744,3.8071612886404744
64.29166666666666,3.808106099453824,3.808106099453824
64.33333333333333,3.8090497993480765,3.8090497993480765
64.375,3.809992503728195,3.809992503728195
64.41666666666666,3.8109342711457503,3.8109342711457503
64.45833333333333,3.811875132303903,3.811875132303903
64.5,3.812815088083017,3.812815088083017
64.54166666666666,3.8137541309890985,3.8137541309890985
64.58333333333333,3.8146920030635405,3.8146920030635405
64.625,3.81562880215735,3.81562880215735
64.66666666666666,3.8165645006550895,3.8165645006550895
64.70833333333333,3.817498866271709,3.817498866271709
64.75,3.8184315313772688,3.8184315313772688
64.79166666666666,3.819362558686838,3.819362558686838
64.83333333333333,3.8202918318405703,3.8202918318405703
64.875,3.8212188362391135,3.8212188362391135
64.91666666666666,3.8221433615022864,3.8221433615022864
64.95833333333333,3.8230652963557312,3.8230652963557312
65.0,3.823984418662422,3.823984418662422
65.04166666666666,3.8249002050194263,3.8249002050194263
65.08333333333333,3.825813565941905,3.825813565941905
65.125,3.8267247387384273,3.8267247387384273
65.16666666666666,3.8276340512655906,3.8276340512655906
65.20833333333333,3.828541820808941,3.828541820808941
65.25,3.8294481510790503,3.8294481510790503
65.29166666666666,3.8303533187883647,3.8303533187883647
65.33333333333333,3.831257435015284,3.831257435015284
65.375,3.8321606231233822,3.8321606231233822
65.41666666666666,3.833062934431217,3.833062934431217
65.45833333333333,3.8339644037876406,3.8339644037876406
65.5,3.834865030637496,3.834865030637496
65.54166666666666,3.8357648121543853,3.8357648121543853
65.58333333333333,3.836663481745652,3.836663481745652
65.625,3.8375611397495737,3.8375611397495737
65.66666666666666,3.838457757990749,3.838457757990749
65.70833333333333,3.839353117904848,3.839353117904848
65.75,3.840246831319785,3.840246831319785
65.79166666666666,3.8411389674076,3.8411389674076
65.83333333333333,3.8420294091219205,3.8420294091219205
65.875,3.8429176624701604,3.8429176624701604
65.91666666666666,3.8438034868495747,3.8438034868495747
65.95833333333333,3.8446867811732677,3.8446867811732677
66.0,3.8455673349067787,3.8455673349067787
66.04166666666666,3.846444618285933,3.846444618285933
66.08333333333333,3.8473195336956714,3.8473195336956714
66.125,3.848192322236174,3.848192322236174
66.16666666666666,3.849063311821109,3.849063311821109
66.20833333333333,3.8499328234966854,3.8499328234966854
66.25,3.850800954746434,3.850800954746434
66.29166666666666,3.8516679891262693,3.8516679891262693
66.33333333333333,3.852534029939627,3.852534029939627
66.375,3.8533992079972217,3.8533992079972217
66.41666666666666,3.8542635678923567,3.8542635678923567
66.45833333333333,3.8551271482518965,3.8551271482518965
66.5,3.8559899472148667,3.8559899472148667
66.54166666666666,3.8568519663900327,3.8568519663900327
66.58333333333333,3.8577129310019886,3.8577129310019886
66.625,3.8585729437336687,3.8585729437336687
66.66666666666666,3.859431975875976,3.859431975875976
66.70833333333333,3.860289821725081,3.860289821725081
66.75,3.8611460739062853,3.8611460739062853
66.79166666666666,3.8620008075837076,3.8620008075837076
66.83333333333333,3.8628539050569115,3.8628539050569115
66.875,3.863704891553055,3.863704891553055
66.91666666666666,3.864553498374885,3.864553498374885
66.95833333333333,3.865399633842814,3.865399633842814
67.0,3.8662430905960625,3.8662430905960625
67.04166666666666,3.867083349308003,3.867083349308003
67.08333333333333,3.8679212957938987,3.8679212957938987
67.125,3.8687571748336236,3.8687571748336236
67.16666666666666,3.8695913144377787,3.8695913144377787
67.20833333333333,3.870424039212659,3.870424039212659
67.25,3.8712554407588438,3.8712554407588438
67.29166666666666,3.8720858090789663,3.8720858090789663
67.33333333333333,3.8729152401669626,3.8729152401669626
67.375,3.873743871809014,3.873743871809014
67.41666666666666,3.874571742341834,3.874571742341834
67.45833333333333,3.875398893839864,3.875398893839864
67.5,3.876225323252839,3.876225323252839
67.54166666666666,3.877051036404923,3.877051036404923
67.58333333333333,3.8778757507676023,3.8778757507676023
67.625,3.878699571234533,3.878699571234533
67.66666666666666,3.8795224685889753,3.8795224685889753
67.70833333333333,3.880344249192297,3.880344249192297
67.75,3.8811644877046234,3.8811644877046234
67.79166666666666,3.8819832648575088,3.8819832648575088
67.83333333333333,3.8828004623284533,3.8828004623284533
67.875,3.8836156232895562,3.8836156232895562
67.91666666666666,3.884428452898964,3.884428452898964
67.95833333333333,3.8852388681758097,3.8852388681758097
68.0,3.886046661163755,3.886046661163755
68.04166666666666,3.8868513300443803,3.8868513300443803
68.08333333333333,3.8876537407357636,3.8876537407357636
68.125,3.88845414158586,3.88845414158586
68.16666666666666,3.8892528607362964,3.8892528607362964
68.20833333333333,3.8900502261649286,3.8900502261649286
68.25,3.8908463239110747,3.8908463239110747
68.29166666666666,3.891641450054002,3.891641450054002
68.33333333333333,3.892435693710377,3.892435693710377
68.375,3.8932291992052597,3.8932291992052597
68.41666666666666,3.8940219990480633,3.8940219990480633
68.45833333333333,3.89481413846254,3.89481413846254
68.5,3.895605613313915,3.895605613313915
68.54166666666666,3.8963964334331025,3.8963964334331025
68.58333333333333,3.897186308942753,3.897186308942753
68.625,3.897975346821875,3.897975346821875
68.66666666666666,3.8987635173705106,3.8987635173705106
68.70833333333333,3.8995506382776846,3.8995506382776846
68.75,3.9003362673809816,3.9003362673809816
68.79166666666666,3.9011204905898706,3.9011204905898706
68.83333333333333,3.9019031889898055,3.9019031889898055
68.875,3.9026839225238708,3.9026839225238708
68.91666666666666,3.903462371993719,3.903462371993719
68.95833333333333,3.904238462471232,3.904238462471232
69.0,3.9050119854332186,3.9050119854332186
69.04166666666666,3.9057824557132625,3.9057824557132625
69.08333333333333,3.9065507201660723,3.9065507201660723
69.125,3.9073170305969227,3.9073170305969227
69.16666666666666,3.9080817153069196,3.9080817153069196
69.20833333333333,3.9088451054673943,3.9088451054673943
69.25,3.9096072818571623,3.9096072818571623
69.29166666666666,3.9103685462857327,3.9103685462857327
69.33333333333333,3.9111289813938974,3.9111289813938974
69.375,3.911888737640417,3.911888737640417
69.41666666666666,3.9126478421003625,3.9126478421003625
69.45833333333333,3.9134063428766415,3.9134063428766415
69.5,3.914164234844396,3.914164234844396
69.54166666666666,3.914921531643067,3.914921531643067
69.58333333333333,3.915677936425609,3.915677936425609
69.625,3.916433558139136,3.916433558139136
69.66666666666666,3.9171883666230283,3.9171883666230283
69.70833333333333,3.9179421902087963,3.9179421902087963
69.75,3.9186945709673986,3.9186945709673986
69.79166666666666,3.91944559962812,3.91944559962812
69.83333333333333,3.920195156712161,3.920195156712161
69.875,3.9209428178507064,3.9209428178507064
69.91666666666666,3.9216882411308753,3.9216882411308753
69.95833333333333,3.922431359087074,3.922431359087074
70.0,3.9231719626558834,3.9231719626558834
70.04166666666666,3.9239095825160986,3.9239095825160986
70.08333333333333,3.9246450472547463,3.9246450472547463
70.125,3.9253786120244745,3.9253786120244745
70.16666666666666,3.9261106053098067,3.9261106053098067
70.20833333333333,3.9268413613078033,3.9268413613078033
70.25,3.927570955818766,3.927570955818766
70.29166666666666,3.928299696058499,3.928299696058499
70.33333333333333,3.9290276585658286,3.9290276585658286
70.375,3.929754999557061,3.929754999557061
70.41666666666666,3.9304817410342645,3.9304817410342645
70.45833333333333,3.9312079337347803,3.9312079337347803
70.5,3.931933571628893,3.931933571628893
70.54166666666666,3.9326586719765144,3.9326586719765144
70.58333333333333,3.9333829313180746,3.9333829313180746
70.625,3.934106460458957,3.934106460458957
70.66666666666666,3.9348292287991287,3.9348292287991287
70.70833333333333,3.9355510746757174,3.9355510746757174
70.75,3.9362715253706653,3.9362715253706653
70.79166666666666,3.9369906761037705,3.9369906761037705
70.83333333333333,3.9377084068581762,3.9377084068581762
70.875,3.938424307953087,3.938424307953087
70.91666666666666,3.939138016271422,3.939138016271422
70.95833333333333,3.939849471270465,3.939849471270465
71.0,3.9405584633716684,3.9405584633716684
71.04166666666666,3.9412645383374074,3.9412645383374074
71.08333333333333,3.941968507248328,3.941968507248328
71.125,3.9426706284955495,3.9426706284955495
71.16666666666666,3.943371230767062,3.943371230767062
71.20833333333333,3.944070651127763,3.944070651127763
71.25,3.9447689606641934,3.9447689606641934
71.29166666666666,3.945466471695438,3.945466471695438
71.33333333333333,3.9461632550072254,3.9461632550072254
71.375,3.946859472223948,3.946859472223948
71.41666666666666,3.9475551406077165,3.9475551406077165
71.45833333333333,3.9482503133084794,3.9482503133084794
71.5,3.948944983468686,3.948944983468686
71.54166666666666,3.9496391688633024,3.9496391688633024
71.58333333333333,3.9503325685385104,3.9503325685385104
71.625,3.951025286273773,3.951025286273773
71.66666666666666,3.9517172939768686,3.9517172939768686
71.70833333333333,3.952408439398069,3.952408439398069
71.75,3.9530982359366593,3.9530982359366593
71.79166666666666,3.9537867829998756,3.9537867829998756
71.83333333333333,3.9544739600576477,3.9544739600576477
71.875,3.955159371192466,3.955159371192466
71.91666666666666,3.9558426334743095,3.9558426334743095
71.95833333333333,3.956523692789402,3.956523692789402
72.0,3.95720233906787,3.95720233906787
72.04166666666666,3.95787813243572,3.95787813243572
72.08333333333333,3.958551867196472,3.958551867196472
72.125,3.959223804872098,3.959223804872098
72.16666666666666,3.959894274370734,3.959894274370734
72.20833333333333,3.9605636154763872,3.9605636154763872
72.25,3.961231894810726,3.961231894810726
72.29166666666666,3.9618994295124375,3.9618994295124375
72.33333333333333,3.962566284940085,3.962566284940085
72.375,3.963232627801157,3.963232627801157
72.41666666666666,3.963898470925272,3.963898470925272
72.45833333333333,3.964563869673725,3.964563869673725
72.5,3.9652288164308267,3.9652288164308267
72.54166666666666,3.9658933288007208,3.9658933288007208
72.58333333333333,3.9665571102039014,3.9665571102039014
72.625,3.96722025574714,3.96722025574714
72.66666666666666,3.9678827403819064,3.9678827403819064
72.70833333333333,3.9685444207198235,3.9685444207198235
72.75,3.969204797118932,3.969204797118932
72.79166666666666,3.969863972894647,3.969863972894647
72.83333333333333,3.9705218270273073,3.9705218270273073
72.875,3.971177976506441,3.971177976506441
72.91666666666666,3.9718320198725747,3.9718320198725747
72.95833333333333,3.972483908988141,3.972483908988141
73.0,3.973133433314572,3.973133433314572
73.04166666666666,3.973780166660128,3.973780166660128
73.08333333333333,3.9744248872502888,3.9744248872502888
73.125,3.9750678596317983,3.9750678596317983
73.16666666666666,3.9757094129465753,3.9757094129465753
73.20833333333333,3.976349889557653,3.976349889557653
73.25,3.9769893518558934,3.9769893518558934
73.29166666666666,3.9776281215338867,3.9776281215338867
73.33333333333333,3.978266258827756,3.978266258827756
73.375,3.978903935225638,3.978903935225638
73.41666666666666,3.979541159408814,3.979541159408814
73.45833333333333,3.980177988767183,3.980177988767183
73.5,3.9808144149900473,3.9808144149900473
73.54166666666666,3.981450455518392,3.981450455518392
73.58333333333333,3.9820858179436005,3.9820858179436005
73.625,3.9827205891133763,3.9827205891133763
73.66666666666666,3.9833547468730117,3.9833547468730117
73.70833333333333,3.983988156181125,3.983988156181125
73.75,3.984620305136433,3.984620305136433
73.79166666666666,3.9852513007049466,3.9852513007049466
73.83333333333333,3.985881021399888,3.985881021399888
73.875,3.986509096324149,3.986509096324149
73.91666666666666,3.987135106674232,3.987135106674232
73.95833333333333,3.9877590098733497,3.9877590098733497
74.0,3.988380594935768,3.988380594935768
74.04166666666666,3.9889994487065934,3.9889994487065934
74.08333333333333,3.9896163340036144,3.9896163340036144
74.125,3.9902315182940313,3.9902315182940313
74.16666666666666,3.9908453309645715,3.9908453309645715
74.20833333333333,3.9914581168250147,3.9914581168250147
74.25,3.9920699342560293,3.9920699342560293
74.29166666666666,3.9926811092547427,3.9926811092547427
74.33333333333333,3.9932916972202896,3.9932916972202896
74.375,3.9939018741394547,3.9939018741394547
74.41666666666666,3.994511644808292,3.994511644808292
74.45833333333333,3.995121068479137,3.995121068479137
74.5,3.9957301362035493,3.9957301362035493
74.54166666666666,3.9963388652666736,3.9963388652666736
74.58333333333333,3.99694696723657,3.99694696723657
74.625,3.997554521095489,3.997554521095489
74.66666666666666,3.9981615074403205,3.9981615074403205
74.70833333333333,3.998767799096521,3.998767799096521
74.75,3.9993728726311923,3.9993728726311923
74.79166666666666,3.9999768384230086,3.9999768384230086
74.83333333333333,4.0005795745394925,4.0005795745394925
74.875,4.001180721460059,4.001180721460059
74.91666666666666,4.001779844133808,4.001779844133808
74.95833333333333,4.002376905162934,4.002376905162934
75.0,4.002971693135036,4.002971693135036
75.04166666666666,4.003563807319968,4.003563807319968
75.08333333333333,4.004153995771049,4.004153995771049
75.125,4.004742528773534,4.004742528773534
75.16666666666666,4.00532973596756,4.00532973596756
75.20833333333333,4.005915964484963,4.005915964484963
75.25,4.006501268903906,4.006501268903906
75.29166666666666,4.007085979292207,4.007085979292207
75.33333333333333,4.007670146479276,4.007670146479276
75.375,4.0082539506876875,4.0082539506876875
75.41666666666666,4.008837393071925,4.008837393071925
75.45833333333333,4.009420534595616,4.009420534595616
75.5,4.010003365724564,4.010003365724564
75.54166666666666,4.0105859035950475,4.0105859035950475
75.58333333333333,4.011167863566605,4.011167863566605
75.625,4.011749317130321,4.011749317130321
75.66666666666666,4.012330247499782,4.012330247499782
75.70833333333333,4.0129105349188965,4.0129105349188965
75.75,4.013489645100747,4.013489645100747
75.79166666666666,4.01406769161675,4.01406769161675
75.83333333333333,4.014644552109117,4.014644552109117
75.875,4.015219877749278,4.015219877749278
75.91666666666666,4.0157932182541805,4.0157932182541805
75.95833333333333,4.016364541053804,4.016364541053804
76.0,4.016933634328603,4.016933634328603
76.04166666666666,4.017500109192434,4.017500109192434
76.08333333333333,4.018064699551296,4.018064699551296
76.125,4.018627678408167,4.018627678408167
76.16666666666666,4.019189375663177,4.019189375663177
76.20833333333333,4.019750140652244,4.019750140652244
76.25,4.02031002434715,4.02031002434715
76.29166666666666,4.020869360666494,4.020869360666494
76.33333333333333,4.021428196120823,4.021428196120823
76.375,4.021986714922908,4.021986714922908
76.41666666666666,4.022544914811807,4.022544914811807
76.45833333333333,4.0231028583247275,4.0231028583247275
76.5,4.023660535388982,4.023660535388982
76.54166666666666,4.024217962998655,4.024217962998655
76.58333333333333,4.024774860127935,4.024774860127935
76.625,4.025331291133088,4.025331291133088
76.66666666666666,4.025887241716296,4.025887241716296
76.70833333333333,4.026442599120503,4.026442599120503
76.75,4.026996818836757,4.026996818836757
76.79166666666666,4.0275500174256145,4.0275500174256145
76.83333333333333,4.028102072123416,4.028102072123416
76.875,4.028652644156635,4.028652644156635
76.91666666666666,4.029201268951575,4.029201268951575
76.95833333333333,4.029747918442424,4.029747918442424
77.0,4.030292380421096,4.030292380421096
77.04166666666666,4.03083427729379,4.03083427729379
77.08333333333333,4.031374329411673,4.031374329411673
77.125,4.031912812397292,4.031912812397292
77.16666666666666,4.032450056415418,4.032450056415418
77.20833333333333,4.032986412894771,4.032986412894771
77.25,4.033521929385557,4.033521929385557
77.29166666666666,4.034056943450686,4.034056943450686
77.33333333333333,4.034591497517048,4.034591497517048
77.375,4.035125779558321,4.035125779558321
77.41666666666666,4.035659784107974,4.035659784107974
77.45833333333333,4.036193575151327,4.036193575151327
77.5,4.036727142120187,4.036727142120187
77.54166666666666,4.037260501872807,4.037260501872807
77.58333333333333,4.037793376829474,4.037793376829474
77.625,4.038325824550492,4.038325824550492
77.66666666666666,4.03885783310512,4.03885783310512
77.70833333333333,4.039389296343017,4.039389296343017
77.75,4.039919660122735,4.039919660122735
77.79166666666666,4.0404490438054115,4.0404490438054115
77.83333333333333,4.040977324240033,4.040977324240033
77.875,4.041504172115191,4.041504172115191
77.91666666666666,4.042029109440084,4.042029109440084
77.95833333333333,4.0425521123548,4.0425521123548
78.0,4.043072968280435,4.043072968280435
78.04166666666666,4.043591310391409,4.043591310391409
78.08333333333333,4.044107846052756,4.044107846052756
78.125,4.044622853410716,4.044622853410716
78.16666666666666,4.045136662897713,4.045136662897713
78.20833333333333,4.045649627930052,4.045649627930052
78.25,4.046161792810851,4.046161792810851
78.29166666666666,4.046673498553117,4.046673498553117
78.33333333333333,4.047184783720982,4.047184783720982
78.375,4.047695839834622,4.047695839834622
78.41666666666666,4.048206658416931,4.048206658416931
78.45833333333333,4.048717304786879,4.048717304786879
78.5,4.049227767919922,4.049227767919922
78.54166666666666,4.049738064544558,4.049738064544558
78.58333333333333,4.050247920366399,4.050247920366399
78.625,4.050757386472248,4.050757386472248
78.66666666666666,4.0512664531830715,4.0512664531830715
78.70833333333333,4.051775020587818,4.051775020587818
78.75,4.052282525463201,4.052282525463201
78.79166666666666,4.052789089796078,4.052789089796078
78.83333333333333,4.053294590065737,4.053294590065737
78.875,4.053798705870224,4.053798705870224
78.91666666666666,4.054300946613216,4.054300946613216
78.95833333333333,4.054801292365318,4.054801292365318
79.0,4.0552995301937,4.0552995301937
79.04166666666666,4.05579530354267,4.05579530354267
79.08333333333333,4.056289307337082,4.056289307337082
79.125,4.056781822153356,4.056781822153356
79.16666666666666,4.057273178693198,4.057273178693198
79.20833333333333,4.057763732260805,4.057763732260805
79.25,4.058253524077245,4.058253524077245
79.29166666666666,4.058742898422632,4.058742898422632
79.33333333333333,4.059231890206125,4.059231890206125
79.375,4.059720694293596,4.059720694293596
79.41666666666666,4.060209299378889,4.060209299378889
79.45833333333333,4.060697772010069,4.060697772010069
79.5,4.06118610074195,4.06118610074195
79.54166666666666,4.061674302179082,4.061674302179082
79.58333333333333,4.062162105158951,4.062162105158951
79.625,4.062649554601926,4.062649554601926
79.66666666666666,4.063136642971088,4.063136642971088
79.70833333333333,4.063623276250151,4.063623276250151
79.75,4.064108882648952,4.064108882648952
79.79166666666666,4.064593586617716,4.064593586617716
79.83333333333333,4.065077264282877,4.065077264282877
79.875,4.06555960363616,4.06555960363616
79.91666666666666,4.066040102230715,4.066040102230715
79.95833333333333,4.066518743813109,4.066518743813109
80.0,4.066995315112702,4.066995315112702
80.04166666666666,4.0674694693695095,4.0674694693695095
80.08333333333333,4.067941889592461,4.067941889592461
80.125,4.068412858697064,4.068412858697064
80.16666666666666,4.068882707654621,4.068882707654621
80.20833333333333,4.069351793562965,4.069351793562965
80.25,4.069820154716992,4.069820154716992
80.29166666666666,4.070288138491684,4.070288138491684
80.33333333333333,4.070755776336548,4.070755776336548
80.375,4.071223266275168,4.071223266275168
80.41666666666666,4.0716905943412955,4.0716905943412955
80.45833333333333,4.072157828216583,4.072157828216583
80.5,4.072624956067774,4.072624956067774
80.54166666666666,4.073091994381016,4.073091994381016
80.58333333333333,4.073558674979391,4.073558674979391
80.625,4.074025036909006,4.074025036909006
80.66666666666666,4.074491074671002,4.074491074671002
80.70833333333333,4.074956699820763,4.074956699820763
80.75,4.075421332482967,4.075421332482967
80.79166666666666,4.075885099420395,4.075885099420395
80.83333333333333,4.0763478764226955,4.0763478764226955
80.875,4.076809359393691,4.076809359393691
80.91666666666666,4.077269034738785,4.077269034738785
80.95833333333333,4.077726889645029,4.077726889645029
81.0,4.07818271051934,4.07818271051934
81.04166666666666,4.078636159935824,4.078636159935824
81.08333333333333,4.079087909521854,4.079087909521854
81.125,4.07953824441235,4.07953824441235
81.16666666666666,4.079987495857772,4.079987495857772
81.20833333333333,4.080436022660347,4.080436022660347
81.25,4.080883860336191,4.080883860336191
81.29166666666666,4.081331359192858,4.081331359192858
81.33333333333333,4.081778547403994,4.081778547403994
81.375,4.0822256259747265,4.0822256259747265
81.41666666666666,4.082672578436171,4.082672578436171
81.45833333333333,4.083119473516222,4.083119473516222
81.5,4.0835662990233095,4.0835662990233095
81.54166666666666,4.084013071330479,4.084013071330479
81.58333333333333,4.084459525106897,4.084459525106897
81.625,4.084905693802524,4.084905693802524
81.66666666666666,4.085351573857721,4.085351573857721
81.70833333333333,4.085797082096287,4.085797082096287
81.75,4.08624163100879,4.08624163100879
81.79166666666666,4.086685349530338,4.086685349530338
81.83333333333333,4.087128113129111,4.087128113129111
81.875,4.087569625170964,4.087569625170964
81.91666666666666,4.088009361568379,4.088009361568379
81.95833333333333,4.088447312730848,4.088447312730848
82.0,4.088883264757499,4.088883264757499
82.04166666666666,4.089316889076225,4.089316889076225
82.08333333333333,4.08974884656799,4.08974884656799
82.125,4.090179424349072,4.090179424349072
82.16666666666666,4.090608953997967,4.090608953997967
82.20833333333333,4.091037795936773,4.091037795936773
82.25,4.0914659830422595,4.0914659830422595
82.29166666666666,4.091893868401529,4.091893868401529
82.33333333333333,4.0923214770854335,4.0923214770854335
82.375,4.092749012915423,4.092749012915423
82.41666666666666,4.093176457066837,4.093176457066837
82.45833333333333,4.093603879233888,4.093603879233888
82.5,4.094031266893886,4.094031266893886
82.54166666666666,4.094458636311837,4.094458636311837
82.58333333333333,4.0948857248699655,4.0948857248699655
82.625,4.095312560686813,4.095312560686813
82.66666666666666,4.095739142048086,4.095739142048086
82.70833333333333,4.096165390761157,4.096165390761157
82.75,4.096590712105141,4.096590712105141
82.79166666666666,4.097015237056966,4.097015237056966
82.83333333333333,4.097438840777966,4.097438840777966
82.875,4.09786123367506,4.09786123367506
82.91666666666666,4.098281881778498,4.098281881778498
82.95833333333333,4.098700778518113,4.098700778518113
83.0,4.0991177096992315,4.0991177096992315
83.04166666666666,4.0995323552010055,4.0995323552010055
83.08333333333333,4.09994536560176,4.09994536560176
83.125,4.100357029935638,4.100357029935638
83.16666666666666,4.100767680099886,4.100767680099886
83.20833333333333,4.1011776780563,4.1011776780563
83.25,4.10158705417438,4.10158705417438
83.29166666666666,4.101996164176326,4.101996164176326
83.33333333333333,4.102405030193339,4.102405030193339
83.375,4.102813858708061,4.102813858708061
83.41666666666666,4.103222628677211,4.103222628677211
83.45833333333333,4.10363141068808,4.10363141068808
83.5,4.10404019191176,4.10404019191176
83.54166666666666,4.104448988510057,4.104448988510057
83.58333333333333,4.104857540451347,4.104857540451347
83.625,4.105265870774888,4.105265870774888
83.66666666666666,4.105673979522505,4.105673979522505
83.70833333333333,4.106081793217339,4.106081793217339
83.75,4.106488710323504,4.106488710323504
83.79166666666666,4.1068948637381615,4.1068948637381615
83.83333333333333,4.107300128329755,4.107300128329755
83.875,4.107704221152083,4.107704221152083
83.91666666666666,4.1081065989233645,4.1081065989233645
83.95833333333333,4.10850725790622,4.10850725790622
84.0,4.108905983625522,4.108905983625522
84.04166666666666,4.109302464027749,4.109302464027749
84.08333333333333,4.1096973398158125,4.1096973398158125
84.125,4.110090901878779,4.110090901878779
84.16666666666666,4.110483482423277,4.110483482423277
84.20833333333333,4.110875444874831,4.110875444874831
84.25,4.111266817220696,4.111266817220696
84.29166666666666,4.111657957681862,4.111657957681862
84.33333333333333,4.1120488856036435,4.1120488856036435
84.375,4.112439809984229,4.112439809984229
84.41666666666666,4.1128307076898105,4.1128307076898105
84.45833333333333,4.1132216501336645,4.1132216501336645
84.5,4.113612624203453,4.113612624203453
84.54166666666666,4.114003645962413,4.114003645962413
84.58333333333333,4.114394457844082,4.114394457844082
84.625,4.114785078048461,4.114785078048461
84.66666666666666,4.115175508288711,4.115175508288711
84.70833333333333,4.115565679551905,4.115565679551905
84.75,4.11595498385916,4.11595498385916
84.79166666666666,4.116343555914533,4.116343555914533
84.83333333333333,4.116731270306899,4.116731270306899
84.875,4.117117850367678,4.117117850367678
84.91666666666666,4.117502744035719,4.117502744035719
84.95833333333333,4.117885950232281,4.117885950232281
85.0,4.118267254214513,4.118267254214513
85.04166666666666,4.118646351630006,4.118646351630006
85.08333333333333,4.119023873717412,4.119023873717412
85.125,4.119400113158492,4.119400113158492
85.16666666666666,4.119775402459843,4.119775402459843
85.20833333333333,4.1201501064387465,4.1201501064387465
85.25,4.1205242508185576,4.1205242508185576
85.29166666666666,4.120898196190414,4.120898196190414
85.33333333333333,4.121271959258713,4.121271959258713
85.375,4.121645751400371,4.121645751400371
85.41666666666666,4.122019547510805,4.122019547510805
85.45833333333333,4.12239341976773,4.12239341976773
85.5,4.1227673547962755,4.1227673547962755
85.54166666666666,4.123141368565523,4.123141368565523
85.58333333333333,4.123515205858856,4.123515205858856
85.625,4.123888880265501,4.123888880265501
85.66666666666666,4.1242623950894055,4.1242623950894055
85.70833333333333,4.124635685544619,4.124635685544619
85.75,4.125008137558531,4.125008137558531
85.79166666666666,4.125379887536381,4.125379887536381
85.83333333333333,4.125750809800182,4.125750809800182
85.875,4.126120633612822,4.126120633612822
85.91666666666666,4.126488798631786,4.126488798631786
85.95833333333333,4.126855306275103,4.126855306275103
86.0,4.127219941544358,4.127219941544358
86.04166666666666,4.127582407438896,4.127582407438896
86.08333333333333,4.1279433261286265,4.1279433261286265
86.125,4.128302992026687,4.128302992026687
86.16666666666666,4.128661737930286,4.128661737930286
86.20833333333333,4.129019929980038,4.129019929980038
86.25,4.129377591747734,4.129377591747734
86.29166666666666,4.129735086072952,4.129735086072952
86.33333333333333,4.130092427156132,4.130092427156132
86.375,4.1304498286241635,4.1304498286241635
86.41666666666666,4.130807263513805,4.130807263513805
86.45833333333333,4.131164804710707,4.131164804710707
86.5,4.1315224385966385,4.1315224385966385
86.54166666666666,4.131880181050748,4.131880181050748
86.58333333333333,4.132237779096211,4.132237779096211
86.625,4.132595241929216,4.132595241929216
86.66666666666666,4.132952574367879,4.132952574367879
86.70833333333333,4.133309715630007,4.133309715630007
86.75,4.133666045877603,4.133666045877603
86.79166666666666,4.134021703118351,4.134021703118351
86.83333333333333,4.134376561419537,4.134376561419537
86.875,4.134730355650653,4.134730355650653
86.91666666666666,4.135082517653953,4.135082517653953
86.95833333333333,4.135433051193626,4.135433051193626
87.0,4.1357817410273015,4.1357817410273015
87.04166666666666,4.136128297172598,4.136128297172598
87.08333333333333,4.136473333111234,4.136473333111234
87.125,4.136817144927369,4.136817144927369
87.16666666666666,4.137160065699474,4.137160065699474
87.20833333333333,4.137502462826719,4.137502462826719
87.25,4.137844357835625,4.137844357835625
87.29166666666666,4.138186115699359,4.138186115699359
87.33333333333333,4.138527748243554,4.138527748243554
87.375,4.138869471224066,4.138869471224066
87.41666666666666,4.139211255923895,4.139211255923895
87.45833333333333,4.13955317588475,4.13955317588475
87.5,4.139895217262633,4.139895217262633
87.54166666666666,4.140237395850803,4.140237395850803
87.58333333333333,4.140579460807386,4.140579460807386
87.625,4.14092141714274,4.14092141714274
87.66666666666666,4.141263271116364,4.141263271116364
87.70833333333333,4.141604965739624,4.141604965739624
87.75,4.141945875717713,4.141945875717713
87.79166666666666,4.142286140568536,4.142286140568536
87.83333333333333,4.142625634116243,4.142625634116243
87.875,4.142964096532037,4.142964096532037
87.91666666666666,4.14330095227932,4.14330095227932
87.95833333333333,4.143636207328246,4.143636207328246
88.0,4.143969646203561,4.143969646203561
88.04166666666666,4.144300985622949,4.144300985622949
88.08333333333333,4.144630830745853,4.144630830745853
88.125,4.144959479268208,4.144959479268208
88.16666666666666,4.145287264540494,4.145287264540494
88.20833333333333,4.1456145551589,4.1456145551589
88.25,4.145941370705547,4.145941370705547
88.29166666666666,4.146268078178514,4.146268078178514
88.33333333333333,4.146594687150689,4.146594687150689
88.375,4.146921415392941,4.146921415392941
88.41666666666666,4.147248232532844,4.147248232532844
88.45833333333333,4.147575212720467,4.147575212720467
88.5,4.14790234190222,4.14790234190222
88.54166666666666,4.14822963578933,4.14822963578933
88.58333333333333,4.148556845574887,4.148556845574887
88.625,4.1488839722807995,4.1488839722807995
88.66666666666666,4.149211023538733,4.149211023538733
88.70833333333333,4.1495379459554576,4.1495379459554576
88.75,4.149864109069706,4.149864109069706
88.79166666666666,4.150189653823371,4.150189653823371
88.83333333333333,4.150514453808521,4.150514453808521
88.875,4.150838254211636,4.150838254211636
88.91666666666666,4.1511604725262226,4.1511604725262226
88.95833333333333,4.151481116797758,4.151481116797758
89.0,4.151799971328682,4.151799971328682
89.04166666666666,4.152116759232983,4.152116759232983
89.08333333333333,4.152432077699623,4.152432077699623
89.125,4.152746225978273,4.152746225978273
89.16666666666666,4.153059537682282,4.153059537682282
89.20833333333333,4.153372382546389,4.153372382546389
89.25,4.153684778304046,4.153684778304046
89.29166666666666,4.1539970938754065,4.1539970938754065
89.33333333333333,4.1543093366959924,4.1543093366959924
89.375,4.154621726444349,4.154621726444349
89.41666666666666,4.154934231184828,4.154934231184828
89.45833333333333,4.1552469256319915,4.1552469256319915
89.5,4.15555979553753,4.15555979553753
89.54166666666666,4.155872856534332,4.155872856534332
89.58333333333333,4.15618586175508,4.15618586175508
89.625,4.156498808421298,4.156498808421298
89.66666666666666,4.15681170547098,4.15681170547098
89.70833333333333,4.157124502919383,4.157124502919383
89.75,4.157436565412141,4.157436565412141
89.79166666666666,4.157748035234442,4.157748035234442
89.83333333333333,4.158058785756835,4.158058785756835
89.875,4.158368566911765,4.158368566911765
89.91666666666666,4.158676789606421,4.158676789606421
89.95833333333333,4.158983463839755,4.158983463839755
90.0,4.159288373702001,4.159288373702001
90.04166666666666,4.159591248413414,4.159591248413414
90.08333333333333,4.1598926775306655,4.1598926775306655
90.125,4.160192961800373,4.160192961800373
90.16666666666666,4.160492435089731,4.160492435089731
90.20833333333333,4.1607914682165505,4.1607914682165505
90.25,4.161090077156387,4.161090077156387
90.29166666666666,4.161388632654207,4.161388632654207
90.33333333333333,4.161687140117199,4.161687140117199
90.375,4.161985821030479,4.161985821030479
90.41666666666666,4.162284641981672,4.162284641981672
90.45833333333333,4.162583678209456,4.162583678209456
90.5,4.162882915284493,4.162882915284493
90.54166666666666,4.163182368764856,4.163182368764856
90.58333333333333,4.163481793631935,4.163481793631935
90.625,4.163781183485935,4.163781183485935
90.66666666666666,4.164080548508593,4.164080548508593
90.70833333333333,4.164379841947326,4.164379841947326
90.75,4.164678423812094,4.164678423812094
90.79166666666666,4.164976437655835,4.164976437655835
90.83333333333333,4.165273756637661,4.165273756637661
90.875,4.165570135182722,4.165570135182722
90.91666666666666,4.165864977971783,4.165864977971783
90.95833333333333,4.166158296843565,4.166158296843565
91.0,4.166449875685739,4.166449875685739
91.04166666666666,4.166739449547922,4.166739449547922
91.08333333333333,4.167027600679491,4.167027600679491
91.125,4.167314631268527,4.167314631268527
91.16666666666666,4.167600875427181,4.167600875427181
91.20833333333333,4.167886705003691,4.167886705003691
91.25,4.1681721343018,4.1681721343018
91.29166666666666,4.168457535799279,4.168457535799279
91.33333333333333,4.168742912978052,4.168742912978052
91.375,4.169028489034532,4.169028489034532
91.41666666666666,4.169314229160785,4.169314229160785
91.45833333333333,4.1696002090824384,4.1696002090824384
91.5,4.169886414201729,4.169886414201729
91.54166666666666,4.170172860005279,4.170172860005279
91.58333333333333,4.170459303236579,4.170459303236579
91.625,4.170745734045025,4.170745734045025
91.66666666666666,4.1710321637965855,4.1710321637965855
91.70833333333333,4.171318548804447,4.171318548804447
91.75,4.1716042446854065,4.1716042446854065
91.79166666666666,4.171889396189391,4.171889396189391
91.83333333333333,4.1721738762737015,4.1721738762737015
91.875,4.172457443617905,4.172457443617905
91.91666666666666,4.172739497014208,4.172739497014208
91.95833333333333,4.17302005003493,4.17302005003493
92.0,4.17329888637438,4.17329888637438
92.04166666666666,4.173575746647167,4.173575746647167
92.08333333333333,4.173851206107576,4.173851206107576
92.125,4.174125568331045,4.174125568331045
92.16666666666666,4.174399167665972,4.174399167665972
92.20833333333333,4.174672376940966,4.174672376940966
92.25,4.174945208869725,4.174945208869725
92.29166666666666,4.175218037575659,4.175218037575659
92.33333333333333,4.175490864712971,4.175490864712971
92.375,4.175763915099498,4.175763915099498
92.41666666666666,4.176037152608019,4.176037152608019
92.45833333333333,4.176310653416836,4.176310653416836
92.5,4.176584402771388,4.176584402771388
92.54166666666666,4.17685841609007,4.17685841609007
92.58333333333333,4.177132451795864,4.177132451795864
92.625,4.177406496749825,4.177406496749825
92.66666666666666,4.177680563445538,4.177680563445538
92.70833333333333,4.177954611104807,4.177954611104807
92.75,4.178227991179939,4.178227991179939
92.79166666666666,4.178500849551504,4.178500849551504
92.83333333333333,4.17877305898419,4.17877305898419
92.875,4.179044382187584,4.179044382187584
92.91666666666666,4.179314212382807,4.179314212382807
92.95833333333333,4.179582564776537,4.179582564776537
93.0,4.179849222878507,4.179849222878507
93.04166666666666,4.180113932615873,4.180113932615873
93.08333333333333,4.180377262547685,4.180377262547685
93.125,4.18063951758405,4.18063951758405
93.16666666666666,4.180901032301077,4.180901032301077
93.20833333333333,4.181162180460156,4.181162180460156
93.25,4.181422973262617,4.181422973262617
93.29166666666666,4.181683786394908,4.181683786394908
93.33333333333333,4.18194461977587,4.18194461977587
93.375,4.18220569975993,4.18220569975993
93.41666666666666,4.182466988972282,4.182466988972282
93.45833333333333,4.182728564012304,4.182728564012304
93.5,4.182990409979355,4.182990409979355
93.54166666666666,4.183252542226681,4.183252542226681
93.58333333333333,4.183514720777986,4.183514720777986
93.625,4.1837769293608025,4.1837769293608025
93.66666666666666,4.184039181542458,4.184039181542458
93.70833333333333,4.184301439304873,4.184301439304873
93.75,4.184563050151592,4.184563050151592
93.79166666666666,4.184824161031594,4.184824161031594
93.83333333333333,4.185084644525726,4.185084644525726
93.875,4.18534426716216,4.18534426716216
93.91666666666666,4.185602416889449,4.185602416889449
93.95833333333333,4.18585911045579,4.18585911045579
94.0,4.186114131194744,4.186114131194744
94.04166666666666,4.186367230104896,4.186367230104896
94.08333333333333,4.186618969338044,4.186618969338044
94.125,4.186869655087684,4.186869655087684
94.16666666666666,4.18711962214929,4.18711962214929
94.20833333333333,4.187369245171846,4.187369245171846
94.25,4.18761853391802,4.18761853391802
94.29166666666666,4.187867865559095,4.187867865559095
94.33333333333333,4.188117238365934,4.188117238365934
94.375,4.188366880149529,4.188366880149529
94.41666666666666,4.188616752354886,4.188616752354886
94.45833333333333,4.188866931973308,4.188866931973308
94.5,4.189117403967967,4.189117403967967
94.54166666666666,4.189368183629905,4.189368183629905
94.58333333333333,4.189619032508491,4.189619032508491
94.625,4.1898699313451475,4.1898699313451475
94.66666666666666,4.190120894729715,4.190120894729715
94.70833333333333,4.190371885859615,4.190371885859615
94.75,4.190622252706122,4.190622252706122
94.79166666666666,4.190872139015241,4.190872139015241
94.83333333333333,4.191121418596684,4.191121418596684
94.875,4.191369861597986,4.191369861597986
94.91666666666666,4.191616850975839,4.191616850975839
94.95833333333333,4.191862404933108,4.191862404933108
95.0,4.1921063066351865,4.1921063066351865
95.04166666666666,4.192348311921858,4.192348311921858
95.08333333333333,4.19258897681414,4.19258897681414
95.125,4.1928286087390765,4.1928286087390765
95.16666666666666,4.193067542703337,4.193067542703337
95.20833333333333,4.193306154200582,4.193306154200582
95.25,4.193544451624794,4.193544451624794
95.29166666666666,4.193782813558014,4.193782813558014
95.33333333333333,4.1940212367058445,4.1940212367058445
95.375,4.194259950260298,4.194259950260298
95.41666666666666,4.194498914549603,4.194498914549603
95.45833333333333,4.194738206930066,4.194738206930066
95.5,4.1949778122378145,4.1949778122378145
95.54166666666666,4.195217745704495,4.195217745704495
95.58333333333333,4.195457770333616,4.195457770333616
95.625,4.1956978640208895,4.1956978640208895
95.66666666666666,4.195938042329948,4.195938042329948
95.70833333333333,4.196178268320887,4.196178268320887
95.75,4.196417894285434,4.196417894285434
95.79166666666666,4.196657057051159,4.196657057051159
95.83333333333333,4.196895632884846,4.196895632884846
95.875,4.197133395365551,4.197133395365551
95.91666666666666,4.197369722722267,4.197369722722267
95.95833333333333,4.197604634531191,4.197604634531191
96.0,4.197837913797201,4.197837913797201
96.04166666666666,4.1980693209814435,4.1980693209814435
96.08333333333333,4.198299406239445,4.198299406239445
96.125,4.198528478183453,4.198528478183453
96.16666666666666,4.198756872023394,4.198756872023394
96.20833333333333,4.1989849640567085,4.1989849640567085
96.25,4.199212761375289,4.199212761375289
96.29166666666666,4.199440643901612,4.199440643901612
96.33333333333333,4.19966860685447,4.19966860685447
96.375,4.199896880735465,4.199896880735465
96.41666666666666,4.200125424815782,4.200125424815782
96.45833333333333,4.200354316791839,4.200354316791839
96.5,4.200583541381183,4.200583541381183
96.54166666666666,4.200813113758753,4.200813113758753
96.58333333333333,4.201042798313946,4.201042798313946
96.625,4.201272570230637,4.201272570230637
96.66666666666666,4.2015024459998545,4.2015024459998545
96.70833333333333,4.201732388550627,4.201732388550627
96.75,4.2019617542813785,4.2019617542813785
96.79166666666666,4.202190673444967,4.202190673444967
96.83333333333333,4.20241902464114,4.20241902464114
96.875,4.202646584703172,4.202646584703172
96.91666666666666,4.202872727381214,4.202872727381214
96.95833333333333,4.203097473548541,4.203097473548541
97.0,4.2033206060568284,4.2033206060568284
97.04166666666666,4.203541889778573,4.203541889778573
97.08333333333333,4.203761869258447,4.203761869258447
97.125,4.203980854246993,4.203980854246993
97.16666666666666,4.204199180149657,4.204199180149657
97.20833333333333,4.204417224028807,4.204417224028807
97.25,4.204634991737492,4.204634991737492
97.29166666666666,4.204852864471965,4.204852864471965
97.33333333333333,4.205070836038527,4.205070836038527
97.375,4.205289138180885,4.205289138180885
97.41666666666666,4.205507729169429,4.205507729169429
97.45833333333333,4.205726687017691,4.205726687017691
97.5,4.205945996332454,4.205945996332454
97.54166666666666,4.2061656722345155,4.2061656722345155
97.58333333333333,4.206385480434131,4.206385480434131
97.625,4.20660539353084,4.20660539353084
97.66666666666666,4.20682542889892,4.20682542889892
97.70833333333333,4.207045549342324,4.207045549342324
97.75,4.207265115163601,4.207265115163601
97.79166666666666,4.207484250366478,4.207484250366478
97.83333333333333,4.207702835766281,4.207702835766281
97.875,4.207920651283218,4.207920651283218
97.91666666666666,4.208137066422979,4.208137066422979
97.95833333333333,4.208352103284443,4.208352103284443
98.0,4.208565544573053,4.208565544573053
98.04166666666666,4.208777159372101,4.208777159372101
98.08333333333333,4.208987486859721,4.208987486859721
98.125,4.20919683787926,4.20919683787926
98.16666666666666,4.209405548024115,4.209405548024115
98.20833333333333,4.209613995084816,4.209613995084816
98.25,4.209822183735442,4.209822183735442
98.29166666666666,4.21003049638302,4.21003049638302
98.33333333333333,4.2102389254916055,4.2102389254916055
98.375,4.2104477039833705,4.2104477039833705
98.41666666666666,4.210656789180812,4.210656789180812
98.45833333333333,4.2108662593933275,4.2108662593933275
98.5,4.211076099124171,4.211076099124171
98.54166666666666,4.211286323442447,4.211286323442447
98.58333333333333,4.2114966993173955,4.2114966993173955
98.625,4.211707196885488,4.211707196885488
98.66666666666666,4.211917834362327,4.211917834362327
98.70833333333333,4.212128574432478,4.212128574432478
98.75,4.212338781110838,4.212338781110838
98.79166666666666,4.212548572460131,4.212548572460131
98.83333333333333,4.212757831400334,4.212757831400334
98.875,4.212966340780801,4.212966340780801
98.91666666666666,4.213173466083473,4.213173466083473
98.95833333333333,4.213379230565822,4.213379230565822
99.0,4.213583416793718,4.213583416793718
99.04166666666666,4.213785797869843,4.213785797869843
99.08333333333333,4.213986907839969,4.213986907839969
99.125,4.214187058596289,4.214187058596289
99.16666666666666,4.214386585912867,4.214386585912867
99.20833333333333,4.2145858682731365,4.2145858682731365
99.25,4.214784909229486,4.214784909229486
99.29166666666666,4.214984092339622,4.214984092339622
99.33333333333333,4.215183408792249,4.215183408792249
99.375,4.21538309262758,4.21538309262758
99.41666666666666,4.215583100270258,4.215583100270258
99.45833333333333,4.2157835103058146,4.2157835103058146
99.5,4.2159843071406975,4.2159843071406975
99.54166666666666,4.2161855057946624,4.2161855057946624
99.58333333333333,4.216386874436771,4.216386874436771
99.625,4.216588380856304,4.216588380856304
99.66666666666666,4.2167900440701676,4.2167900440701676
99.70833333333333,4.216991826649002,4.216991826649002
99.75,4.217193096137699,4.217193096137699
99.79166666666666,4.2173939649507695,4.2173939649507695
99.83333333333333,4.217594318007601,4.217594318007601
99.875,4.217793940937359,4.217793940937359
99.91666666666666,4.21799219540673,4.21799219540673
99.95833333333333,4.218189105768772,4.218189105768772
100.0,4.218384454456146,4.218384454456146
