time,APlasma,[APlasma]
0.0,0.0,0.0
0.041666666666666664,3.011160064378756e-08,3.011160064378756e-08
0.08333333333333333,2.3398661593818335e-07,2.3398661593818335e-07
0.125,7.671057431605517e-07,7.671057431605517e-07
0.16666666666666666,1.766383958016738e-06,1.766383958016738e-06
0.20833333333333331,3.3515993541002406e-06,3.3515993541002406e-06
0.25,5.626731325120535e-06,5.626731325120535e-06
0.29166666666666663,8.681212236557409e-06,8.681212236557409e-06
0.3333333333333333,1.2591099047382817e-05,1.2591099047382817e-05
0.375,1.742016964853393e-05,1.742016964853393e-05
0.41666666666666663,2.3220944290150747e-05,2.3220944290150747e-05
0.4583333333333333,3.0035641686485844e-05,3.0035641686485844e-05
0.5,3.7897070707317165e-05,3.7897070707317165e-05
0.5416666666666666,4.682946240197288e-05,4.682946240197288e-05
0.5833333333333333,5.6849249381587264e-05,5.6849249381587264e-05
0.625,6.796578719555961e-05,6.796578719555961e-05
0.6666666666666666,8.01820229540338e-05,8.01820229540338e-05
0.7083333333333333,9.34951219338762e-05,9.34951219338762e-05
0.75,0.00010789705268506364,0.00010789705268506364
0.7916666666666666,0.00012337512689443954,0.00012337512689443954
0.8333333333333333,0.0001399124984936332,0.0001399124984936332
0.875,0.0001574886236802566,0.0001574886236802566
0.9166666666666666,0.00017607970050210933,0.00017607970050210933
0.9583333333333333,0.00019565908136711665,0.00019565908136711665
1.0,0.00021619761999043755,0.00021619761999043755
1.0416666666666665,0.0002376943683523472,0.0002376943683523472
1.0833333333333333,0.00026025912052249237,0.00026025912052249237
1.125,0.00028401297595455674,0.00028401297595455674
1.1666666666666665,0.00030905692700305677,0.00030905692700305677
1.2083333333333333,0.0003354743866321239,0.0003354743866321239
1.25,0.00036333113250842247,0.00036333113250842247
1.2916666666666665,0.00039267788710737266,0.00039267788710737266
1.3333333333333333,0.00042355189242848233,0.00042355189242848233
1.375,0.00045597798539340944,0.00045597798539340944
1.4166666666666665,0.0004899695392656882,0.0004899695392656882
1.4583333333333333,0.000525530230932874,0.000525530230932874
1.5,0.0005626522614892971,0.0005626522614892971
1.5416666666666665,0.0006013211457937331,0.0006013211457937331
1.5833333333333333,0.0006415153494239415,0.0006415153494239415
1.625,0.0006832068335873247,0.0006832068335873247
1.6666666666666665,0.0007263614315626875,0.0007263614315626875
1.7083333333333333,0.0007709401517806717,0.0007709401517806717
1.75,0.0008168982304581282,0.0008168982304581282
1.7916666666666665,0.0008641884680686447,0.0008641884680686447
1.8333333333333333,0.0009127584305477007,0.0009127584305477007
1.875,0.0009625545485059747,0.0009625545485059747
1.9166666666666665,0.0010135199490877746,0.0010135199490877746
1.9583333333333333,0.001065596178932598,0.001065596178932598
2.0,0.0011187238020512777,0.0011187238020512777
2.0416666666666665,0.0011728717499592607,0.0011728717499592607
2.083333333333333,0.0012281199034866828,0.0012281199034866828
2.125,0.0012845619582694866,0.0012845619582694866
2.1666666666666665,0.0013422727340568561,0.0013422727340568561
2.208333333333333,0.0014013096145142655,0.0014013096145142655
2.25,0.0014617139301580475,0.0014617139301580475
2.2916666666666665,0.0015235122481408899,0.0015235122481408899
2.333333333333333,0.0015867186404225175,0.0015867186404225175
2.375,0.001651336028489469,0.001651336028489469
2.4166666666666665,0.0017173573919114047,0.0017173573919114047
2.458333333333333,0.0017847660207161154,0.0017847660207161154
2.5,0.0018535364407484046,0.0018535364407484046
2.5416666666666665,0.001923635547063391,0.001923635547063391
2.583333333333333,0.001995023829112685,0.001995023829112685
2.625,0.002067656497430645,0.002067656497430645
2.6666666666666665,0.002141483893709011,0.002141483893709011
2.708333333333333,0.002216452056526087,0.002216452056526087
2.75,0.002292503361621276,0.002292503361621276
2.7916666666666665,0.0023695778583996516,0.0023695778583996516
2.833333333333333,0.0024476117711851723,0.0024476117711851723
2.875,0.002526540171494684,0.002526540171494684
2.9166666666666665,0.002606296896303851,0.002606296896303851
2.958333333333333,0.0026868103990298252,0.0026868103990298252
3.0,0.002768015370640447,0.002768015370640447
3.0416666666666665,0.002849867355617532,0.002849867355617532
3.083333333333333,0.002932441699931012,0.002932441699931012
3.125,0.003015824529489812,0.003015824529489812
3.1666666666666665,0.0031000843650939988,0.0031000843650939988
3.208333333333333,0.003185273673639017,0.003185273673639017
3.25,0.0032714286004009332,0.0032714286004009332
3.2916666666666665,0.0033585714683950687,0.0033585714683950687
3.333333333333333,0.003446711146560413,0.003446711146560413
3.375,0.0035358483483763853,0.0035358483483763853
3.4166666666666665,0.003625972736032903,0.003625972736032903
3.458333333333333,0.0037170645624176697,0.0037170645624176697
3.5,0.0038090962008003144,0.0038090962008003144
3.5416666666666665,0.0039020341416232205,0.0039020341416232205
3.583333333333333,0.003995836215777695,0.003995836215777695
3.625,0.004090458999636174,0.004090458999636174
3.6666666666666665,0.004185849016927053,0.004185849016927053
3.708333333333333,0.004281954675942481,0.004281954675942481
3.75,0.004378716085488973,0.004378716085488973
3.7916666666666665,0.004476075144580547,0.004476075144580547
3.833333333333333,0.004573968080022427,0.004573968080022427
3.875,0.004672332164848772,0.004672332164848772
3.9166666666666665,0.004771101132876893,0.004771101132876893
3.958333333333333,0.004870209506227197,0.004870209506227197
4.0,0.004969589750111462,0.004969589750111462
4.041666666666666,0.005069206051537163,0.005069206051537163
4.083333333333333,0.005169135633181457,0.005169135633181457
4.125,0.005269463578786496,0.005269463578786496
4.166666666666666,0.005370259724371011,0.005370259724371011
4.208333333333333,0.005471580638664978,0.005471580638664978
4.25,0.005573466142662718,0.005573466142662718
4.291666666666666,0.005675942495597337,0.005675942495597337
4.333333333333333,0.005779024356664419,0.005779024356664419
4.375,0.005882714728839265,0.005882714728839265
4.416666666666666,0.005987006824410434,0.005987006824410434
4.458333333333333,0.006091885342070754,0.006091885342070754
4.5,0.00619732660423273,0.00619732660423273
4.541666666666666,0.006303299990813796,0.006303299990813796
4.583333333333333,0.0064097699385515855,0.0064097699385515855
4.625,0.0065166937365331535,0.0065166937365331535
4.666666666666666,0.006624027422555406,0.006624027422555406
4.708333333333333,0.006731720006213572,0.006731720006213572
4.75,0.006839720196434037,0.006839720196434037
4.791666666666666,0.006947971855435143,0.006947971855435143
4.833333333333333,0.007056418142882078,0.007056418142882078
4.875,0.007164999477151697,0.007164999477151697
4.916666666666666,0.007273655391181084,0.007273655391181084
4.958333333333333,0.007382325595418658,0.007382325595418658
5.0,0.007490948031442736,0.007490948031442736
5.041666666666666,0.007599487834109253,0.007599487834109253
5.083333333333333,0.007708030212729133,0.007708030212729133
5.125,0.007816665668991536,0.007816665668991536
5.166666666666666,0.007925466858984266,0.007925466858984266
5.208333333333333,0.008034495936678838,0.008034495936678838
5.25,0.008143798595275394,0.008143798595275394
5.291666666666666,0.008253405163312121,0.008253405163312121
5.333333333333333,0.008363334856718935,0.008363334856718935
5.375,0.0084735969525222,0.0084735969525222
5.416666666666666,0.008584189265346865,0.008584189265346865
5.458333333333333,0.008695101071452053,0.008695101071452053
5.5,0.008806313970040355,0.008806313970040355
5.541666666666666,0.008917802372398285,0.008917802372398285
5.583333333333333,0.00902953433981608,0.00902953433981608
5.625,0.009141473894220773,0.009141473894220773
5.666666666666666,0.009253578642003515,0.009253578642003515
5.708333333333333,0.009365805448368908,0.009365805448368908
5.75,0.009478104690522333,0.009478104690522333
5.791666666666666,0.009590427040129839,0.009590427040129839
5.833333333333333,0.009702718567896314,0.009702718567896314
5.875,0.009814925416489881,0.009814925416489881
5.916666666666666,0.009926990848186781,0.009926990848186781
5.958333333333333,0.010038858290057951,0.010038858290057951
6.0,0.01015047052358703,0.01015047052358703
6.041666666666666,0.010261798833461375,0.010261798833461375
6.083333333333333,0.010372931510726519,0.010372931510726519
6.125,0.01048396393722485,0.01048396393722485
6.166666666666666,0.01059497113759118,0.01059497113759118
6.208333333333333,0.010706019392245959,0.010706019392245959
6.25,0.010817159270342049,0.010817159270342049
6.291666666666666,0.010928424606081217,0.010928424606081217
6.333333333333333,0.011039839117995418,0.011039839117995418
6.375,0.011151415425838177,0.011151415425838177
6.416666666666666,0.01126315547152655,0.01126315547152655
6.458333333333333,0.011375052066812658,0.011375052066812658
6.5,0.011487091464916757,0.011487091464916757
6.541666666666666,0.01159924992822397,0.01159924992822397
6.583333333333333,0.011711501828568411,0.011711501828568411
6.625,0.011823811240085568,0.011823811240085568
6.666666666666666,0.011936142742047148,0.011936142742047148
6.708333333333333,0.012048453004676959,0.012048453004676959
6.75,0.012160698717612278,0.012160698717612278
6.791666666666666,0.012272831631958981,0.012272831631958981
6.833333333333333,0.012384802573425968,0.012384802573425968
6.875,0.012496559882902242,0.012496559882902242
6.916666666666666,0.012608050470740019,0.012608050470740019
6.958333333333333,0.012719220763670555,0.012719220763670555
7.0,0.012830015512260439,0.012830015512260439
7.041666666666666,0.012940410725659516,0.012940410725659516
7.083333333333333,0.013050497007392978,0.013050497007392978
7.125,0.013160372856064025,0.013160372856064025
7.166666666666666,0.013270115154077644,0.013270115154077644
7.208333333333333,0.013379792623064126,0.013379792623064126
7.25,0.013489457149870203,0.013489457149870203
7.291666666666666,0.013599147677493836,0.013599147677493836
7.333333333333333,0.013708890296990836,0.013708890296990836
7.375,0.013818700034300043,0.013818700034300043
7.416666666666666,0.013928581037160293,0.013928581037160293
7.458333333333333,0.014038528640280074,0.014038528640280074
7.5,0.014148530412721681,0.014148530412721681
7.541666666666666,0.014258567038468764,0.014258567038468764
7.583333333333333,0.014368612824252676,0.014368612824252676
7.625,0.014478635870117504,0.014478635870117504
7.666666666666666,0.014588603214858543,0.014588603214858543
7.708333333333333,0.014698474678774859,0.014698474678774859
7.75,0.01480820907568478,0.01480820907568478
7.791666666666666,0.01491775994460182,0.01491775994460182
7.833333333333333,0.015027079838570982,0.015027079838570982
7.875,0.015136117665573805,0.015136117665573805
7.916666666666666,0.01524482317439056,0.01524482317439056
7.958333333333333,0.015353142744258972,0.015353142744258972
8.0,0.015461024521326264,0.015461024521326264
8.041666666666666,0.015568445249769004,0.015568445249769004
8.083333333333332,0.01567549803926916,0.01567549803926916
8.125,0.015782283244563832,0.015782283244563832
8.166666666666666,0.015888878951864666,0.015888878951864666
8.208333333333332,0.015995355740397916,0.015995355740397916
8.25,0.016101766672833244,0.016101766672833244
8.291666666666666,0.01620815204609018,0.01620815204609018
8.333333333333332,0.01631454086486284,0.01631454086486284
8.375,0.016420949039262,0.016420949039262
8.416666666666666,0.01652738217912163,0.01652738217912163
8.458333333333332,0.01663383704493514,0.01663383704493514
8.5,0.016740302594655684,0.016740302594655684
8.541666666666666,0.016846760872073742,0.016846760872073742
8.583333333333332,0.016953187794816,0.016953187794816
8.625,0.017059552210985793,0.017059552210985793
8.666666666666666,0.0171658230285486,0.0171658230285486
8.708333333333332,0.017271960290168076,0.017271960290168076
8.75,0.017377925057374514,0.017377925057374514
8.791666666666666,0.01748367178381054,0.01748367178381054
8.833333333333332,0.017589153931084567,0.017589153931084567
8.875,0.017694322487223153,0.017694322487223153
8.916666666666666,0.017799126883134078,0.017799126883134078
8.958333333333332,0.017903515858679737,0.017903515858679737
9.0,0.01800743768713775,0.01800743768713775
9.041666666666666,0.018110870416559986,0.018110870416559986
9.083333333333332,0.01821390826724879,0.01821390826724879
9.125,0.018316652641638734,0.018316652641638734
9.166666666666666,0.018419182312640572,0.018419182312640572
9.208333333333332,0.01852156886456222,0.01852156886456222
9.25,0.018623865683426503,0.018623865683426503
9.291666666666666,0.018726114833329057,0.018726114833329057
9.333333333333332,0.0188283459262699,0.0188283459262699
9.375,0.018930575703010336,0.018930575703010336
9.416666666666666,0.019032810591021063,0.019032810591021063
9.458333333333332,0.019135048140810514,0.019135048140810514
9.5,0.01923727807499642,0.01923727807499642
9.541666666666666,0.019339483159272308,0.019339483159272308
9.583333333333332,0.019441639791361914,0.019441639791361914
9.625,0.01954371873810032,0.01954371873810032
9.666666666666666,0.019645688120680346,0.019645688120680346
9.708333333333332,0.019747509110040726,0.019747509110040726
9.75,0.019849143443428273,0.019849143443428273
9.791666666666666,0.019950546402636438,0.019950546402636438
9.833333333333332,0.020051671894973436,0.020051671894973436
9.875,0.0201524719999015,0.0201524719999015
9.916666666666666,0.02025289604376529,0.02025289604376529
9.958333333333332,0.020352894131279022,0.020352894131279022
10.0,0.020452414167201904,0.020452414167201904
10.041666666666666,0.02055143533312991,0.02055143533312991
10.083333333333332,0.020650052289376816,0.020650052289376816
10.125,0.0207483670151389,0.0207483670151389
10.166666666666666,0.020846458639652735,0.020846458639652735
10.208333333333332,0.020944399270716063,0.020944399270716063
10.25,0.02104224241882895,0.02104224241882895
10.291666666666666,0.02114003116173707,0.02114003116173707
10.333333333333332,0.0212377954033808,0.0212377954033808
10.375,0.021335552327122528,0.021335552327122528
10.416666666666666,0.02143330879657205,0.02143330879657205
10.458333333333332,0.021531062779522443,0.021531062779522443
10.5,0.021628804399536784,0.021628804399536784
10.541666666666666,0.02172651647683679,0.02172651647683679
10.583333333333332,0.021824176614235614,0.021824176614235614
10.625,0.021921755743488872,0.021921755743488872
10.666666666666666,0.022019221254776723,0.022019221254776723
10.708333333333332,0.022116536321588543,0.022116536321588543
10.75,0.022213661608868947,0.022213661608868947
10.791666666666666,0.02231055343592454,0.02231055343592454
10.833333333333332,0.022407165841738186,0.022407165841738186
10.875,0.022503451479385525,0.022503451479385525
10.916666666666666,0.022599359690464615,0.022599359690464615
10.958333333333332,0.022694841186199972,0.022694841186199972
11.0,0.022789843768991472,0.022789843768991472
11.041666666666666,0.022884347122024768,0.022884347122024768
11.083333333333332,0.022978446147612824,0.022978446147612824
11.125,0.0230722431383379,0.0230722431383379
11.166666666666666,0.02316581739066203,0.02316581739066203
11.208333333333332,0.023259241272996452,0.023259241272996452
11.25,0.023352568304455944,0.023352568304455944
11.291666666666666,0.023445842160067648,0.023445842160067648
11.333333333333332,0.023539092860771774,0.023539092860771774
11.375,0.023632337815222376,0.023632337815222376
11.416666666666666,0.02372558410993828,0.02372558410993828
11.458333333333332,0.023818829923037133,0.023818829923037133
11.5,0.023912065406239545,0.023912065406239545
11.541666666666666,0.02400527391258474,0.02400527391258474
11.583333333333332,0.024098433175183995,0.024098433175183995
11.625,0.024191514362958043,0.024191514362958043
11.666666666666666,0.02428448442937822,0.02428448442937822
11.708333333333332,0.024377307630900544,0.024377307630900544
11.75,0.024469943888891486,0.024469943888891486
11.791666666666666,0.02456235044223058,0.02456235044223058
11.833333333333332,0.024654481048682238,0.024654481048682238
11.875,0.024746288759593043,0.024746288759593043
11.916666666666666,0.0248377229390396,0.0248377229390396
11.958333333333332,0.02492873456835283,0.02492873456835283
12.0,0.025019271412893437,0.025019271412893437
12.041666666666666,0.02510931338014124,0.02510931338014124
12.083333333333332,0.02519895548607211,0.02519895548607211
12.125,0.02528830019346635,0.02528830019346635
12.166666666666666,0.0253774268652227,0.0253774268652227
12.208333333333332,0.025466407921261335,0.025466407921261335
12.25,0.02555529704287427,0.02555529704287427
12.291666666666666,0.025644138059541216,0.025644138059541216
12.333333333333332,0.025732961089461968,0.025732961089461968
12.375,0.02582178364981436,0.02582178364981436
12.416666666666666,0.025910612935438428,0.025910612935438428
12.458333333333332,0.025999447224234702,0.025999447224234702
12.5,0.026088276573372496,0.026088276573372496
12.541666666666666,0.026177084889250985,0.026177084889250985
12.583333333333332,0.026265849701018935,0.026265849701018935
12.625,0.026354542377401622,0.026354542377401622
12.666666666666666,0.026443129579287118,0.026443129579287118
12.708333333333332,0.026531576185011146,0.026531576185011146
12.75,0.02661984163954223,0.02661984163954223
12.791666666666666,0.02670788371246505,0.02670788371246505
12.833333333333332,0.02679565606770321,0.02679565606770321
12.875,0.02688311171598326,0.02688311171598326
12.916666666666666,0.02697020027764846,0.02697020027764846
12.958333333333332,0.02705687276545748,0.02705687276545748
13.0,0.027143076923453507,0.027143076923453507
13.041666666666666,0.027228792755353184,0.027228792755353184
13.083333333333332,0.027314115317672978,0.027314115317672978
13.125,0.027399147166945425,0.027399147166945425
13.166666666666666,0.027483967681882538,0.027483967681882538
13.208333333333332,0.0275686492758532,0.0275686492758532
13.25,0.027653245729754437,0.027653245729754437
13.291666666666666,0.02773780093559524,0.02773780093559524
13.333333333333332,0.027822345052828587,0.027822345052828587
13.375,0.02790689564629538,0.02790689564629538
13.416666666666666,0.027991459959319467,0.027991459959319467
13.458333333333332,0.0280760363122785,0.0280760363122785
13.5,0.028160614675256358,0.028160614675256358
13.541666666666666,0.02824517930705502,0.02824517930705502
13.583333333333332,0.028329707567748094,0.028329707567748094
13.625,0.028414170938097217,0.028414170938097217
13.666666666666666,0.028498535868720167,0.028498535868720167
13.708333333333332,0.028582767613828178,0.028582767613828178
13.75,0.02866682528995336,0.02866682528995336
13.791666666666666,0.028750666989828512,0.028750666989828512
13.833333333333332,0.028834246311230615,0.028834246311230615
13.875,0.02891751620536581,0.02891751620536581
13.916666666666666,0.02900042651506791,0.02900042651506791
13.958333333333332,0.029082928070255726,0.029082928070255726
14.0,0.02916496876408432,0.02916496876408432
14.041666666666666,0.029246528580957953,0.029246528580957953
14.083333333333332,0.02932770257875516,0.02932770257875516
14.125,0.029408593367303365,0.029408593367303365
14.166666666666666,0.029489280317307097,0.029489280317307097
14.208333333333332,0.029569835813140915,0.029569835813140915
14.25,0.029650313690708578,0.029650313690708578
14.291666666666666,0.029730757867334156,0.029730757867334156
14.333333333333332,0.02981119851245765,0.02981119851245765
14.375,0.02989165320764031,0.02989165320764031
14.416666666666666,0.029972129214141358,0.029972129214141358
14.458333333333332,0.030052624865859585,0.030052624865859585
14.5,0.030133130055909153,0.030133130055909153
14.541666666666666,0.030213629277887066,0.030213629277887066
14.583333333333332,0.030294099751714033,0.030294099751714033
14.625,0.03037451302224796,0.03037451302224796
14.666666666666666,0.030454835382418357,0.030454835382418357
14.708333333333332,0.030535032324041443,0.030535032324041443
14.75,0.03061506272559645,0.03061506272559645
14.791666666666666,0.03069488488609244,0.03069488488609244
14.833333333333332,0.0307744523533297,0.0307744523533297
14.875,0.03085371801580674,0.03085371801580674
14.916666666666666,0.030932631918408802,0.030932631918408802
14.958333333333332,0.031011144588864847,0.031011144588864847
15.0,0.031089204171515596,0.031089204171515596
15.041666666666666,0.03116679057004793,0.03116679057004793
15.083333333333332,0.03124399882791978,0.03124399882791978
15.125,0.03132093157368999,0.03132093157368999
15.166666666666666,0.0313976681730217,0.0313976681730217
15.208333333333332,0.031474280968857155,0.031474280968857155
15.25,0.031550823827713494,0.031550823827713494
15.291666666666666,0.031627340673314075,0.031627340673314075
15.333333333333332,0.03170386167002367,0.03170386167002367
15.375,0.03178040440076151,0.03178040440076151
15.416666666666666,0.031856976129441016,0.031856976129441016
15.458333333333332,0.03193357509618268,0.03193357509618268
15.5,0.03201019140683798,0.03201019140683798
15.541666666666666,0.03208680943881162,0.03208680943881162
15.583333333333332,0.03216340638877189,0.03216340638877189
15.625,0.03223995383884558,0.03223995383884558
15.666666666666666,0.03231641796026402,0.03231641796026402
15.708333333333332,0.032392764401008335,0.032392764401008335
15.75,0.032468951860654086,0.032468951860654086
15.791666666666666,0.03254493877542657,0.03254493877542657
15.833333333333332,0.03262067865401185,0.03262067865401185
15.875,0.032696124325510084,0.032696124325510084
15.916666666666666,0.03277122597870922,0.03277122597870922
15.958333333333332,0.032845933906924925,0.032845933906924925
16.0,0.03292019645390827,0.03292019645390827
16.041666666666664,0.03299399341172849,0.03299399341172849
16.083333333333332,0.03306741984221584,0.03306741984221584
16.125,0.03314057832073379,0.03314057832073379
16.166666666666664,0.033213548264809316,0.033213548264809316
16.208333333333332,0.033286401954484235,0.033286401954484235
16.25,0.03335919327325303,0.03335919327325303
16.291666666666664,0.03343196614176088,0.03343196614176088
16.333333333333332,0.033504750712422364,0.033504750712422364
16.375,0.03357756456209906,0.03357756456209906
16.416666666666664,0.03365041494988311,0.03365041494988311
16.458333333333332,0.03372330002162469,0.03372330002162469
16.5,0.033796210086728826,0.033796210086728826
16.541666666666664,0.033869129379467754,0.033869129379467754
16.583333333333332,0.033942035086321265,0.033942035086321265
16.625,0.03401489881119915,0.03401489881119915
16.666666666666664,0.03408768662927648,0.03408768662927648
16.708333333333332,0.034160364294600815,0.034160364294600815
16.75,0.034232890368425924,0.034232890368425924
16.791666666666664,0.03430522338149971,0.03430522338149971
16.833333333333332,0.03437731681116953,0.03437731681116953
16.875,0.03444912343266444,0.03444912343266444
16.916666666666664,0.03452059354073052,0.03452059354073052
16.958333333333332,0.03459167724266592,0.03459167724266592
17.0,0.03466232306567826,0.03466232306567826
17.041666666666664,0.034732510635773914,0.034732510635773914
17.083333333333332,0.03480233505840672,0.03480233505840672
17.125,0.034871898863298854,0.034871898863298854
17.166666666666664,0.03494128150549812,0.03494128150549812
17.208333333333332,0.03501055520835738,0.03501055520835738
17.25,0.035079773864472835,0.035079773864472835
17.291666666666664,0.03514898138676247,0.03514898138676247
17.333333333333332,0.03521820791286985,0.03521820791286985
17.375,0.035287471010176756,0.035287471010176756
17.416666666666664,0.035356777929419055,0.035356777929419055
17.458333333333332,0.03542612673706009,0.03542612673706009
17.5,0.03549550790056938,0.03549550790056938
17.541666666666664,0.03556490553443731,0.03556490553443731
17.583333333333332,0.03563429681254846,0.03563429681254846
17.625,0.03570365335132569,0.03570365335132569
17.666666666666664,0.035772941148623214,0.035772941148623214
17.708333333333332,0.03584212603247166,0.03584212603247166
17.75,0.03591116645460472,0.03591116645460472
17.791666666666664,0.03598002101276472,0.03598002101276472
17.833333333333332,0.03604864315866255,0.03604864315866255
17.875,0.03611698561951343,0.03611698561951343
17.916666666666664,0.0361849987702309,0.0361849987702309
17.958333333333332,0.036252632567602354,0.036252632567602354
18.0,0.036319835678372506,0.036319835678372506
18.041666666666664,0.036386587596922926,0.036386587596922926
18.083333333333332,0.03645298345377574,0.03645298345377574
18.125,0.036519125739874106,0.036519125739874106
18.166666666666664,0.03658509393817973,0.03658509393817973
18.208333333333332,0.03665096022151877,0.03665096022151877
18.25,0.036716778486868155,0.036716778486868155
18.291666666666664,0.03678259263724877,0.03678259263724877
18.333333333333332,0.03684843279469221,0.03684843279469221
18.375,0.036914316515677295,0.036914316515677295
18.416666666666664,0.03698025104103464,0.03698025104103464
18.458333333333332,0.037046234369828804,0.037046234369828804
18.5,0.03711225709494385,0.03711225709494385
18.541666666666664,0.037178303229626904,0.037178303229626904
18.583333333333332,0.03724434993439517,0.03724434993439517
18.625,0.037310368832426354,0.037310368832426354
18.666666666666664,0.0373763258582112,0.0373763258582112
18.708333333333332,0.03744218689246309,0.03744218689246309
18.75,0.03750791029838986,0.03750791029838986
18.791666666666664,0.03757345472229408,0.03757345472229408
18.833333333333332,0.03763877359448413,0.03763877359448413
18.875,0.03770381959960261,0.03770381959960261
18.916666666666664,0.03776854317455171,0.03776854317455171
18.958333333333332,0.037832894152245354,0.037832894152245354
19.0,0.03789682130796452,0.03789682130796452
19.041666666666664,0.03796030403004546,0.03796030403004546
19.083333333333332,0.03802343746159823,0.03802343746159823
19.125,0.03808632406067947,0.03808632406067947
19.166666666666664,0.038149043331437385,0.038149043331437385
19.208333333333332,0.03821166740176443,0.03821166740176443
19.25,0.03827425017005782,0.03827425017005782
19.291666666666664,0.038336835528530906,0.038336835528530906
19.333333333333332,0.038399453583689465,0.038399453583689465
19.375,0.03846212188066446,0.03846212188066446
19.416666666666664,0.03852484764981672,0.03852484764981672
19.458333333333332,0.038587628832445466,0.038587628832445466
19.5,0.038650456122693,0.038650456122693
19.541666666666664,0.038713313447359295,0.038713313447359295
19.583333333333332,0.03877617795359448,0.03877617795359448
19.625,0.03883902126761566,0.03883902126761566
19.666666666666664,0.03890180927111623,0.03890180927111623
19.708333333333332,0.03896450788288653,0.03896450788288653
19.75,0.03902707539325116,0.03902707539325116
19.791666666666664,0.039089470484303245,0.039089470484303245
19.833333333333332,0.03915164656811758,0.03915164656811758
19.875,0.03921355629154709,0.03921355629154709
19.916666666666664,0.039275150140254386,0.039275150140254386
19.958333333333332,0.03933637784364782,0.03933637784364782
20.0,0.03939718826298824,0.03939718826298824
20.041666666666664,0.03945756069993232,0.03945756069993232
20.083333333333332,0.03951759030156038,0.03951759030156038
20.125,0.03957737949797445,0.03957737949797445
20.166666666666664,0.039637007809614745,0.039637007809614745
20.208333333333332,0.03969654732432798,0.03969654732432798
20.25,0.03975605193999457,0.03975605193999457
20.291666666666664,0.03981556553775368,0.03981556553775368
20.333333333333332,0.039875118209085264,0.039875118209085264
20.375,0.03993472748780173,0.03993472748780173
20.416666666666664,0.03999440059371645,0.03999440059371645
20.458333333333332,0.04005413541813324,0.04005413541813324
20.5,0.040113922738120616,0.040113922738120616
20.541666666666664,0.04017374640593543,0.04017374640593543
20.583333333333332,0.0402335835557131,0.0402335835557131
20.625,0.04029340581423256,0.04029340581423256
20.666666666666664,0.040353179018515095,0.040353179018515095
20.708333333333332,0.04041286911513144,0.04041286911513144
20.75,0.0404724343334105,0.0404724343334105
20.791666666666664,0.040531833382130476,0.040531833382130476
20.833333333333332,0.04059101965753115,0.04059101965753115
20.875,0.04064994577278454,0.04064994577278454
20.916666666666664,0.040708562252428096,0.040708562252428096
20.958333333333332,0.040766818738211384,0.040766818738211384
21.0,0.04082466416053712,0.04082466416053712
21.041666666666664,0.040882077749294955,0.040882077749294955
21.083333333333332,0.040939154649470726,0.040939154649470726
21.125,0.040995997267296816,0.040995997267296816
21.166666666666664,0.04105268513583352,0.04105268513583352
21.208333333333332,0.04110929030708859,0.04110929030708859
21.25,0.04116586667711331,0.04116586667711331
21.291666666666664,0.041222458116037176,0.041222458116037176
21.333333333333332,0.04127909470098151,0.04127909470098151
21.375,0.04133579395469562,0.04133579395469562
21.416666666666664,0.04139256308660803,0.04139256308660803
21.458333333333332,0.04144939994434003,0.04144939994434003
21.5,0.04150629537367863,0.04150629537367863
21.541666666666664,0.041563233162006705,0.041563233162006705
21.583333333333332,0.04162019043094698,0.04162019043094698
21.625,0.041677138806145576,0.041677138806145576
21.666666666666664,0.041734044086298196,0.041734044086298196
21.708333333333332,0.04179087223832716,0.04179087223832716
21.75,0.041847581439765594,0.041847581439765594
21.791666666666664,0.04190413041942578,0.04190413041942578
21.833333333333332,0.04196047255955548,0.04196047255955548
21.875,0.04201656044314877,0.04201656044314877
21.916666666666664,0.04207234462606695,0.04207234462606695
21.958333333333332,0.042127774674929376,0.042127774674929376
22.0,0.042182799576438175,0.042182799576438175
22.041666666666664,0.04223739850037726,0.04223739850037726
22.083333333333332,0.042291666585320575,0.042291666585320575
22.125,0.04234570621700664,0.04234570621700664
22.166666666666664,0.04239959693829511,0.04239959693829511
22.208333333333332,0.042453410768960746,0.042453410768960746
22.25,0.042507201602315116,0.042507201602315116
22.291666666666664,0.04256101329771384,0.04256101329771384
22.333333333333332,0.04261487591863757,0.04261487591863757
22.375,0.04266880697713226,0.04266880697713226
22.416666666666664,0.04272281367252171,0.04272281367252171
22.458333333333332,0.042776893813922606,0.042776893813922606
22.5,0.042831038304634576,0.042831038304634576
22.541666666666664,0.042885230875102216,0.042885230875102216
22.583333333333332,0.04293944863499068,0.04293944863499068
22.625,0.042993663207634786,0.042993663207634786
22.666666666666664,0.04304784035843969,0.04304784035843969
22.708333333333332,0.04310194606921592,0.04310194606921592
22.75,0.04315593847294334,0.04315593847294334
22.791666666666664,0.043209776313513006,0.043209776313513006
22.833333333333332,0.043263412960623124,0.043263412960623124
22.875,0.043316800970077424,0.043316800970077424
22.916666666666664,0.04336989092318932,0.04336989092318932
22.958333333333332,0.04342263232150155,0.04342263232150155
23.0,0.04347497419804182,0.04347497419804182
23.041666666666664,0.04352689567173655,0.04352689567173655
23.083333333333332,0.04357849187166184,0.04357849187166184
23.125,0.04362986516585861,0.04362986516585861
23.166666666666664,0.04368109510478025,0.04368109510478025
23.208333333333332,0.04373225367906541,0.04373225367906541
23.25,0.04378339477864693,0.04378339477864693
23.291666666666664,0.04383456225243044,0.04383456225243044
23.333333333333332,0.04388578615097124,0.04388578615097124
23.375,0.0439370839760162,0.0439370839760162
23.416666666666664,0.04398846291712041,0.04398846291712041
23.458333333333332,0.04403992074918745,0.04403992074918745
23.5,0.04409144842406116,0.04409144842406116
23.541666666666664,0.044143029621829255,0.044143029621829255
23.583333333333332,0.044194641440762794,0.044194641440762794
23.625,0.044246255501060115,0.044246255501060115
23.666666666666664,0.0442978375388914,0.0442978375388914
23.708333333333332,0.04434935354687461,0.04434935354687461
23.75,0.04440076161922958,0.04440076161922958
23.791666666666664,0.044452020511174285,0.044452020511174285
23.833333333333332,0.04450308358101019,0.04450308358101019
23.875,0.04455390335991025,0.04455390335991025
23.916666666666664,0.044604430450006595,0.044604430450006595
23.958333333333332,0.044654614295944715,0.044654614295944715
24.0,0.044704403969212485,0.044704403969212485
24.041666666666664,0.044753778545308064,0.044753778545308064
24.083333333333332,0.044802833141614,0.044802833141614
24.125,0.04485167011080025,0.04485167011080025
24.166666666666664,0.04490036900916679,0.04490036900916679
24.208333333333332,0.04494900180088869,0.04494900180088869
24.25,0.044997622372072846,0.044997622372072846
24.291666666666664,0.045046274561542594,0.045046274561542594
24.333333333333332,0.0450949884076176,0.0450949884076176
24.375,0.04514378140216475,0.04514378140216475
24.416666666666664,0.04519266072533121,0.04519266072533121
24.458333333333332,0.04524162412140213,0.04524162412140213
24.5,0.04529066258349879,0.04529066258349879
24.541666666666664,0.04533975974686611,0.04533975974686611
24.583333333333332,0.04538889269893246,0.04538889269893246
24.625,0.04543803305618434,0.04543803305618434
24.666666666666664,0.045487146528871376,0.045487146528871376
24.708333333333332,0.04553619911733288,0.04553619911733288
24.75,0.04558514888173172,0.04558514888173172
24.791666666666664,0.04563395458573544,0.04563395458573544
24.833333333333332,0.045682569577190114,0.045682569577190114
24.875,0.04573094636484525,0.04573094636484525
24.916666666666664,0.04577903556795112,0.04577903556795112
24.958333333333332,0.04582678658099514,0.04582678658099514
25.0,0.04587414850764147,0.04587414850764147
25.041666666666664,0.04592110038599833,0.04592110038599833
25.083333333333332,0.045967737320214655,0.045967737320214655
25.125,0.046014161649536735,0.046014161649536735
25.166666666666664,0.04606045293471404,0.04606045293471404
25.208333333333332,0.04610668311577886,0.04610668311577886
25.25,0.04615290607470494,0.04615290607470494
25.291666666666664,0.04619916564062089,0.04619916564062089
25.333333333333332,0.04624549184026591,0.04624549184026591
25.375,0.04629190215604614,0.04629190215604614
25.416666666666664,0.04633840375907003,0.04633840375907003
25.458333333333332,0.04638499436604686,0.04638499436604686
25.5,0.04643166500542452,0.04643166500542452
25.541666666666664,0.046478399272269946,0.046478399272269946
25.583333333333332,0.04652517424369965,0.04652517424369965
25.625,0.04657196153209399,0.04657196153209399
25.666666666666664,0.046618726824528285,0.046618726824528285
25.708333333333332,0.04666543612670642,0.04666543612670642
25.75,0.046712047468605265,0.046712047468605265
25.791666666666664,0.046758519620112175,0.046758519620112175
25.833333333333332,0.046804805919403704,0.046804805919403704
25.875,0.04685085885472327,0.04685085885472327
25.916666666666664,0.04689662905945386,0.04689662905945386
25.958333333333332,0.04694206588354217,0.04694206588354217
26.0,0.04698711845775157,0.04698711845775157
26.041666666666664,0.047031765787761,0.047031765787761
26.083333333333332,0.04707610296343608,0.04707610296343608
26.125,0.04712023231223948,0.04712023231223948
26.166666666666664,0.0471642333982452,0.0471642333982452
26.208333333333332,0.04720817813937178,0.04720817813937178
26.25,0.047252120413257596,0.047252120413257596
26.291666666666664,0.04729610403973032,0.04729610403973032
26.333333333333332,0.04734015903456699,0.04734015903456699
26.375,0.047384302871125036,0.047384302871125036
26.416666666666664,0.04742854271184309,0.04742854271184309
26.458333333333332,0.04747287624845533,0.04747287624845533
26.5,0.047517294539817845,0.047517294539817845
26.541666666666664,0.0475617811448021,0.0475617811448021
26.583333333333332,0.04760631313071983,0.04760631313071983
26.625,0.04765086210558466,0.04765086210558466
26.666666666666664,0.047695393735602484,0.047695393735602484
26.708333333333332,0.047739874030028606,0.047739874030028606
26.75,0.04778426099188041,0.04778426099188041
26.791666666666664,0.047828513395523346,0.047828513395523346
26.833333333333332,0.047872584570133866,0.047872584570133866
26.875,0.04791642698512747,0.04791642698512747
26.916666666666664,0.047959991285590656,0.047959991285590656
26.958333333333332,0.04800322678166178,0.04800322678166178
27.0,0.048046082627061074,0.048046082627061074
27.041666666666664,0.048088537799153445,0.048088537799153445
27.083333333333332,0.04813068737284236,0.04813068737284236
27.125,0.04817263366519675,0.04817263366519675
27.166666666666664,0.048214456242705095,0.048214456242705095
27.208333333333332,0.04825622700295798,0.04825622700295798
27.25,0.04829799981913625,0.04829799981913625
27.291666666666664,0.04833981850215872,0.04833981850215872
27.333333333333332,0.048381713057422296,0.048381713057422296
27.375,0.048423700949636925,0.048423700949636925
27.416666666666664,0.048465789332935064,0.048465789332935064
27.458333333333332,0.0485079758763195,0.0485079758763195
27.5,0.04855025166495633,0.04855025166495633
27.541666666666664,0.048592600224950204,0.048592600224950204
27.583333333333332,0.04863499861429077,0.04863499861429077
27.625,0.04867741843646469,0.04867741843646469
27.666666666666664,0.0487198253387658,0.0487198253387658
27.708333333333332,0.04876218533259846,0.04876218533259846
27.75,0.04880445639674138,0.04880445639674138
27.791666666666664,0.04884659730866917,0.04884659730866917
27.833333333333332,0.0488885613891393,0.0488885613891393
27.875,0.048930301090218634,0.048930301090218634
27.916666666666664,0.04897176706670631,0.04897176706670631
27.958333333333332,0.049012908592957954,0.049012908592957954
28.0,0.04905367484224189,0.04905367484224189
28.041666666666664,0.049094044767053334,0.049094044767053334
28.083333333333332,0.049134113426937506,0.049134113426937506
28.125,0.049173983129754545,0.049173983129754545
28.166666666666664,0.04921373344366906,0.04921373344366906
28.208333333333332,0.049253436247525324,0.049253436247525324
28.25,0.04929314540998623,0.04929314540998623
28.291666666666664,0.04933290473344735,0.04933290473344735
28.333333333333332,0.04937274421347326,0.04937274421347326
28.375,0.04941268130651466,0.04941268130651466
28.416666666666664,0.049452723158753646,0.049452723158753646
28.458333333333332,0.04949286741841344,0.04949286741841344
28.5,0.04953310519353136,0.04953310519353136
28.541666666666664,0.04957341998041959,0.04957341998041959
28.583333333333332,0.049613788828204594,0.049613788828204594
28.625,0.04965418333576171,0.04965418333576171
28.666666666666664,0.04969456913315294,0.04969456913315294
28.708333333333332,0.049734912232843737,0.049734912232843737
28.75,0.04977517059169261,0.04977517059169261
28.791666666666664,0.049815302989202816,0.049815302989202816
28.833333333333332,0.04985526273822573,0.04985526273822573
28.875,0.04989500227479225,0.04989500227479225
28.916666666666664,0.0499344722617727,0.0499344722617727
28.958333333333332,0.04997362194119435,0.04997362194119435
29.0,0.050012400503047595,0.050012400503047595
29.041666666666664,0.05005078687786398,0.05005078687786398
29.083333333333332,0.05008887610965093,0.05008887610965093
29.125,0.05012677049807597,0.05012677049807597
29.166666666666664,0.050164549612379726,0.050164549612379726
29.208333333333332,0.05020228531406949,0.05020228531406949
29.25,0.050240031467277624,0.050240031467277624
29.291666666666664,0.05027783186625287,0.05027783186625287
29.333333333333332,0.05031571649724285,0.05031571649724285
29.375,0.05035370280881367,0.05035370280881367
29.416666666666664,0.050391797939543154,0.050391797939543154
29.458333333333332,0.050429999518586455,0.050429999518586455
29.5,0.050468298673947275,0.050468298673947275
29.541666666666664,0.05050667887474446,0.05050667887474446
29.583333333333332,0.0505451171616771,0.0505451171616771
29.625,0.05058358512898275,0.05058358512898275
29.666666666666664,0.05062204839094818,0.05062204839094818
29.708333333333332,0.05066047296025472,0.05066047296025472
29.75,0.05069881677383574,0.05069881677383574
29.791666666666664,0.05073703861236778,0.05073703861236778
29.833333333333332,0.05077509178125523,0.05077509178125523
29.875,0.05081292870166531,0.05081292870166531
29.916666666666664,0.05085050004317858,0.05085050004317858
29.958333333333332,0.05088775501848257,0.05088775501848257
30.0,0.05092464283193059,0.05092464283193059
30.041666666666664,0.05096114239456088,0.05096114239456088
30.083333333333332,0.05099734873482962,0.05099734873482962
30.125,0.051033364145087926,0.051033364145087926
30.166666666666664,0.051069268195164524,0.051069268195164524
30.208333333333332,0.05110513273049239,0.05110513273049239
30.25,0.05114101161069798,0.05114101161069798
30.291666666666664,0.05117694862224852,0.05117694862224852
30.333333333333332,0.05121297374256007,0.05121297374256007
30.375,0.05124910441267479,0.05124910441267479
30.416666666666664,0.051285347763901624,0.051285347763901624
30.458333333333332,0.051321701407838746,0.051321701407838746
30.5,0.05135815648998872,0.05135815648998872
30.541666666666664,0.051394696454562634,0.051394696454562634
30.583333333333332,0.05143129833424635,0.05143129833424635
30.625,0.051467933718657044,0.051467933718657044
30.666666666666664,0.05150456820758036,0.05150456820758036
30.708333333333332,0.05154116781325757,0.05154116781325757
30.75,0.051577690454428594,0.051577690454428594
30.791666666666664,0.05161409491226546,0.05161409491226546
30.833333333333332,0.05165033448514159,0.05165033448514159
30.875,0.05168636158041314,0.05168636158041314
30.916666666666664,0.05172212687323779,0.05172212687323779
30.958333333333332,0.051757579549567514,0.051757579549567514
31.0,0.05179266882613766,0.05179266882613766
31.041666666666664,0.051827373596607114,0.051827373596607114
31.083333333333332,0.05186178887399508,0.05186178887399508
31.125,0.05189601694409541,0.05189601694409541
31.166666666666664,0.051930137376928746,0.051930137376928746
31.208333333333332,0.05196422200299068,0.05196422200299068
31.25,0.05199832467745517,0.05199832467745517
31.291666666666664,0.05203248917936117,0.05203248917936117
31.333333333333332,0.05206674547775068,0.05206674547775068
31.375,0.052101111006488315,0.052101111006488315
31.416666666666664,0.05213559288993854,0.05213559288993854
31.458333333333332,0.052170188723485146,0.052170188723485146
31.5,0.052204889668022274,0.052204889668022274
31.541666666666664,0.052239679144875255,0.052239679144875255
31.583333333333332,0.052274534179110106,0.052274534179110106
31.625,0.05230942635577474,0.05230942635577474
31.666666666666664,0.05234432126127692,0.05234432126127692
31.708333333333332,0.05237918490691064,0.05237918490691064
31.75,0.052413975194737436,0.052413975194737436
31.791666666666664,0.05244865090588815,0.05244865090588815
31.833333333333332,0.05248316533208577,0.05248316533208577
31.875,0.052517470867825586,0.052517470867825586
31.916666666666664,0.05255151819289506,0.05255151819289506
31.958333333333332,0.05258525646879536,0.05258525646879536
32.0,0.05261863492297135,0.05261863492297135
32.041666666666664,0.052651632433523055,0.052651632433523055
32.08333333333333,0.05268434399824433,0.05268434399824433
32.125,0.05271687189703282,0.05271687189703282
32.166666666666664,0.05274929569978007,0.05274929569978007
32.20833333333333,0.052781687223072624,0.052781687223072624
32.25,0.05281410031770773,0.05281410031770773
32.291666666666664,0.052846578755636545,0.052846578755636545
32.33333333333333,0.052879152497958506,0.052879152497958506
32.375,0.052911838971693215,0.052911838971693215
32.416666666666664,0.052944645294573295,0.052944645294573295
32.45833333333333,0.052977569046968265,0.052977569046968265
32.5,0.053010601403355596,0.053010601403355596
32.541666666666664,0.05304372576397332,0.05304372576397332
32.58333333333333,0.05307691914664133,0.05307691914664133
32.625,0.05311015313191486,0.05311015313191486
32.666666666666664,0.053143393293821325,0.053143393293821325
32.70833333333333,0.05317660564231767,0.05317660564231767
32.75,0.05320974806412227,0.05320974806412227
32.791666666666664,0.053242779339900764,0.053242779339900764
32.83333333333333,0.05327565275507675,0.05327565275507675
32.875,0.05330832069214636,0.05330832069214636
32.916666666666664,0.05334073383473229,0.05334073383473229
32.95833333333333,0.05337284132190148,0.05337284132190148
33.0,0.053404592390389416,0.053404592390389416
33.041666666666664,0.05343596590431383,0.05343596590431383
33.08333333333333,0.05346705684652905,0.05346705684652905
33.125,0.05349796749161438,0.05349796749161438
33.166666666666664,0.053528777409073365,0.053528777409073365
33.20833333333333,0.05355955840251754,0.05355955840251754
33.25,0.05359036431846011,0.05359036431846011
33.291666666666664,0.05362123892209196,0.05362123892209196
33.33333333333333,0.05365221216697742,0.05365221216697742
33.375,0.053683301473609626,0.053683301473609626
33.416666666666664,0.05371451395339057,0.05371451395339057
33.45833333333333,0.0537458471727535,0.0537458471727535
33.5,0.05377729231820102,0.05377729231820102
33.541666666666664,0.05380883277049133,0.05380883277049133
33.58333333333333,0.053840445540553346,0.053840445540553346
33.625,0.05387210220454533,0.05387210220454533
33.666666666666664,0.053903768325005964,0.053903768325005964
33.70833333333333,0.0539354099102588,0.0539354099102588
33.75,0.053966984832863225,0.053966984832863225
33.791666666666664,0.05399845187268648,0.05399845187268648
33.83333333333333,0.054029764309178656,0.054029764309178656
33.875,0.05406087451362129,0.05406087451362129
33.916666666666664,0.05409173317280434,0.05409173317280434
33.95833333333333,0.05412228940515018,0.05412228940515018
34.0,0.054152492455476056,0.054152492455476056
34.041666666666664,0.05418232117528981,0.05418232117528981
34.08333333333333,0.05421187053284767,0.05421187053284767
34.125,0.05424124279791811,0.05424124279791811
34.166666666666664,0.05427051753940883,0.05427051753940883
34.20833333333333,0.05429976654880801,0.05429976654880801
34.25,0.05432904366845035,0.05432904366845035
34.291666666666664,0.05435839265708095,0.05435839265708095
34.33333333333333,0.05438784346111382,0.05438784346111382
34.375,0.05441741349482083,0.05441741349482083
34.416666666666664,0.05444710986356278,0.05444710986356278
34.45833333333333,0.05447693012080997,0.05447693012080997
34.5,0.05450686546374133,0.05450686546374133
34.541666666666664,0.054536899255078874,0.054536899255078874
34.58333333333333,0.0545670084991981,0.0545670084991981
34.625,0.05459716476797014,0.05459716476797014
34.666666666666664,0.054627333613246606,0.054627333613246606
34.70833333333333,0.05465748104149567,0.05465748104149567
34.75,0.054687564912174594,0.054687564912174594
34.791666666666664,0.05471754400409206,0.05471754400409206
34.83333333333333,0.054747371591028826,0.054747371591028826
34.875,0.054777000033769147,0.054777000033769147
34.916666666666664,0.05480638002170686,0.05480638002170686
34.95833333333333,0.05483546065421673,0.05483546065421673
35.0,0.054864191183163206,0.054864191183163206
35.041666666666664,0.05489255044864531,0.05489255044864531
35.08333333333333,0.05492063340470328,0.05492063340470328
35.125,0.05494854231674205,0.05494854231674205
35.166666666666664,0.054976356752908316,0.054976356752908316
35.20833333333333,0.05500414849334589,0.05500414849334589
35.25,0.055031971376325914,0.055031971376325914
35.291666666666664,0.05505986915444927,0.05505986915444927
35.33333333333333,0.05508787176734337,0.05508787176734337
35.375,0.05511599662335088,0.05511599662335088
35.416666666666664,0.05514425082206936,0.05514425082206936
35.45833333333333,0.05517263190488848,0.05517263190488848
35.5,0.05520113107849215,0.05520113107849215
35.541666666666664,0.05522973168886781,0.05522973168886781
35.58333333333333,0.05525841073415837,0.05525841073415837
35.625,0.05528713978206794,0.05528713978206794
35.666666666666664,0.055315884374485556,0.055315884374485556
35.70833333333333,0.05534461051586164,0.05534461051586164
35.75,0.05537327605349945,0.05537327605349945
35.791666666666664,0.055401839764948294,0.055401839764948294
35.83333333333333,0.05543025491860469,0.05543025491860469
35.875,0.05545847386541345,0.05545847386541345
35.916666666666664,0.05548644729689679,0.05548644729689679
35.95833333333333,0.05551412429481294,0.05551412429481294
36.0,0.05554145411718552,0.05554145411718552
36.041666666666664,0.05556841559375994,0.05556841559375994
36.08333333333333,0.05559510366477229,0.05559510366477229
36.125,0.05562162059165941,0.05562162059165941
36.166666666666664,0.05564804594167713,0.05564804594167713
36.20833333333333,0.055674451484339735,0.055674451484339735
36.25,0.0557008910539765,0.0557008910539765
36.291666666666664,0.05572740839733286,0.05572740839733286
36.33333333333333,0.05575403344759374,0.05575403344759374
36.375,0.05578078360745187,0.05578078360745187
36.416666666666664,0.05580766597100818,0.05580766597100818
36.45833333333333,0.055834678068374596,0.055834678068374596
36.5,0.05586181111471936,0.05586181111471936
36.541666666666664,0.05588904844047333,0.05588904844047333
36.58333333333333,0.0559163670378518,0.0559163670378518
36.625,0.05594373847051914,0.05594373847051914
36.666666666666664,0.055971128271059635,0.055971128271059635
36.70833333333333,0.05599850244179151,0.05599850244179151
36.75,0.05602581881871856,0.05602581881871856
36.791666666666664,0.056053036177978306,0.056053036177978306
36.83333333333333,0.05608010778285111,0.05608010778285111
36.875,0.05610698597504752,0.05610698597504752
36.916666666666664,0.05613362144781614,0.05613362144781614
36.95833333333333,0.05615996326658678,0.05615996326658678
37.0,0.056185960694777284,0.056185960694777284
37.041666666666664,0.05621159255271087,0.05621159255271087
37.08333333333333,0.056236953767251054,0.056236953767251054
37.125,0.056262146596217824,0.056262146596217824
37.166666666666664,0.0562872506058755,0.0562872506058755
37.20833333333333,0.05631233755576675,0.05631233755576675
37.25,0.05633746127640518,0.05633746127640518
37.291666666666664,0.05636266550895712,0.05636266550895712
37.33333333333333,0.05638798018049053,0.05638798018049053
37.375,0.05641342268831515,0.05641342268831515
37.416666666666664,0.05643900012129084,0.05643900012129084
37.45833333333333,0.056464709998985244,0.056464709998985244
37.5,0.05649054354415807,0.05649054354415807
37.541666666666664,0.05651648407275387,0.05651648407275387
37.58333333333333,0.056542508571350264,0.056542508571350264
37.625,0.05656858859970376,0.05656858859970376
37.666666666666664,0.056594689681693865,0.056594689681693865
37.70833333333333,0.056620777817430426,0.056620777817430426
37.75,0.056646810832391786,0.056646810832391786
37.791666666666664,0.056672747501190425,0.056672747501190425
37.83333333333333,0.05669854108224333,0.05669854108224333
37.875,0.056724143908585205,0.056724143908585205
37.916666666666664,0.05674950667485071,0.05674950667485071
37.95833333333333,0.056774578431305456,0.056774578431305456
38.0,0.05679930844610038,0.05679930844610038
38.041666666666664,0.056823675530961716,0.056823675530961716
38.08333333333333,0.0568477745998251,0.0568477745998251
38.125,0.05687170790720613,0.05687170790720613
38.166666666666664,0.05689555501830147,0.05689555501830147
38.20833333333333,0.0569193876832892,0.0569193876832892
38.25,0.056943259728996144,0.056943259728996144
38.291666666666664,0.05696721489127369,0.05696721489127369
38.33333333333333,0.05699128309138113,0.05699128309138113
38.375,0.05701548172150022,0.05701548172150022
38.416666666666664,0.05703981786549443,0.05703981786549443
38.45833333333333,0.0570642890330591,0.0570642890330591
38.5,0.05708888645376263,0.05708888645376263
38.541666666666664,0.057113593430038384,0.057113593430038384
38.58333333333333,0.05713838694310199,0.05713838694310199
38.625,0.05716323854893675,0.05716323854893675
38.666666666666664,0.05718811376326642,0.05718811376326642
38.70833333333333,0.057212978583947346,0.057212978583947346
38.75,0.05723779082663596,0.05723779082663596
38.791666666666664,0.05726250926433861,0.05726250926433861
38.83333333333333,0.05728708715084778,0.05728708715084778
38.875,0.05731147681103876,0.05731147681103876
38.916666666666664,0.057335628940644194,0.057335628940644194
38.95833333333333,0.05735949257582132,0.05735949257582132
39.0,0.0573830169888814,0.0573830169888814
39.041666666666664,0.057406180983687646,0.057406180983687646
39.08333333333333,0.057429079461699103,0.057429079461699103
39.125,0.05745181467440607,0.05745181467440607
39.166666666666664,0.05747446618588191,0.05747446618588191
39.20833333333333,0.057497105737501324,0.057497105737501324
39.25,0.05751978715253457,0.05751978715253457
39.291666666666664,0.05754255416177058,0.05754255416177058
39.33333333333333,0.05756543668095194,0.05756543668095194
39.375,0.05758845209737598,0.05758845209737598
39.416666666666664,0.057611607490143886,0.057611607490143886
39.45833333333333,0.05763490035969619,0.05763490035969619
39.5,0.05765832194172169,0.05765832194172169
39.541666666666664,0.05768185552603372,0.05768185552603372
39.58333333333333,0.057705478088748006,0.057705478088748006
39.625,0.05772916118221051,0.05772916118221051
39.666666666666664,0.057752870314493526,0.057752870314493526
39.70833333333333,0.05777657148117948,0.05777657148117948
39.75,0.057800222488744835,0.057800222488744835
39.791666666666664,0.05782378210853502,0.05782378210853502
39.83333333333333,0.05784720358994403,0.05784720358994403
39.875,0.05787043925016647,0.05787043925016647
39.916666666666664,0.05789343978578918,0.05789343978578918
39.95833333333333,0.05791615421982166,0.05791615421982166
40.0,0.05793853182823815,0.05793853182823815
40.041666666666664,0.05796055140769355,0.05796055140769355
40.08333333333333,0.05798230784762409,0.05798230784762409
40.125,0.058003903396744626,0.058003903396744626
40.166666666666664,0.058025417617966375,0.058025417617966375
40.20833333333333,0.05804692224438089,0.05804692224438089
40.25,0.058068471095832234,0.058068471095832234
40.291666666666664,0.05809010789828797,0.05809010789828797
40.33333333333333,0.05811186256225053,0.05811186256225053
40.375,0.058133752470365355,0.058133752470365355
40.416666666666664,0.0581557846971953,0.0581557846971953
40.45833333333333,0.05817795673449509,0.05817795673449509
40.5,0.05820025982346683,0.05820025982346683
40.541666666666664,0.05822267724212067,0.05822267724212067
40.58333333333333,0.05824518596172169,0.05824518596172169
40.625,0.058267757531114246,0.058267757531114246
40.666666666666664,0.05829035745118375,0.05829035745118375
40.70833333333333,0.05831295171523821,0.05831295171523821
40.75,0.058335498121161906,0.058335498121161906
40.791666666666664,0.05835795543860577,0.05835795543860577
40.83333333333333,0.05838027691277964,0.05838027691277964
40.875,0.05840241485364207,0.05840241485364207
40.916666666666664,0.058424319958427805,0.058424319958427805
40.95833333333333,0.0584459412378755,0.0584459412378755
41.0,0.05846722797118929,0.05846722797118929
41.041666666666664,0.05848815894840196,0.05848815894840196
41.08333333333333,0.05850882904737911,0.05850882904737911
41.125,0.05852934051428453,0.05852934051428453
41.166666666666664,0.05854977291084259,0.05854977291084259
41.20833333333333,0.05857019796234467,0.05857019796234467
41.25,0.05859066948533833,0.05859066948533833
41.291666666666664,0.05861123120119983,0.05861123120119983
41.33333333333333,0.058631913015453646,0.058631913015453646
41.375,0.05865273230631519,0.05865273230631519
41.416666666666664,0.05867369614402304,0.05867369614402304
41.45833333333333,0.058694802012171705,0.058694802012171705
41.5,0.058716041156939854,0.058716041156939854
41.541666666666664,0.058737396845285034,0.058737396845285034
41.58333333333333,0.05875884604385871,0.05875884604385871
41.625,0.058780360298138296,0.058780360298138296
41.666666666666664,0.058801905102251556,0.058801905102251556
41.70833333333333,0.0588234464472474,0.0588234464472474
41.75,0.05884494212295767,0.05884494212295767
41.791666666666664,0.058866350897322756,0.058866350897322756
41.83333333333333,0.05888762601157159,0.05888762601157159
41.875,0.05890871976884061,0.05890871976884061
41.916666666666664,0.05892958286683788,0.05892958286683788
41.95833333333333,0.05895016430483404,0.05895016430483404
42.0,0.05897041336488515,0.05897041336488515
42.041666666666664,0.05899030883092834,0.05899030883092834
42.08333333333333,0.05900994556970638,0.05900994556970638
42.125,0.05902942582503383,0.05902942582503383
42.166666666666664,0.0590488291574353,0.0590488291574353
42.20833333333333,0.05906822728485123,0.05906822728485123
42.25,0.05908767402066078,0.05908767402066078
42.291666666666664,0.059107213081868504,0.059107213081868504
42.33333333333333,0.05912687436926949,0.05912687436926949
42.375,0.059146675256860785,0.059146675256860785
42.416666666666664,0.059166622810761245,0.059166622810761245
42.45833333333333,0.059186714506891544,0.059186714506891544
42.5,0.059206941595931734,0.059206941595931734
42.541666666666664,0.05922728733447778,0.05922728733447778
42.58333333333333,0.05924772868479289,0.05924772868479289
42.625,0.059268237189120505,0.059268237189120505
42.666666666666664,0.059288778335228165,0.059288778335228165
42.70833333333333,0.059309318111933663,0.059309318111933663
42.75,0.059329814301513316,0.059329814301513316
42.791666666666664,0.059350225670195114,0.059350225670195114
42.83333333333333,0.05937050545542015,0.05937050545542015
42.875,0.05939060595388847,0.05939060595388847
42.916666666666664,0.05941047786363439,0.05941047786363439
42.95833333333333,0.05943007017319703,0.05943007017319703
43.0,0.059449332167154194,0.059449332167154194
43.041666666666664,0.05946824262382124,0.05946824262382124
43.08333333333333,0.05948689639925926,0.05948689639925926
43.125,0.059505395735115735,0.059505395735115735
43.166666666666664,0.059523820190712194,0.059523820190712194
43.20833333333333,0.05954224147705676,0.05954224147705676
43.25,0.0595607134044862,0.0595607134044862
43.291666666666664,0.05957927968584281,0.05957927968584281
43.33333333333333,0.05959797021742801,0.05959797021742801
43.375,0.059616802369222406,0.059616802369222406
43.416666666666664,0.05963578320342044,0.05963578320342044
43.45833333333333,0.05965491018872018,0.05965491018872018
43.5,0.05967417457988097,0.05967417457988097
43.541666666666664,0.059693559623775046,0.059693559623775046
43.58333333333333,0.05971304227849167,0.05971304227849167
43.625,0.0597325940831709,0.0597325940831709
43.666666666666664,0.05975218051958888,0.05975218051958888
43.70833333333333,0.05977176757437027,0.05977176757437027
43.75,0.05979131302269452,0.05979131302269452
43.791666666666664,0.059810775629086876,0.059810775629086876
43.83333333333333,0.059830108627384054,0.059830108627384054
43.875,0.05984926430820985,0.05984926430820985
43.916666666666664,0.059868193369800905,0.059868193369800905
43.95833333333333,0.059886844790642414,0.059886844790642414
44.0,0.05990516785754479,0.05990516785754479
44.041666666666664,0.05992314134362952,0.05992314134362952
44.08333333333333,0.05994086009470858,0.05994086009470858
44.125,0.05995842635042715,0.05995842635042715
44.166666666666664,0.0599759196689083,0.0599759196689083
44.20833333333333,0.05999341175461847,0.05999341175461847
44.25,0.06001095641497554,0.06001095641497554
44.291666666666664,0.060028597358859244,0.060028597358859244
44.33333333333333,0.060046364478300945,0.060046364478300945
44.375,0.060064275139457286,0.060064275139457286
44.416666666666664,0.060082336400784836,0.060082336400784836
44.45833333333333,0.06010054572417835,0.06010054572417835
44.5,0.06011889436810088,0.06011889436810088
44.541666666666664,0.06013736557029077,0.06013736557029077
44.58333333333333,0.06015593628486721,0.06015593628486721
44.625,0.060174578047994524,0.060174578047994524
44.666666666666664,0.060193256335800596,0.060193256335800596
44.70833333333333,0.06021193713276256,0.06021193713276256
44.75,0.06023057820738746,0.06023057820738746
44.791666666666664,0.060249138322516715,0.060249138322516715
44.83333333333333,0.060267570708556976,0.060267570708556976
44.875,0.060285827650392615,0.060285827650392615
44.916666666666664,0.06030385984635847,0.06030385984635847
44.95833333333333,0.06032161626551062,0.06032161626551062
45.0,0.06033904619663835,0.06033904619663835
45.041666666666664,0.06035612840805668,0.06035612840805668
45.08333333333333,0.06037295773575127,0.06037295773575127
45.125,0.06038963641751415,0.06038963641751415
45.166666666666664,0.060406244010281246,0.060406244010281246
45.20833333333333,0.06042285221234223,0.06042285221234223
45.25,0.060439514828316734,0.060439514828316734
45.291666666666664,0.06045627556331229,0.06045627556331229
45.33333333333333,0.06047316430530237,0.06047316430530237
45.375,0.060490198416803184,0.060490198416803184
45.416666666666664,0.060507384952711435,0.060507384952711435
45.45833333333333,0.06052472136850889,0.06052472136850889
45.5,0.060542198926027364,0.060542198926027364
45.541666666666664,0.060559800854417846,0.060559800854417846
45.58333333333333,0.060577504104023315,0.060577504104023315
45.625,0.060595280208156854,0.060595280208156854
45.666666666666664,0.06061309463761776,0.06061309463761776
45.70833333333333,0.060630913374787244,0.060630913374787244
45.75,0.06064869418189347,0.06064869418189347
45.791666666666664,0.0606663958201203,0.0606663958201203
45.83333333333333,0.060683971516610216,0.060683971516610216
45.875,0.06070137355082341,0.06070137355082341
45.916666666666664,0.06071855262110586,0.06071855262110586
45.95833333333333,0.06073545768766172,0.06073545768766172
46.0,0.06075203804103631,0.06075203804103631
46.041666666666664,0.060768272445089706,0.060768272445089706
46.08333333333333,0.06078425572639296,0.06078425572639296
46.125,0.06080009012102058,0.06080009012102058
46.166666666666664,0.060815855184737914,0.060815855184737914
46.20833333333333,0.060831622609999296,0.060831622609999296
46.25,0.060847446198743556,0.060847446198743556
46.291666666666664,0.06086336965248751,0.06086336965248751
46.33333333333333,0.060879422855348,0.060879422855348
46.375,0.06089562316637584,0.06089562316637584
46.416666666666664,0.060911977637077695,0.060911977637077695
46.45833333333333,0.06092848371688616,0.06092848371688616
46.5,0.060945132670702735,0.060945132670702735
46.541666666666664,0.06096190771959821,0.06096190771959821
46.58333333333333,0.060978785810323725,0.060978785810323725
46.625,0.06099573847346217,0.06099573847346217
46.666666666666664,0.061012731174782585,0.061012731174782585
46.70833333333333,0.061029729894626336,0.061029729894626336
46.75,0.06104669238930818,0.06104669238930818
46.791666666666664,0.06106357741838672,0.06106357741838672
46.83333333333333,0.06108033820589801,0.06108033820589801
46.875,0.06109692702617356,0.06109692702617356
46.916666666666664,0.06111329457749796,0.06111329457749796
46.95833333333333,0.061129389811757716,0.061129389811757716
47.0,0.061145162021058214,0.061145162021058214
47.041666666666664,0.06116058996512416,0.06116058996512416
47.08333333333333,0.0611757684615123,0.0611757684615123
47.125,0.06119079974470277,0.06119079974470277
47.166666666666664,0.06120576336931132,0.06120576336931132
47.20833333333333,0.06122073102227673,0.06122073102227673
47.25,0.0612357565029711,0.0612357565029711
47.291666666666664,0.06125088350949345,0.06125088350949345
47.33333333333333,0.06126614192229515,0.06126614192229515
47.375,0.06128154909712825,0.06128154909712825
47.416666666666664,0.06129711208227146,0.06129711208227146
47.45833333333333,0.06131282832144782,0.06131282832144782
47.5,0.061328689082361054,0.061328689082361054
47.541666666666664,0.06134467757847304,0.06134467757847304
47.58333333333333,0.061360770753118424,0.061360770753118424
47.625,0.06137694013426735,0.06137694013426735
47.666666666666664,0.06139315118293742,0.06139315118293742
47.70833333333333,0.061409369877489524,0.061409369877489524
47.75,0.06142555396866509,0.06142555396866509
47.791666666666664,0.06144166221443427,0.06144166221443427
47.83333333333333,0.06145764783587685,0.06145764783587685
47.875,0.06147346310247284,0.06147346310247284
47.916666666666664,0.06148905871238563,0.06148905871238563
47.95833333333333,0.06150438360967934,0.06150438360967934
48.0,0.06151938708784687,0.06151938708784687
48.041666666666664,0.0615340479027689,0.0615340479027689
48.08333333333333,0.061548460863375634,0.061548460863375634
48.125,0.061562728202665395,0.061562728202665395
48.166666666666664,0.06157692947412864,0.06157692947412864
48.20833333333333,0.06159113635948842,0.06159113635948842
48.25,0.0616054026556608,0.0616054026556608
48.291666666666664,0.061619772057491716,0.061619772057491716
48.33333333333333,0.06163427444194838,0.06163427444194838
48.375,0.06164892716164307,0.06164892716164307
48.416666666666664,0.061663737261780996,0.061663737261780996
48.45833333333333,0.06167870218069332,0.06167870218069332
48.5,0.061693813188645835,0.061693813188645835
48.541666666666664,0.06170905349193045,0.06170905349193045
48.58333333333333,0.06172440003063211,0.06172440003063211
48.625,0.061739824330221835,0.061739824330221835
48.666666666666664,0.0617552918472268,0.0617552918472268
48.70833333333333,0.06177076855808902,0.06177076855808902
48.75,0.061786212208293625,0.061786212208293625
48.791666666666664,0.061801581554262644,0.061801581554262644
48.83333333333333,0.061816829814262515,0.061816829814262515
48.875,0.06183190925318213,0.06183190925318213
48.916666666666664,0.06184677056901433,0.06184677056901433
48.95833333333333,0.06186136269846109,0.06186136269846109
49.0,0.061875634936250506,0.061875634936250506
49.041666666666664,0.061889566034685324,0.061889566034685324
49.08333333333333,0.06190325079444456,0.06190325079444456
49.125,0.06191679144714741,0.06191679144714741
49.166666666666664,0.061930267545186116,0.061930267545186116
49.20833333333333,0.06194375076534942,0.06194375076534942
49.25,0.061957294902204314,0.061957294902204314
49.291666666666664,0.06197094364750068,0.06197094364750068
49.33333333333333,0.06198472687489382,0.06198472687489382
49.375,0.06199866193400749,0.06199866193400749
49.416666666666664,0.06201275586712088,0.06201275586712088
49.45833333333333,0.06202700610747037,0.06202700610747037
49.5,0.06204140392766845,0.06204140392766845
49.541666666666664,0.06205593252724607,0.06205593252724607
49.58333333333333,0.06207056884319715,0.06207056884319715
49.625,0.06208528439860339,0.06208528439860339
49.666666666666664,0.062100044645746116,0.062100044645746116
49.70833333333333,0.06211481555921149,0.06211481555921149
49.75,0.06212955487952421,0.06212955487952421
49.791666666666664,0.0621442213616012,0.0621442213616012
49.83333333333333,0.062158768221031585,0.062158768221031585
49.875,0.062173147718357906,0.062173147718357906
49.916666666666664,0.06218731055136244,0.06218731055136244
49.95833333333333,0.06220120564981287,0.06220120564981287
50.0,0.06221478230953829,0.06221478230953829
50.041666666666664,0.06222801927950678,0.06222801927950678
50.08333333333333,0.06224101135250899,0.06224101135250899
50.125,0.06225386075887871,0.06225386075887871
50.166666666666664,0.06226664704993929,0.06226664704993929
50.20833333333333,0.062279441897809415,0.062279441897809415
50.25,0.06229229909481049,0.06229229909481049
50.291666666666664,0.062305262329745745,0.062305262329745745
50.33333333333333,0.06231836147312214,0.06231836147312214
50.375,0.062331613871719226,0.062331613871719226
50.416666666666664,0.062345026565030486,0.062345026565030486
50.45833333333333,0.062358596981476055,0.062358596981476055
50.5,0.0623723163958214,0.0623723163958214
50.541666666666664,0.062386168001218274,0.062386168001218274
50.58333333333333,0.06240012873172042,0.06240012873172042
50.625,0.06241417010812621,0.06241417010812621
50.666666666666664,0.06242825757870055,0.06242825757870055
50.70833333333333,0.06244235711623759,0.06244235711623759
50.75,0.06245642645657804,0.06245642645657804
50.791666666666664,0.062470424353178754,0.062470424353178754
50.83333333333333,0.06248430401908098,0.06248430401908098
50.875,0.06249801771071119,0.06249801771071119
50.916666666666664,0.06251151612560892,0.06251151612560892
50.95833333333333,0.06252474818700622,0.06252474818700622
51.0,0.06253766319171448,0.06253766319171448
51.041666666666664,0.06255023988559041,0.06255023988559041
51.08333333333333,0.06256257305388584,0.06256257305388584
51.125,0.06257476492573533,0.06257476492573533
51.166666666666664,0.06258689505142401,0.06258689505142401
51.20833333333333,0.06259903509864917,0.06259903509864917
51.25,0.0626112388575863,0.0626112388575863
51.291666666666664,0.06262355001423436,0.06262355001423436
51.33333333333333,0.0626359984361073,0.0626359984361073
51.375,0.0626486014672778,0.0626486014672778
51.416666666666664,0.06266136614458756,0.06266136614458756
51.45833333333333,0.06267428989190162,0.06267428989190162
51.5,0.06268736398596395,0.06268736398596395
51.541666666666664,0.06270057161390384,0.06270057161390384
51.58333333333333,0.06271388970697832,0.06271388970697832
51.625,0.06272728978380461,0.06272728978380461
51.666666666666664,0.06274073728884666,0.06274073728884666
51.70833333333333,0.06275419819317064,0.06275419819317064
51.75,0.06276763022819203,0.06276763022819203
51.791666666666664,0.06278099214595373,0.06278099214595373
51.83333333333333,0.06279423715707258,0.06279423715707258
51.875,0.06280731751407562,0.06280731751407562
51.916666666666664,0.06282018391423434,0.06282018391423434
51.95833333333333,0.06283278527461703,0.06283278527461703
52.0,0.06284507089291234,0.06284507089291234
52.041666666666664,0.06285701951207047,0.06285701951207047
52.08333333333333,0.06286872591014149,0.06286872591014149
52.125,0.06288029231513964,0.06288029231513964
52.166666666666664,0.06289179827634382,0.06289179827634382
52.20833333333333,0.06290331545726367,0.06290331545726367
52.25,0.06291489764602495,0.06291489764602495
52.291666666666664,0.06292658852595794,0.06292658852595794
52.33333333333333,0.06293841796173104,0.06293841796173104
52.375,0.06295040329484089,0.06295040329484089
52.416666666666664,0.06296255155960513,0.06296255155960513
52.45833333333333,0.06297486017557881,0.06297486017557881
52.5,0.06298732042132689,0.06298732042132689
52.541666666666664,0.06299991547828998,0.06299991547828998
52.58333333333333,0.0630126222750649,0.0630126222750649
52.625,0.06302541232818601,0.06302541232818601
52.666666666666664,0.06303825107851883,0.06303825107851883
52.70833333333333,0.06305110449546535,0.06305110449546535
52.75,0.0630639303062582,0.0630639303062582
52.791666666666664,0.0630766872615735,0.0630766872615735
52.83333333333333,0.06308932856972087,0.06308932856972087
52.875,0.06310180647953235,0.06310180647953235
52.916666666666664,0.06311407168799163,0.06311407168799163
52.95833333333333,0.06312607310635045,0.06312607310635045
53.0,0.06313776003308194,0.06313776003308194
53.041666666666664,0.06314911120841822,0.06314911120841822
53.08333333333333,0.06316022140353193,0.06316022140353193
53.125,0.06317119284538954,0.06317119284538954
53.166666666666664,0.0631821050822963,0.0631821050822963
53.20833333333333,0.06319302977379446,0.06319302977379446
53.25,0.06320402070605254,0.06320402070605254
53.291666666666664,0.06321512155986125,0.06321512155986125
53.33333333333333,0.06322636219718357,0.06322636219718357
53.375,0.06323775995706472,0.06323775995706472
53.416666666666664,0.06324932187141977,0.06324932187141977
53.45833333333333,0.06326104535572429,0.06326104535572429
53.5,0.06327292169022192,0.06327292169022192
53.541666666666664,0.06328493405097714,0.06328493405097714
53.58333333333333,0.06329705936405645,0.06329705936405645
53.625,0.06330926914400571,0.06330926914400571
53.666666666666664,0.06332152882828265,0.06332152882828265
53.70833333333333,0.06333380438468825,0.06333380438468825
53.75,0.06334605353649966,0.06334605353649966
53.791666666666664,0.06335823503307356,0.06335823503307356
53.83333333333333,0.06337030208052413,0.06337030208052413
53.875,0.06338220692418098,0.06338220692418098
53.916666666666664,0.06339390026072533,0.06339390026072533
53.95833333333333,0.06340533099591704,0.06340533099591704
54.0,0.0634164484289314,0.0634164484289314
54.041666666666664,0.06342723129745614,0.06342723129745614
54.08333333333333,0.06343777436609813,0.06343777436609813
54.125,0.06344817986084286,0.06344817986084286
54.166666666666664,0.06345852732905519,0.06345852732905519
54.20833333333333,0.06346888842651734,0.06346888842651734
54.25,0.06347931693752952,0.06347931693752952
54.291666666666664,0.0634898565404658,0.0634898565404658
54.33333333333333,0.06350053709471687,0.06350053709471687
54.375,0.06351137593699517,0.06351137593699517
54.416666666666664,0.06352238009692905,0.06352238009692905
54.45833333333333,0.06353354698613126,0.06353354698613126
54.5,0.06354486788639548,0.06354486788639548
54.541666666666664,0.06355632596870299,0.06355632596870299
54.58333333333333,0.06356789815671333,0.06356789815671333
54.625,0.06357955596307477,0.06357955596307477
54.666666666666664,0.06359126482201662,0.06359126482201662
54.70833333333333,0.06360299069980117,0.06360299069980117
54.75,0.06361469131596345,0.06361469131596345
54.791666666666664,0.06362632541858808,0.06362632541858808
54.83333333333333,0.06363784621170031,0.06363784621170031
54.875,0.06364920593730888,0.06364920593730888
54.916666666666664,0.06366035529178218,0.06366035529178218
54.95833333333333,0.06367124317569192,0.06367124317569192
55.0,0.06368181888884272,0.06368181888884272
55.041666666666664,0.0636920611665381,0.0636920611665381
55.08333333333333,0.06370206476711858,0.06370206476711858
55.125,0.06371193191565028,0.06371193191565028
55.166666666666664,0.06372174215859089,0.06372174215859089
55.20833333333333,0.06373156714815824,0.06373156714815824
55.25,0.06374146066686964,0.06374146066686964
55.291666666666664,0.06375146639079958,0.06375146639079958
55.33333333333333,0.06376161417689293,0.06376161417689293
55.375,0.0637719213596423,0.0637719213596423
55.416666666666664,0.06378239496649973,0.06378239496649973
55.45833333333333,0.06379303240541905,0.06379303240541905
55.5,0.06380382495962733,0.06380382495962733
55.541666666666664,0.06381475579529747,0.06381475579529747
55.58333333333333,0.06382580183379957,0.06382580183379957
55.625,0.06383693458597135,0.06383693458597135
55.666666666666664,0.06384811948298282,0.06384811948298282
55.70833333333333,0.06385932248961873,0.06385932248961873
55.75,0.0638705013218725,0.0638705013218725
55.791666666666664,0.06388161472660378,0.06388161472660378
55.83333333333333,0.06389261590585028,0.06389261590585028
55.875,0.06390345709847131,0.06390345709847131
55.916666666666664,0.06391408900051551,0.06391408900051551
55.95833333333333,0.06392446050765117,0.06392446050765117
56.0,0.0639345209202475,0.0639345209202475
56.041666666666664,0.06394424897137199,0.06394424897137199
56.08333333333333,0.06395373941338597,0.06395373941338597
56.125,0.06396309447049311,0.06396309447049311
56.166666666666664,0.0639723936882772,0.0639723936882772
56.20833333333333,0.06398170871557611,0.06398170871557611
56.25,0.06399109333320639,0.06399109333320639
56.291666666666664,0.06400059121505423,0.06400059121505423
56.33333333333333,0.06401023221573894,0.06401023221573894
56.375,0.06402003366764086,0.06402003366764086
56.416666666666664,0.06403000259614085,0.06403000259614085
56.45833333333333,0.06404013640572577,0.06404013640572577
56.5,0.06405042638095038,0.06405042638095038
56.541666666666664,0.06406085568343721,0.06406085568343721
56.58333333333333,0.06407140123237869,0.06407140123237869
56.625,0.06408203453688549,0.06408203453688549
56.666666666666664,0.06409272102522771,0.06409272102522771
56.70833333333333,0.06410342666077248,0.06410342666077248
56.75,0.06411410915616006,0.06411410915616006
56.791666666666664,0.0641247272570719,0.0641247272570719
56.83333333333333,0.06413523416365444,0.06413523416365444
56.875,0.06414558211177959,0.06414558211177959
56.916666666666664,0.06415572179717244,0.06415572179717244
56.95833333333333,0.0641656021108647,0.0641656021108647
57.0,0.06417517235373288,0.06417517235373288
57.041666666666664,0.06418441125674537,0.06418441125674537
57.08333333333333,0.06419341356655986,0.06419341356655986
57.125,0.06420228150657016,0.06420228150657016
57.166666666666664,0.06421109462151917,0.06421109462151917
57.20833333333333,0.064219924557039,0.064219924557039
57.25,0.06422882509232397,0.06422882509232397
57.291666666666664,0.06423783989917818,0.06423783989917818
57.33333333333333,0.06424699883000944,0.06424699883000944
57.375,0.06425631921518828,0.06425631921518828
57.416666666666664,0.06426580807812453,0.06426580807812453
57.45833333333333,0.06427546282001903,0.06427546282001903
57.5,0.06428527472665808,0.06428527472665808
57.541666666666664,0.06429522695535642,0.06429522695535642
57.58333333333333,0.06430529642323494,0.06430529642323494
57.625,0.06431545463775745,0.06431545463775745
57.666666666666664,0.06432566702444449,0.06432566702444449
57.70833333333333,0.06433589954530394,0.06433589954530394
57.75,0.06434610990980039,0.06434610990980039
57.791666666666664,0.06435625686248288,0.06435625686248288
57.83333333333333,0.0643662936016986,0.0643662936016986
57.875,0.06437617236048498,0.06437617236048498
57.916666666666664,0.0643858438342423,0.0643858438342423
57.95833333333333,0.06439525690961616,0.06439525690961616
58.0,0.06440436088793952,0.06440436088793952
58.041666666666664,0.0644131344982085,0.0644131344982085
58.08333333333333,0.06442167248164139,0.06442167248164139
58.125,0.06443007706087057,0.06443007706087057
58.166666666666664,0.06443842777983087,0.06443842777983087
58.20833333333333,0.06444679628111295,0.06444679628111295
58.25,0.06445523634236446,0.06445523634236446
58.291666666666664,0.06446379163340818,0.06446379163340818
58.33333333333333,0.06447249200454906,0.06447249200454906
58.375,0.06448135478424531,0.06448135478424531
58.416666666666664,0.06449038699403105,0.06449038699403105
58.45833333333333,0.06449958603199178,0.06449958603199178
58.5,0.06450894318505787,0.06450894318505787
58.541666666666664,0.06451844160646426,0.06451844160646426
58.58333333333333,0.06452805821136152,0.06452805821136152
58.625,0.06453776450564316,0.06453776450564316
58.666666666666664,0.06454752591222215,0.06454752591222215
58.70833333333333,0.06455730839180403,0.06455730839180403
58.75,0.0645670696508447,0.0645670696508447
58.791666666666664,0.06457676843280596,0.06457676843280596
58.83333333333333,0.06458635793432313,0.06458635793432313
58.875,0.06459579038574374,0.06459579038574374
58.916666666666664,0.06460501648214423,0.06460501648214423
58.95833333333333,0.06461398510601941,0.06461398510601941
59.0,0.06462264555911339,0.06462264555911339
59.041666666666664,0.06463097656856791,0.06463097656856791
59.08333333333333,0.06463907287041457,0.06463907287041457
59.125,0.06464703668656958,0.06464703668656958
59.166666666666664,0.06465494756019179,0.06465494756019179
59.20833333333333,0.0646628771309858,0.0646628771309858
59.25,0.06467087917512468,0.06467087917512468
59.291666666666664,0.0646789973605462,0.0646789973605462
59.33333333333333,0.06468726153555543,0.06468726153555543
59.375,0.0646956890267911,0.0646956890267911
59.416666666666664,0.06470428685400245,0.06470428685400245
59.45833333333333,0.06471305241232063,0.06471305241232063
59.5,0.06472197698974039,0.06472197698974039
59.541666666666664,0.06473104373563153,0.06473104373563153
59.58333333333333,0.06474022956327036,0.06474022956327036
59.625,0.06474950597705358,0.06474950597705358
59.666666666666664,0.06475883839742065,0.06475883839742065
59.70833333333333,0.06476819278383,0.06476819278383
59.75,0.06477752683988627,0.06477752683988627
59.791666666666664,0.06478679930800804,0.06478679930800804
59.83333333333333,0.06479596338320207,0.06479596338320207
59.875,0.06480497129326276,0.06480497129326276
59.916666666666664,0.06481377373294543,0.06481377373294543
59.95833333333333,0.06482231958081525,0.06482231958081525
60.0,0.06483055813898729,0.06483055813898729
60.041666666666664,0.06483846813285825,0.06483846813285825
60.08333333333333,0.0648461442935153,0.0648461442935153
60.125,0.06485368884220027,0.06485368884220027
60.166666666666664,0.06486118132132745,0.06486118132132745
60.20833333333333,0.06486869336786233,0.06486869336786233
60.25,0.06487627875657259,0.06487627875657259
60.291666666666664,0.06488398115360232,0.06488398115360232
60.33333333333333,0.06489183040535479,0.06489183040535479
60.375,0.06489984383673764,0.06489984383673764
60.416666666666664,0.06490802846580172,0.06490802846580172
60.45833333333333,0.06491638168487573,0.06491638168487573
60.5,0.06492489478294611,0.06492489478294611
60.541666666666664,0.06493355090571966,0.06493355090571966
60.58333333333333,0.06494232696468989,0.06494232696468989
60.625,0.06495119446282688,0.06495119446282688
60.666666666666664,0.06496011881822338,0.06496011881822338
60.70833333333333,0.06496906598914415,0.06496906598914415
60.75,0.06497799367649099,0.06497799367649099
60.791666666666664,0.06498686062168234,0.06498686062168234
60.83333333333333,0.06499562001817559,0.06499562001817559
60.875,0.0650042240913414,0.0650042240913414
60.916666666666664,0.06501262353561825,0.06501262353561825
60.95833333333333,0.0650207672258497,0.0650207672258497
61.0,0.06502860446448608,0.06502860446448608
61.041666666666664,0.06503611397528081,0.06503611397528081
61.08333333333333,0.0650433904846082,0.0650433904846082
61.125,0.06505053621307448,0.06505053621307448
61.166666666666664,0.06505763070238045,0.06505763070238045
61.20833333333333,0.0650647455868912,0.0650647455868912
61.25,0.06507193464003516,0.06507193464003516
61.291666666666664,0.06507924152624993,0.06507924152624993
61.33333333333333,0.0650866960901301,0.0650866960901301
61.375,0.06509431565493623,0.06509431565493623
61.416666666666664,0.06510210723710316,0.06510210723710316
61.45833333333333,0.06511006822630061,0.06511006822630061
61.5,0.0651181899124406,0.0651181899124406
61.541666666666664,0.06512645543775712,0.06512645543775712
61.58333333333333,0.06513484171204795,0.06513484171204795
61.625,0.06514332023692376,0.06514332023692376
61.666666666666664,0.06515185642825023,0.06515185642825023
61.70833333333333,0.06516041624315032,0.06516041624315032
61.75,0.06516895737996299,0.06516895737996299
61.791666666666664,0.06517743857914839,0.06517743857914839
61.83333333333333,0.0651858130326901,0.0651858130326901
61.875,0.06519403296365732,0.06519403296365732
61.916666666666664,0.06520204906617727,0.06520204906617727
61.95833333333333,0.06520981021156766,0.06520981021156766
62.0,0.06521726570258249,0.06521726570258249
62.041666666666664,0.06522439426142639,0.06522439426142639
62.08333333333333,0.0652312906099825,0.0652312906099825
62.125,0.0652380569682576,0.0652380569682576
62.166666666666664,0.06524477287726911,0.06524477287726911
62.20833333333333,0.06525150996891295,0.06525150996891295
62.25,0.06525832201534178,0.06525832201534178
62.291666666666664,0.06526525267936936,0.06526525267936936
62.33333333333333,0.06527233180387026,0.06527233180387026
62.375,0.06527957671053804,0.06527957671053804
62.416666666666664,0.06528699441426988,0.06528699441426988
62.45833333333333,0.06529458230221213,0.06529458230221213
62.5,0.06530233166514159,0.06530233166514159
62.541666666666664,0.06531022564199912,0.06531022564199912
62.58333333333333,0.0653182411409694,0.0653182411409694
62.625,0.06532634966236797,0.06532634966236797
62.666666666666664,0.06533451661994673,0.06533451661994673
62.70833333333333,0.06534270796973682,0.06534270796973682
62.75,0.0653508814076466,0.0653508814076466
62.791666666666664,0.06535899567321855,0.06535899567321855
62.83333333333333,0.06536700395703429,0.06536700395703429
62.875,0.06537485847997744,0.06537485847997744
62.916666666666664,0.06538250993587051,0.06538250993587051
62.95833333333333,0.0653899071926898,0.0653899071926898
63.0,0.0653969995534647,0.0653969995534647
63.041666666666664,0.06540376573893934,0.06540376573893934
63.08333333333333,0.06541030046671753,0.06541030046671753
63.125,0.0654167059562402,0.0654167059562402
63.166666666666664,0.06542306174787069,0.06542306174787069
63.20833333333333,0.06542943947116008,0.06542943947116008
63.25,0.06543589289704572,0.06543589289704572
63.291666666666664,0.06544246568679646,0.06544246568679646
63.33333333333333,0.06544918768165094,0.06544918768165094
63.375,0.06545607620181194,0.06545607620181194
63.416666666666664,0.06546313826071362,0.06546313826071362
63.45833333333333,0.06547037124310714,0.06547037124310714
63.5,0.06547776644057852,0.06547776644057852
63.541666666666664,0.06548530698894485,0.06548530698894485
63.58333333333333,0.06549296979485635,0.06549296979485635
63.625,0.06550072635739485,0.06550072635739485
63.666666666666664,0.06550854208830564,0.06550854208830564
63.70833333333333,0.06551638294257636,0.06551638294257636
63.75,0.0655242066138095,0.0655242066138095
63.791666666666664,0.06553197184066939,0.06553197184066939
63.83333333333333,0.06553963181240398,0.06553963181240398
63.875,0.06554713874782105,0.06554713874782105
63.916666666666664,0.0655544433404458,0.0655544433404458
63.95833333333333,0.06556149445508694,0.06556149445508694
64.0,0.06556824139502414,0.06556824139502414
64.04166666666666,0.06557466287962331,0.06557466287962331
64.08333333333333,0.0655808536224114,0.0655808536224114
64.125,0.06558691584229479,0.06558691584229479
64.16666666666666,0.0655929290790113,0.0655929290790113
64.20833333333333,0.06559896495988479,0.06559896495988479
64.25,0.06560507725469512,0.06560507725469512
64.29166666666666,0.06561130962324123,0.06561130962324123
64.33333333333333,0.06561769190520593,0.06561769190520593
64.375,0.0656242414193737,0.0656242414193737
64.41666666666666,0.06563096517778673,0.06563096517778673
64.45833333333333,0.06563786056292213,0.06563786056292213
64.5,0.06564491886712433,0.06564491886712433
64.54166666666666,0.06565212322324632,0.06565212322324632
64.58333333333333,0.06565945053647884,0.06565945053647884
64.625,0.06566687230472863,0.06566687230472863
64.66666666666666,0.06567435393783576,0.06567435393783576
64.70833333333333,0.06568186138979086,0.06568186138979086
64.75,0.06568935235200855,0.06568935235200855
64.79166666666666,0.0656967855623131,0.0656967855623131
64.83333333333333,0.06570411420868397,0.06570411420868397
64.875,0.065711290507957,0.065711290507957
64.91666666666666,0.06571826515336811,0.06571826515336811
64.95833333333333,0.06572498700672226,0.06572498700672226
65.0,0.06573140537152711,0.06573140537152711
65.04166666666666,0.06573749896584728,0.06573749896584728
65.08333333333333,0.06574336249932611,0.06574336249932611
65.125,0.0657490981903648,0.0657490981903648
65.16666666666666,0.06575478557810324,0.06575478557810324
65.20833333333333,0.06576049628774937,0.06576049628774937
65.25,0.0657662840879809,0.0657662840879809
65.29166666666666,0.06577219263719832,0.06577219263719832
65.33333333333333,0.0657782517736046,0.0657782517736046
65.375,0.06578447881463492,0.06578447881463492
65.41666666666666,0.0657908807710072,0.0657908807710072
65.45833333333333,0.0657974550230391,0.0657974550230391
65.5,0.0658041928637867,0.0658041928637867
65.54166666666666,0.06581107742328987,0.06581107742328987
65.58333333333333,0.06581808560535105,0.06581808560535105
65.625,0.06582518890675787,0.06582518890675787
65.66666666666666,0.0658323527355412,0.0658323527355412
65.70833333333333,0.06583954304473946,0.06583954304473946
65.75,0.06584671752369088,0.06584671752369088
65.79166666666666,0.06585383490941651,0.06585383490941651
65.83333333333333,0.06586084838868933,0.06586084838868933
65.875,0.06586771017647165,0.06586771017647165
65.91666666666666,0.06587437096571869,0.06587437096571869
65.95833333333333,0.06588077961538633,0.06588077961538633
66.0,0.06588688542919025,0.06588688542919025
66.04166666666666,0.06589266712396556,0.06589266712396556
66.08333333333333,0.0658982194056569,0.0658982194056569
66.125,0.06590364449218747,0.06590364449218747
66.16666666666666,0.06590902192212604,0.06590902192212604
66.20833333333333,0.06591442331867008,0.06591442331867008
66.25,0.06591990244944795,0.06591990244944795
66.29166666666666,0.0659255029715296,0.0659255029715296
66.33333333333333,0.06593125472171056,0.06593125472171056
66.375,0.06593717501614234,0.06593717501614234
66.41666666666666,0.06594327086428295,0.06594327086428295
66.45833333333333,0.06594953964439913,0.06594953964439913
66.5,0.06595597265021563,0.06595597265021563
66.54166666666666,0.06596255300910174,0.06596255300910174
66.58333333333333,0.0659692576235393,0.0659692576235393
66.625,0.0659760579892504,0.0659760579892504
66.66666666666666,0.06598291951254753,0.06598291951254753
66.70833333333333,0.0659898081455601,0.0659898081455601
66.75,0.06599668157565522,0.06599668157565522
66.79166666666666,0.06600349853908645,0.06600349853908645
66.83333333333333,0.06601021222147918,0.06601021222147918
66.875,0.06601677483601551,0.06601677483601551
66.91666666666666,0.06602313707537892,0.06602313707537892
66.95833333333333,0.06602924779582212,0.06602924779582212
67.0,0.06603505630125116,0.06603505630125116
67.04166666666666,0.06604054130733879,0.06604054130733879
67.08333333333333,0.06604579751650741,0.06604579751650741
67.125,0.06605092714622762,0.06605092714622762
67.16666666666666,0.066056009734523,0.066056009734523
67.20833333333333,0.06606111690268043,0.06606111690268043
67.25,0.06606630241732939,0.06606630241732939
67.29166666666666,0.06607160993427393,0.06607160993427393
67.33333333333333,0.06607706928897084,0.06607706928897084
67.375,0.06608269779635058,0.06608269779635058
67.41666666666666,0.06608850246467245,0.06608850246467245
67.45833333333333,0.06609448067025493,0.06609448067025493
67.5,0.0661006237074521,0.0661006237074521
67.54166666666666,0.06610691470109722,0.06610691470109722
67.58333333333333,0.06611333055241601,0.06611333055241601
67.625,0.066119842756116,0.066119842756116
67.66666666666666,0.06612641671687752,0.06612641671687752
67.70833333333333,0.06613301838596235,0.06613301838596235
67.75,0.06613960544886612,0.06613960544886612
67.79166666666666,0.06614613664110923,0.06614613664110923
67.83333333333333,0.06615256514722569,0.06615256514722569
67.875,0.06615884317870575,0.06615884317870575
67.91666666666666,0.06616492142797044,0.06616492142797044
67.95833333333333,0.06617074874870701,0.06617074874870701
68.0,0.06617627444499631,0.06617627444499631
68.04166666666666,0.06618147723141156,0.06618147723141156
68.08333333333333,0.0661864518070211,0.0661864518070211
68.125,0.06619130038886699,0.06619130038886699
68.16666666666666,0.06619610251445254,0.06619610251445254
68.20833333333333,0.0662009298032488,0.0662009298032488
68.25,0.06620583602093444,0.06620583602093444
68.29166666666666,0.06621086482210915,0.06621086482210915
68.33333333333333,0.06621604604095634,0.06621604604095634
68.375,0.06622139699124485,0.06622139699124485
68.41666666666666,0.0662269246800937,0.0662269246800937
68.45833333333333,0.0662326264819703,0.0662326264819703
68.5,0.06623849369182151,0.06623849369182151
68.54166666666666,0.06624450943207212,0.06624450943207212
68.58333333333333,0.06625065060275294,0.06625065060275294
68.625,0.06625688869760565,0.06625688869760565
68.66666666666666,0.06626318911976006,0.06626318911976006
68.70833333333333,0.06626951781964999,0.06626951781964999
68.75,0.06627583248099406,0.06627583248099406
68.79166666666666,0.06628209183861253,0.06628209183861253
68.83333333333333,0.06628824907600138,0.06628824907600138
68.875,0.06629425640304301,0.06629425640304301
68.91666666666666,0.06630006451190523,0.06630006451190523
68.95833333333333,0.06630562225384017,0.06630562225384017
69.0,0.06631087893308929,0.06631087893308929
69.04166666666666,0.06631581326318527,0.06631581326318527
69.08333333333333,0.06632051994000326,0.06632051994000326
69.125,0.06632510118017898,0.06632510118017898
69.16666666666666,0.06632963652071958,0.06632963652071958
69.20833333333333,0.06633419757936995,0.06633419757936995
69.25,0.06633883812090391,0.06633883812090391
69.29166666666666,0.06634360179877535,0.06634360179877535
69.33333333333333,0.06634851844595656,0.06634851844595656
69.375,0.06635360537511126,0.06635360537511126
69.41666666666666,0.06635886959227369,0.06635886959227369
69.45833333333333,0.06636430847015228,0.06636430847015228
69.5,0.06636991330425326,0.06636991330425326
69.54166666666666,0.06637566721471325,0.06637566721471325
69.58333333333333,0.06638154710042647,0.06638154710042647
69.625,0.06638752445421525,0.06638752445421525
69.66666666666666,0.06639356467773619,0.06639356467773619
69.70833333333333,0.06639963372063333,0.06639963372063333
69.75,0.06640568926493749,0.06640568926493749
69.79166666666666,0.06641169004480064,0.06641169004480064
69.83333333333333,0.06641758924273168,0.06641758924273168
69.875,0.0664233390670845,0.0664233390670845
69.91666666666666,0.06642889020978336,0.06642889020978336
69.95833333333333,0.0664341915197682,0.0664341915197682
70.0,0.06643919230142875,0.06643919230142875
70.04166666666666,0.06644387126731234,0.06644387126731234
70.08333333333333,0.0664483231102542,0.0664483231102542
70.125,0.06645265004650458,0.06645265004650458
70.16666666666666,0.0664569316125978,0.0664569316125978
70.20833333333333,0.06646123942463765,0.06646123942463765
70.25,0.06646562724653693,0.06646562724653693
70.29166666666666,0.06647013873065948,0.06647013873065948
70.33333333333333,0.06647480370882541,0.06647480370882541
70.375,0.06647963949264732,0.06647963949264732
70.41666666666666,0.06648465308712746,0.06648465308712746
70.45833333333333,0.0664898418633025,0.0664898418633025
70.5,0.06649519711720717,0.06649519711720717
70.54166666666666,0.06650070196680373,0.06650070196680373
70.58333333333333,0.0665063333099053,0.0665063333099053
70.625,0.06651206263845927,0.06651206263845927
70.66666666666666,0.06651785535272223,0.06651785535272223
70.70833333333333,0.06652367740158513,0.06652367740158513
70.75,0.06652948646547552,0.06652948646547552
70.79166666666666,0.06653524127790764,0.06653524127790764
70.83333333333333,0.06654089502045166,0.06654089502045166
70.875,0.06654639990000843,0.06654639990000843
70.91666666666666,0.0665517066082682,0.0665517066082682
70.95833333333333,0.06655676399197505,0.06655676399197505
71.0,0.06656152135565584,0.06656152135565584
71.04166666666666,0.0665659574109244,0.0665659574109244
71.08333333333333,0.06657016684772235,0.06657016684772235
71.125,0.06657425188193417,0.06657425188193417
71.16666666666666,0.06657829204964351,0.06657829204964351
71.20833333333333,0.06658235896539387,0.06658235896539387
71.25,0.06658650639227881,0.06658650639227881
71.29166666666666,0.06659077798162506,0.06659077798162506
71.33333333333333,0.06659520356415687,0.06659520356415687
71.375,0.06659980045048687,0.06659980045048687
71.41666666666666,0.06660457564463562,0.06660457564463562
71.45833333333333,0.06660952651605082,0.06660952651605082
71.5,0.06661464436126671,0.06661464436126671
71.54166666666666,0.06661991229617935,0.06661991229617935
71.58333333333333,0.06662530721757345,0.06662530721757345
71.625,0.06663080061656362,0.06663080061656362
71.66666666666666,0.06663635789207614,0.06663635789207614
71.70833333333333,0.06664194499228379,0.06664194499228379
71.75,0.06664751959609101,0.06664751959609101
71.79166666666666,0.06665304043640369,0.06665304043640369
71.83333333333333,0.0666584606938993,0.0666584606938993
71.875,0.06666373257409723,0.06666373257409723
71.91666666666666,0.06666880676846312,0.06666880676846312
71.95833333333333,0.06667363212165538,0.06667363212165538
72.0,0.066678157938328,0.066678157938328
72.04166666666666,0.0666823629292101,0.0666823629292101
72.08333333333333,0.06668634178148908,0.06668634178148908
72.125,0.06669019671070203,0.06669019671070203
72.16666666666666,0.06669400725250359,0.06669400725250359
72.20833333333333,0.06669784501995332,0.06669784501995332
72.25,0.06670176377536545,0.06670176377536545
72.29166666666666,0.06670580716908006,0.06670580716908006
72.33333333333333,0.06671000503077897,0.06671000503077897
72.375,0.06671437467012359,0.06671437467012359
72.41666666666666,0.06671892309020071,0.06671892309020071
72.45833333333333,0.06672364765894723,0.06672364765894723
72.5,0.06672853967337081,0.06672853967337081
72.54166666666666,0.06673358224740313,0.06673358224740313
72.58333333333333,0.06673875227685064,0.06673875227685064
72.625,0.0667440212520356,0.0667440212520356
72.66666666666666,0.06674935457061977,0.06674935457061977
72.70833333333333,0.06675471818009146,0.06675471818009146
72.75,0.06676006975790773,0.06676006975790773
72.79166666666666,0.0667653680363944,0.0667653680363944
72.83333333333333,0.06677056619538009,0.06677056619538009
72.875,0.06677561643907055,0.06677561643907055
72.91666666666666,0.0667804694587164,0.0667804694587164
72.95833333333333,0.06678507409699425,0.06678507409699425
73.0,0.06678937965867664,0.06678937965867664
73.04166666666666,0.06679336485365359,0.06679336485365359
73.08333333333333,0.06679712436649134,0.06679712436649134
73.125,0.06680076041239698,0.06680076041239698
73.16666666666666,0.06680435252661658,0.06680435252661658
73.20833333333333,0.0668079723207985,0.0668079723207985
73.25,0.06681167355651568,0.06681167355651568
73.29166666666666,0.0668154998831695,0.0668154998831695
73.33333333333333,0.06681948112945013,0.06681948112945013
73.375,0.06682363460411422,0.06682363460411422
73.41666666666666,0.06682796730936022,0.06682796730936022
73.45833333333333,0.06683247661168872,0.06683247661168872
73.5,0.06683715380855594,0.06683715380855594
73.54166666666666,0.06684198201202597,0.06684198201202597
73.58333333333333,0.06684693811697485,0.06684693811697485
73.625,0.0668519936129708,0.0668519936129708
73.66666666666666,0.06685711389647372,0.06685711389647372
73.70833333333333,0.06686226491431953,0.06686226491431953
73.75,0.06686740434258984,0.06686740434258984
73.79166666666666,0.06687249091305744,0.06687249091305744
73.83333333333333,0.06687747780474376,0.06687747780474376
73.875,0.0668823172206054,0.0668823172206054
73.91666666666666,0.06688695985168716,0.06688695985168716
73.95833333333333,0.06689135453878269,0.06689135453878269
74.0,0.06689545058677486,0.06689545058677486
74.04166666666666,0.06689922670475784,0.06689922670475784
74.08333333333333,0.0669027775748035,0.0669027775748035
74.125,0.06690620541180509,0.06690620541180509
74.16666666666666,0.06690958975062006,0.06690958975062006
74.20833333333333,0.06691300220155434,0.06691300220155434
74.25,0.06691649652547577,0.06691649652547577
74.29166666666666,0.0669201163708928,0.0669201163708928
74.33333333333333,0.06692389156555227,0.06692389156555227
74.375,0.06692783941735016,0.06692783941735016
74.41666666666666,0.06693196692763996,0.06693196692763996
74.45833333333333,0.06693627146155631,0.06693627146155631
74.5,0.06694074431698145,0.06694074431698145
74.54166666666666,0.06694536860420339,0.06694536860420339
74.58333333333333,0.06695012121721304,0.06695012121721304
74.625,0.06695497364486132,0.06695497364486132
74.66666666666666,0.0669598912824655,0.0669598912824655
74.70833333333333,0.06696484007623993,0.06696484007623993
74.75,0.0669697777009589,0.0669697777009589
74.79166666666666,0.06697466288786802,0.06697466288786802
74.83333333333333,0.06697944881522136,0.06697944881522136
74.875,0.06698408768478738,0.06698408768478738
74.91666666666666,0.06698853018741444,0.06698853018741444
74.95833333333333,0.0669927251621062,0.0669927251621062
75.0,0.06699662191384928,0.06699662191384928
75.04166666666666,0.0670001991509822,0.0670001991509822
75.08333333333333,0.06700355155320338,0.06700355155320338
75.125,0.06700678133510762,0.06700678133510762
75.16666666666666,0.06700996803118266,0.06700996803118266
75.20833333333333,0.06701318325045741,0.06701318325045741
75.25,0.0670164807531292,0.0670164807531292
75.29166666666666,0.06701990418685691,0.06701990418685691
75.33333333333333,0.06702348337849004,0.06702348337849004
75.375,0.06702723563510589,0.06702723563510589
75.41666666666666,0.06703116795725429,0.06703116795725429
75.45833333333333,0.06703527770877067,0.06703527770877067
75.5,0.06703955618794212,0.06703955618794212
75.54166666666666,0.06704398650336738,0.06704398650336738
75.58333333333333,0.0670485455481954,0.0670485455481954
75.625,0.06705320481059475,0.06705320481059475
75.66666666666666,0.06705792968479639,0.06705792968479639
75.70833333333333,0.06706268611642245,0.06706268611642245
75.75,0.06706743177900455,0.06706743177900455
75.79166666666666,0.06707212540328605,0.06707212540328605
75.83333333333333,0.06707672016679131,0.06707672016679131
75.875,0.06708116827015875,0.06708116827015875
75.91666666666666,0.06708542040404925,0.06708542040404925
75.95833333333333,0.06708942540576492,0.06708942540576492
76.0,0.06709313258038974,0.06709313258038974
76.04166666666666,0.0670965206355448,0.0670965206355448
76.08333333333333,0.06709968424867037,0.06709968424867037
76.125,0.06710272563407706,0.06710272563407706
76.16666666666666,0.06710572432590117,0.06710572432590117
76.20833333333333,0.0671087519319566,0.0671087519319566
76.25,0.06711186221180315,0.06711186221180315
76.29166666666666,0.06711509881229147,0.06711509881229147
76.33333333333333,0.06711849155941735,0.06711849155941735
76.375,0.06712205775947945,0.06712205775947945
76.41666666666666,0.06712580441226307,0.06712580441226307
76.45833333333333,0.06712972888036799,0.06712972888036799
76.5,0.0671338224624663,0.0671338224624663
76.54166666666666,0.06713806826554979,0.06713806826554979
76.58333333333333,0.06714244318196659,0.06714244318196659
76.625,0.06714691869923614,0.06714691869923614
76.66666666666666,0.06715146021055649,0.06715146021055649
76.70833333333333,0.06715603366098578,0.06715603366098578
76.75,0.06716059672287414,0.06716059672287414
76.79166666666666,0.06716510812648649,0.06716510812648649
76.83333333333333,0.0671695210486534,0.0671695210486534
76.875,0.06717378768893836,0.06717378768893836
76.91666666666666,0.06717785873782361,0.06717785873782361
76.95833333333333,0.06718168303099342,0.06718168303099342
77.0,0.06718520987362356,0.06718520987362356
77.04166666666666,0.0671884179726536,0.0671884179726536
77.08333333333333,0.06719140200337537,0.06719140200337537
77.125,0.06719426417982897,0.06719426417982897
77.16666666666666,0.06719708403581671,0.06719708403581671
77.20833333333333,0.06719993317799636,0.06719993317799636
77.25,0.06720286536532145,0.06720286536532145
77.29166666666666,0.06720592424387382,0.06720592424387382
77.33333333333333,0.06720913963883714,0.06720913963883714
77.375,0.0672125288557694,0.0672125288557694
77.41666666666666,0.06721609889372872,0.06721609889372872
77.45833333333333,0.06721984711413931,0.06721984711413931
77.5,0.06722376481604017,0.06722376481604017
77.54166666666666,0.06722783510489397,0.06722783510489397
77.58333333333333,0.06723203487228707,0.06723203487228707
77.625,0.0672363356051215,0.0672363356051215
77.66666666666666,0.06724070269561312,0.06724070269561312
77.70833333333333,0.06724510208828301,0.06724510208828301
77.75,0.06724949145435785,0.06724949145435785
77.79166666666666,0.0672538295236469,0.0672538295236469
77.83333333333333,0.06725806947232116,0.06725806947232116
77.875,0.06726216349892154,0.06726216349892154
77.91666666666666,0.06726606229376021,0.06726606229376021
77.95833333333333,0.06726971469098288,0.06726971469098288
78.0,0.06727306999585218,0.06727306999585218
78.04166666666666,0.06727610691465997,0.06727610691465997
78.08333333333333,0.06727892012065442,0.06727892012065442
78.125,0.06728161182761776,0.06728161182761776
78.16666666666666,0.06728426156903496,0.06728426156903496
78.20833333333333,0.06728694095046366,0.06728694095046366
78.25,0.06728970373028106,0.06728970373028106
78.29166666666666,0.06729259355383756,0.06729259355383756
78.33333333333333,0.06729564024554419,0.06729564024554419
78.375,0.06729886111025449,0.06729886111025449
78.41666666666666,0.06730226314633496,0.06730226314633496
78.45833333333333,0.06730584371409132,0.06730584371409132
78.5,0.06730959411291229,0.06730959411291229
78.54166666666666,0.06731349744680552,0.06731349744680552
78.58333333333333,0.06731753060663266,0.06731753060663266
78.625,0.06732166507870858,0.06732166507870858
78.66666666666666,0.06732586625431511,0.06732586625431511
78.70833333333333,0.06733010007746192,0.06733010007746192
78.75,0.06733432421830736,0.06733432421830736
78.79166666666666,0.06733849740622687,0.06733849740622687
78.83333333333333,0.0673425728167644,0.0673425728167644
78.875,0.06734650264748791,0.06734650264748791
78.91666666666666,0.06735023758854794,0.06735023758854794
78.95833333333333,0.06735372647262677,0.06735372647262677
79.0,0.06735691860506952,0.06735691860506952
79.04166666666666,0.06735979269155226,0.06735979269155226
79.08333333333333,0.06736244340337903,0.06736244340337903
79.125,0.06736497295408637,0.06736497295408637
79.16666666666666,0.06736746087685794,0.06736746087685794
79.20833333333333,0.06736997877620426,0.06736997877620426
79.25,0.06737258040995471,0.06737258040995471
79.29166666666666,0.0673753094227638,0.0673753094227638
79.33333333333333,0.06737819563830764,0.06737819563830764
79.375,0.06738125636076964,0.06738125636076964
79.41666666666666,0.06738449858785846,0.06738449858785846
79.45833333333333,0.06738791967881552,0.06738791967881552
79.5,0.06739151093336344,0.06739151093336344
79.54166666666666,0.06739525545412482,0.06739525545412482
79.58333333333333,0.06739913013127212,0.06739913013127212
79.625,0.0674031064505617,0.0674031064505617
79.66666666666666,0.0674071498023871,0.0674071498023871
79.70833333333333,0.06741122613027115,0.06741122613027115
79.75,0.06741529310335614,0.06741529310335614
79.79166666666666,0.06741930945060455,0.06741930945060455
79.83333333333333,0.06742322834696421,0.06742322834696421
79.875,0.06742700198907732,0.06742700198907732
79.91666666666666,0.06743058106694096,0.06743058106694096
79.95833333333333,0.0674339144118452,0.0674339144118452
80.0,0.0674369513292137,0.0674369513292137
80.04166666666666,0.06743967052413687,0.06743967052413687
80.08333333333333,0.06744216666606961,0.06744216666606961
80.125,0.06744454196831415,0.06744454196831415
80.16666666666666,0.06744687596376805,0.06744687596376805
80.20833333333333,0.06744924025594523,0.06744924025594523
80.25,0.06745168860215434,0.06745168860215434
80.29166666666666,0.06745426464638792,0.06745426464638792
80.33333333333333,0.06745699821162278,0.06745699821162278
80.375,0.06745990660140501,0.06745990660140501
80.41666666666666,0.06746299681281764,0.06746299681281764
80.45833333333333,0.0674662662040892,0.0674662662040892
80.5,0.06746970607526126,0.06746970607526126
80.54166666666666,0.06747329952763802,0.06747329952763802
80.58333333333333,0.06747702345073624,0.06747702345073624
80.625,0.06748084932978135,0.06748084932978135
80.66666666666666,0.06748474255432187,0.06748474255432187
80.70833333333333,0.06748866906741727,0.06748866906741727
80.75,0.06749258653724344,0.06749258653724344
80.79166666666666,0.06749645369236978,0.06749645369236978
80.83333333333333,0.06750022370717743,0.06750022370717743
80.875,0.06750384877742772,0.06750384877742772
80.91666666666666,0.06750727959297208,0.06750727959297208
80.95833333333333,0.06751046498377604,0.06751046498377604
81.0,0.0675133542553382,0.0675133542553382
81.04166666666666,0.06751592611219175,0.06751592611219175
81.08333333333333,0.06751827522203288,0.06751827522203288
81.125,0.06752050379794029,0.06752050379794029
81.16666666666666,0.06752269137254009,0.06752269137254009
81.20833333333333,0.06752490954839742,0.06752490954839742
81.25,0.06752721208232607,0.06752721208232607
81.29166666666666,0.06752964261768882,0.06752964261768882
81.33333333333333,0.06753223097679723,0.06753223097679723
81.375,0.06753499446259116,0.06753499446259116
81.41666666666666,0.06753794007155861,0.06753794007155861
81.45833333333333,0.06754106516096413,0.06754106516096413
81.5,0.06754436103115428,0.06754436103115428
81.54166666666666,0.06754781078217796,0.06754781078217796
81.58333333333333,0.06755139130292834,0.06755139130292834
81.625,0.06755507407812583,0.06755507407812583
81.66666666666666,0.06755882449651529,0.06755882449651529
81.70833333333333,0.0675626085007152,0.0675626085007152
81.75,0.06756638375798206,0.06756638375798206
81.79166666666666,0.06757010899651131,0.06757010899651131
81.83333333333333,0.06757373739014537,0.06757373739014537
81.875,0.06757722113380733,0.06757722113380733
81.91666666666666,0.06758051091721057,0.06758051091721057
81.95833333333333,0.06758355556906015,0.06758355556906015
82.0,0.06758630439492651,0.06758630439492651
82.04166666666666,0.0675887360988124,0.0675887360988124
82.08333333333333,0.06759094534674158,0.06759094534674158
82.125,0.06759303435157928,0.06759303435157928
82.16666666666666,0.06759508264569407,0.06759508264569407
82.20833333333333,0.06759716183074793,0.06759716183074793
82.25,0.0675993256630843,0.0675993256630843
82.29166666666666,0.06760161778546687,0.06760161778546687
82.33333333333333,0.06760406801957429,0.06760406801957429
82.375,0.0676066936677699,0.0676066936677699
82.41666666666666,0.06760950172597571,0.06760950172597571
82.45833333333333,0.06761248955053857,0.06761248955053857
82.5,0.06761564844209729,0.06761564844209729
82.54166666666666,0.06761896149950526,0.06761896149950526
82.58333333333333,0.06762240561106235,0.06762240561106235
82.625,0.067625952261009,0.067625952261009
82.66666666666666,0.06762956683732545,0.06762956683732545
82.70833333333333,0.06763321528221053,0.06763321528221053
82.75,0.06763685526204608,0.06763685526204608
82.79166666666666,0.06764044550467176,0.06764044550467176
82.83333333333333,0.06764393918341799,0.06764393918341799
82.875,0.0676472884924099,0.0676472884924099
82.91666666666666,0.06765044412123045,0.06765044412123045
82.95833333333333,0.0676533548973848,0.0676533548973848
83.0,0.06765597012651262,0.06765597012651262
83.04166666666666,0.06765826851211146,0.06765826851211146
83.08333333333333,0.06766034471861468,0.06766034471861468
83.125,0.06766230095868367,0.06766230095868367
83.16666666666666,0.06766421676444283,0.06766421676444283
83.20833333333333,0.06766616373669417,0.06766616373669417
83.25,0.06766819563133418,0.06766819563133418
83.29166666666666,0.06767035609055674,0.06767035609055674
83.33333333333333,0.06767267493543828,0.06767267493543828
83.375,0.06767516946779378,0.06767516946779378
83.41666666666666,0.06767784668300698,0.06767784668300698
83.45833333333333,0.06768070393655116,0.06768070393655116
83.5,0.06768373252934497,0.06768373252934497
83.54166666666666,0.06768691555910325,0.06768691555910325
83.58333333333333,0.06769022991356162,0.06769022991356162
83.625,0.06769364707650406,0.06769364707650406
83.66666666666666,0.06769713243518348,0.06769713243518348
83.70833333333333,0.06770065193139943,0.06770065193139943
83.75,0.06770416323070151,0.06770416323070151
83.79166666666666,0.067707625060591,0.067707625060591
83.83333333333333,0.06771099059391165,0.06771099059391165
83.875,0.06771421202402916,0.06771421202402916
83.91666666666666,0.06771724004040303,0.06771724004040303
83.95833333333333,0.06772002346939639,0.06772002346939639
84.0,0.06772251161671536,0.06772251161671536
84.04166666666666,0.06772468318537646,0.06772468318537646
84.08333333333333,0.06772663283830078,0.06772663283830078
84.125,0.0677284627879549,0.0677284627879549
84.16666666666666,0.06773025256623183,0.06773025256623183
84.20833333333333,0.06773207377311465,0.06773207377311465
84.25,0.06773398016407528,0.06773398016407528
84.29166666666666,0.06773601538076537,0.06773601538076537
84.33333333333333,0.06773820924368851,0.06773820924368851
84.375,0.0677405790541381,0.0677405790541381
84.41666666666666,0.06774313180698599,0.06774313180698599
84.45833333333333,0.06774586485687367,0.06774586485687367
84.5,0.06774876950498826,0.06774876950498826
84.54166666666666,0.06775182884796002,0.06775182884796002
84.58333333333333,0.0677550197729878,0.0677550197729878
84.625,0.06775831376342177,0.06775831376342177
84.66666666666666,0.0677616762058227,0.0677616762058227
84.70833333333333,0.06776507304161035,0.06776507304161035
84.75,0.06776846193554244,0.06776846193554244
84.79166666666666,0.06777180161479837,0.06777180161479837
84.83333333333333,0.06777504525175938,0.06777504525175938
84.875,0.06777814503906822,0.06777814503906822
84.91666666666666,0.06778105166606789,0.06778105166606789
84.95833333333333,0.06778371395803412,0.06778371395803412
85.0,0.06778608122073733,0.06778608122073733
85.04166666666666,0.06778813215673564,0.06778813215673564
85.08333333333333,0.06778996142751227,0.06778996142751227
85.125,0.06779167124534757,0.06779167124534757
85.16666666666666,0.0677933411419153,0.0677933411419153
85.20833333333333,0.06779504271641865,0.06779504271641865
85.25,0.06779682972392617,0.06779682972392617
85.29166666666666,0.06779874580557378,0.06779874580557378
85.33333333333333,0.06780082078131996,0.06780082078131996
85.375,0.0678030719519621,0.0678030719519621
85.41666666666666,0.0678055063118852,0.0678055063118852
85.45833333333333,0.06780812121493873,0.06780812121493873
85.5,0.06781090796256752,0.06781090796256752
85.54166666666666,0.06781384965036852,0.06781384965036852
85.58333333333333,0.06781692316502998,0.06781692316502998
85.625,0.0678200999894897,0.0678200999894897
85.66666666666666,0.06782334550964988,0.06782334550964988
85.70833333333333,0.06782662566656912,0.06782662566656912
85.75,0.06782989812425136,0.06782989812425136
85.79166666666666,0.06783312160957011,0.06783312160957011
85.83333333333333,0.06783624929446698,0.06783624929446698
85.875,0.06783923337089649,0.06783923337089649
85.91666666666666,0.06784202452809175,0.06784202452809175
85.95833333333333,0.06784457159029304,0.06784457159029304
86.0,0.06784682386333307,0.06784682386333307
86.04166666666666,0.06784876004933299,0.06784876004933299
86.08333333333333,0.06785047480840896,0.06785047480840896
86.125,0.06785207035266332,0.06785207035266332
86.16666666666666,0.06785362621356208,0.06785362621356208
86.20833333333333,0.0678552139895657,0.0678552139895657
86.25,0.06785688743535956,0.06785688743535956
86.29166666666666,0.06785869019158892,0.06785869019158892
86.33333333333333,0.06786065207769369,0.06786065207769369
86.375,0.06786279039399945,0.06786279039399945
86.41666666666666,0.06786511213442824,0.06786511213442824
86.45833333333333,0.06786761465207526,0.06786761465207526
86.5,0.06787028924863296,0.06787028924863296
86.54166666666666,0.06787311901871365,0.06787311901871365
86.58333333333333,0.06787608084851993,0.06787608084851993
86.625,0.0678791462205976,0.0678791462205976
86.66666666666666,0.06788228052022222,0.06788228052022222
86.70833333333333,0.06788544968810885,0.06788544968810885
86.75,0.06788861138754407,0.06788861138754407
86.79166666666666,0.06789172434511057,0.06789172434511057
86.83333333333333,0.06789474173233215,0.06789474173233215
86.875,0.06789761574050815,0.06789761574050815
86.91666666666666,0.06790029705876806,0.06790029705876806
86.95833333333333,0.06790273451036609,0.06790273451036609
87.0,0.0679048774011954,0.0679048774011954
87.04166666666666,0.06790670443296053,0.06790670443296053
87.08333333333333,0.06790831026447791,0.06790831026447791
87.125,0.06790979710767964,0.06790979710767964
87.16666666666666,0.06791124449383505,0.06791124449383505
87.20833333333333,0.06791272402069709,0.06791272402069709
87.25,0.06791428944258726,0.06791428944258726
87.29166666666666,0.06791598439968405,0.06791598439968405
87.33333333333333,0.06791783871093389,0.06791783871093389
87.375,0.06791986967621375,0.06791986967621375
87.41666666666666,0.06792208428900529,0.06792208428900529
87.45833333333333,0.06792447990168544,0.06792447990168544
87.5,0.06792704781618454,0.06792704781618454
87.54166666666666,0.06792977112617672,0.06792977112617672
87.58333333333333,0.06793262671740251,0.06793262671740251
87.625,0.06793558607203522,0.06793558607203522
87.66666666666666,0.06793861457475406,0.06793861457475406
87.70833333333333,0.06794167816594739,0.06794167816594739
87.75,0.06794473450821899,0.06794473450821899
87.79166666666666,0.06794774232787515,0.06794774232787515
87.83333333333333,0.06795065479604259,0.06795065479604259
87.875,0.06795342410339685,0.06795342410339685
87.91666666666666,0.06795600093896986,0.06795600093896986
87.95833333333333,0.06795833412507665,0.06795833412507665
88.0,0.06796037296766913,0.06796037296766913
88.04166666666666,0.06796209616805438,0.06796209616805438
88.08333333333333,0.06796359838381352,0.06796359838381352
88.125,0.06796498182671562,0.06796498182671562
88.16666666666666,0.06796632602784382,0.06796632602784382
88.20833333333333,0.06796770258427717,0.06796770258427717
88.25,0.06796916524999143,0.06796916524999143
88.29166666666666,0.06797075766472116,0.06797075766472116
88.33333333333333,0.0679725096469433,0.0679725096469433
88.375,0.06797443849610807,0.06797443849610807
88.41666666666666,0.06797655120527843,0.06797655120527843
88.45833333333333,0.06797884512614705,0.06797884512614705
88.5,0.06798131156087335,0.06798131156087335
88.54166666666666,0.06798393360223708,0.06798393360223708
88.58333333333333,0.0679866881355393,0.0679866881355393
88.625,0.0679895466425993,0.0679895466425993
88.66666666666666,0.06799247450752874,0.06799247450752874
88.70833333333333,0.06799543767040539,0.06799543767040539
88.75,0.06799839379318294,0.06799839379318294
88.79166666666666,0.06800130160190507,0.06800130160190507
88.83333333333333,0.06800411426732121,0.06800411426732121
88.875,0.06800678397951279,0.06800678397951279
88.91666666666666,0.06800926142742023,0.06800926142742023
88.95833333333333,0.0680114954324637,0.0680114954324637
89.0,0.06801343530065244,0.06801343530065244
89.04166666666666,0.06801505973291436,0.06801505973291436
89.08333333333333,0.0680164633856562,0.0680164633856562
89.125,0.06801774847049098,0.06801774847049098
89.16666666666666,0.06801899451832576,0.06801899451832576
89.20833333333333,0.06802027312559747,0.06802027312559747
89.25,0.06802163804595365,0.06802163804595365
89.29166666666666,0.06802313291870653,0.06802313291870653
89.33333333333333,0.06802478756188626,0.06802478756188626
89.375,0.06802661927453728,0.06802661927453728
89.41666666666666,0.06802863504932434,0.06802863504932434
89.45833333333333,0.06803083223728827,0.06803083223728827
89.5,0.06803320214080918,0.06803320214080918
89.54166666666666,0.0680357278518141,0.0680357278518141
89.58333333333333,0.0680383862551861,0.0680383862551861
89.625,0.06804114883240804,0.06804114883240804
89.66666666666666,0.06804398096705142,0.06804398096705142
89.70833333333333,0.06804684859889872,0.06804684859889872
89.75,0.06804970938928474,0.06804970938928474
89.79166666666666,0.06805252206400363,0.06805252206400363
89.83333333333333,0.06805523979344631,0.06805523979344631
89.875,0.06805781476712845,0.06805781476712845
89.91666666666666,0.0680601976739046,0.0680601976739046
89.95833333333333,0.06806233733434222,0.06806233733434222
90.0,0.06806418305450666,0.06806418305450666
90.04166666666666,0.06806571353496384,0.06806571353496384
90.08333333333333,0.06806702343100432,0.06806702343100432
90.125,0.06806821495409161,0.06806821495409161
90.16666666666666,0.06806936763496622,0.06806936763496622
90.20833333333333,0.06807055306945341,0.06807055306945341
90.25,0.06807182501088893,0.06807182501088893
90.29166666666666,0.06807322709818324,0.06807322709818324
90.33333333333333,0.0680747891489415,0.0680747891489415
90.375,0.06807652846182213,0.06807652846182213
90.41666666666666,0.0680784520291113,0.0680784520291113
90.45833333333333,0.06808055720122871,0.06808055720122871
90.5,0.06808283528076721,0.06808283528076721
90.54166666666666,0.06808526935884081,0.06808526935884081
90.58333333333333,0.06808783631993498,0.06808783631993498
90.625,0.0680905076452129,0.0680905076452129
90.66666666666666,0.06809324871773187,0.06809324871773187
90.70833333333333,0.06809602547699375,0.06809602547699375
90.75,0.06809879558374403,0.06809879558374403
90.79166666666666,0.06810151776353986,0.06810151776353986
90.83333333333333,0.06810414518643144,0.06810414518643144
90.875,0.06810663004139576,0.06810663004139576
90.91666666666666,0.0681089230172067,0.0681089230172067
90.95833333333333,0.06811097293361926,0.06811097293361926
91.0,0.06811272909675362,0.06811272909675362
91.04166666666666,0.06811417020683004,0.06811417020683004
91.08333333333333,0.06811539091807836,0.06811539091807836
91.125,0.06811649344181878,0.06811649344181878
91.16666666666666,0.06811755730863442,0.06811755730863442
91.20833333333333,0.06811865411376754,0.06811865411376754
91.25,0.06811983761025803,0.06811983761025803
91.29166666666666,0.06812115143663411,0.06812115143663411
91.33333333333333,0.06812262541009645,0.06812262541009645
91.375,0.06812427682893653,0.06812427682893653
91.41666666666666,0.06812611268508031,0.06812611268508031
91.45833333333333,0.06812813032835588,0.06812813032835588
91.5,0.06813032106156104,0.06813032106156104
91.54166666666666,0.06813266797503466,0.06813266797503466
91.58333333333333,0.06813514795288392,0.06813514795288392
91.625,0.06813773247596835,0.06813773247596835
91.66666666666666,0.06814038692685571,0.06814038692685571
91.70833333333333,0.0681430772447812,0.0681430772447812
91.75,0.06814576108992908,0.06814576108992908
91.79166666666666,0.06814839718763145,0.06814839718763145
91.83333333333333,0.06815093870761482,0.06815093870761482
91.875,0.06815333783834301,0.06815333783834301
91.91666666666666,0.06815554526851446,0.06815554526851446
91.95833333333333,0.06815750981710987,0.06815750981710987
92.0,0.06815918079030304,0.06815918079030304
92.04166666666666,0.06816053688798421,0.06816053688798421
92.08333333333333,0.068161672763375,0.068161672763375
92.125,0.06816269062765838,0.06816269062765838
92.16666666666666,0.06816367001126868,0.06816367001126868
92.20833333333333,0.0681646825088926,0.0681646825088926
92.25,0.06816578187328912,0.06816578187328912
92.29166666666666,0.06816701174262288,0.06816701174262288
92.33333333333333,0.06816840193370971,0.06816840193370971
92.375,0.06816996974449198,0.06816996974449198
92.41666666666666,0.06817172216655332,0.06817172216655332
92.45833333333333,0.06817365654915788,0.06817365654915788
92.5,0.06817576419530139,0.06817576419530139
92.54166666666666,0.0681780281945833,0.0681780281945833
92.58333333333333,0.06818042543075109,0.06818042543075109
92.625,0.0681829273843757,0.0681829273843757
92.66666666666666,0.06818549943755894,0.06818549943755894
92.70833333333333,0.06818810752928255,0.06818810752928255
92.75,0.06819070931919631,0.06819070931919631
92.79166666666666,0.0681932635324187,0.0681932635324187
92.83333333333333,0.06819572333836861,0.06819572333836861
92.875,0.06819804092502108,0.06819804092502108
92.91666666666666,0.06820016698100403,0.06820016698100403
92.95833333333333,0.06820205032456006,0.06820205032456006
93.0,0.06820364026191562,0.06820364026191562
93.04166666666666,0.06820491549264551,0.06820491549264551
93.08333333333333,0.06820597066901356,0.06820597066901356
93.125,0.06820690800207083,0.06820690800207083
93.16666666666666,0.06820780702211127,0.06820780702211127
93.20833333333333,0.06820873932329209,0.06820873932329209
93.25,0.06820975865810552,0.06820975865810552
93.29166666666666,0.0682109086643704,0.0682109086643704
93.33333333333333,0.06821221915853638,0.06821221915853638
93.375,0.06821370743821387,0.06821370743821387
93.41666666666666,0.0682153804946609,0.0682153804946609
93.45833333333333,0.06821723567660415,0.06821723567660415
93.5,0.06821926428723067,0.06821926428723067
93.54166666666666,0.06822144941543448,0.06822144941543448
93.58333333333333,0.06822376794462083,0.06822376794462083
93.625,0.0682261913550866,0.0682261913550866
93.66666666666666,0.06822868502848996,0.06822868502848996
93.70833333333333,0.06823121490357179,0.06823121490357179
93.75,0.06823373863947287,0.06823373863947287
93.79166666666666,0.06823621496110875,0.06823621496110875
93.83333333333333,0.0682385970376062,0.0682385970376062
93.875,0.06824083705647462,0.06824083705647462
93.91666666666666,0.06824288570627611,0.06824288570627611
93.95833333333333,0.06824469180454952,0.06824469180454952
94.0,0.06824620465757314,0.06824620465757314
94.04166666666666,0.06824740296462029,0.06824740296462029
94.08333333333333,0.0682483813770445,0.0682483813770445
94.125,0.06824924210577056,0.06824924210577056
94.16666666666666,0.06825006468095973,0.06825006468095973
94.20833333333333,0.06825092069626452,0.06825092069626452
94.25,0.06825186390392407,0.06825186390392407
94.29166666666666,0.06825293794142823,0.06825293794142823
94.33333333333333,0.06825417262487818,0.06825417262487818
94.375,0.06825558525156865,0.06825558525156865
94.41666666666666,0.06825718281244808,0.06825718281244808
94.45833333333333,0.06825896265573086,0.06825896265573086
94.5,0.06826091608478888,0.06826091608478888
94.54166666666666,0.06826302618784323,0.06826302618784323
94.58333333333333,0.0682652698479736,0.0682652698479736
94.625,0.06826761854521654,0.06826761854521654
94.66666666666666,0.06827003766080779,0.06827003766080779
94.70833333333333,0.06827249313325948,0.06827249313325948
94.75,0.06827494262122741,0.06827494262122741
94.79166666666666,0.06827734484943468,0.06827734484943468
94.83333333333333,0.06827965298673043,0.06827965298673043
94.875,0.06828181922018046,0.06828181922018046
94.91666666666666,0.06828379423828564,0.06828379423828564
94.95833333333333,0.06828552685791367,0.06828552685791367
95.0,0.06828696638539386,0.06828696638539386
95.04166666666666,0.0682880915197113,0.0682880915197113
95.08333333333333,0.06828899691135469,0.06828899691135469
95.125,0.06828978477112753,0.06828978477112753
95.16666666666666,0.06829053462906591,0.06829053462906591
95.20833333333333,0.06829131807834125,0.06829131807834125
95.25,0.06829218887095244,0.06829218887095244
95.29166666666666,0.0682931906440764,0.0682931906440764
95.33333333333333,0.06829435321348275,0.06829435321348275
95.375,0.06829569387616599,0.06829569387616599
95.41666666666666,0.06829721962278021,0.06829721962278021
95.45833333333333,0.06829892780105143,0.06829892780105143
95.5,0.06830080971453027,0.06830080971453027
95.54166666666666,0.06830284845079572,0.06830284845079572
95.58333333333333,0.0683050208926178,0.0683050208926178
95.625,0.06830729851978579,0.06830729851978579
95.66666666666666,0.0683096467131332,0.0683096467131332
95.70833333333333,0.06831203141095486,0.06831203141095486
95.75,0.06831441027144461,0.06831441027144461
95.79166666666666,0.06831674201914284,0.06831674201914284
95.83333333333333,0.06831897982263502,0.06831897982263502
95.875,0.06832107586856427,0.06832107586856427
95.91666666666666,0.06832298084537447,0.06832298084537447
95.95833333333333,0.06832464356929338,0.06832464356929338
96.0,0.06832601334670045,0.06832601334670045
96.04166666666666,0.06832706887630517,0.06832706887630517
96.08333333333333,0.06832790480777454,0.06832790480777454
96.125,0.0683286233517957,0.0683286233517957
96.16666666666666,0.06832930403828659,0.06832930403828659
96.20833333333333,0.06833001845996008,0.06833001845996008
96.25,0.06833082036858704,0.06833082036858704
96.29166666666666,0.0683317534010467,0.0683317534010467
96.33333333333333,0.06833284737279316,0.06833284737279316
96.375,0.06833411958053542,0.06833411958053542
96.41666666666666,0.0683355770146477,0.0683355770146477
96.45833333333333,0.06833721702239043,0.06833721702239043
96.5,0.06833903090748707,0.06833903090748707
96.54166666666666,0.0683410017569039,0.0683410017569039
96.58333333333333,0.06834310645311638,0.06834310645311638
96.625,0.06834531647567896,0.06834531647567896
96.66666666666666,0.0683475972050421,0.0683475972050421
96.70833333333333,0.06834991457929424,0.06834991457929424
96.75,0.06835222625618913,0.06835222625618913
96.79166666666666,0.0683544909600938,0.0683544909600938
96.83333333333333,0.06835666185934326,0.06835666185934326
96.875,0.06835869114017792,0.06835869114017792
96.91666666666666,0.06836052949098866,0.06836052949098866
96.95833333333333,0.0683621257273929,0.0683621257273929
97.0,0.06836342915581951,0.06836342915581951
97.04166666666666,0.06836441847471435,0.06836441847471435
97.08333333333333,0.06836518833296376,0.06836518833296376
97.125,0.06836584094114313,0.06836584094114313
97.16666666666666,0.06836645582905912,0.06836645582905912
97.20833333333333,0.06836710458898723,0.06836710458898723
97.25,0.06836784097248204,0.06836784097248204
97.29166666666666,0.06836870861613967,0.06836870861613967
97.33333333333333,0.06836973733511383,0.06836973733511383
97.375,0.06837094442584218,0.06837094442584218
97.41666666666666,0.06837233687843271,0.06837233687843271
97.45833333333333,0.068373912039702,0.068373912039702
97.5,0.0683756612135409,0.0683756612135409
97.54166666666666,0.06837756748633077,0.06837756748633077
97.58333333333333,0.06837960774026691,0.06837960774026691
97.625,0.06838175345468075,0.06838175345468075
97.66666666666666,0.06838397000965801,0.06838397000965801
97.70833333333333,0.06838622334309107,0.06838622334309107
97.75,0.06838847111231433,0.06838847111231433
97.79166666666666,0.06839067204153045,0.06839067204153045
97.83333333333333,0.06839277929883644,0.06839277929883644
97.875,0.06839474507008902,0.06839474507008902
97.91666666666666,0.06839652004362995,0.06839652004362995
97.95833333333333,0.06839805303449446,0.06839805303449446
98.0,0.06839929334916013,0.06839929334916013
98.04166666666666,0.06840021968582047,0.06840021968582047
98.08333333333333,0.0684009266926204,0.0684009266926204
98.125,0.06840151658002784,0.06840151658002784
98.16666666666666,0.06840206887774462,0.06840206887774462
98.20833333333333,0.06840265517762917,0.06840265517762917
98.25,0.06840332923103082,0.06840332923103082
98.29166666666666,0.0684041346742764,0.0684041346742764
98.33333333333333,0.06840510132223392,0.06840510132223392
98.375,0.06840624647108283,0.06840624647108283
98.41666666666666,0.06840757711067812,0.06840757711067812
98.45833333333333,0.06840909058741294,0.06840909058741294
98.5,0.06841077820534056,0.06841077820534056
98.54166666666666,0.06841262305028381,0.06841262305028381
98.58333333333333,0.06841460200417152,0.06841460200417152
98.625,0.06841668654612332,0.06841668654612332
98.66666666666666,0.06841884205587752,0.06841884205587752
98.70833333333333,0.06842103447114041,0.06842103447114041
98.75,0.0684232214488467,0.0684232214488467
98.79166666666666,0.06842536171304314,0.06842536171304314
98.83333333333333,0.06842740843160083,0.06842740843160083
98.875,0.06842931379001065,0.06842931379001065
98.91666666666666,0.06843102847656915,0.06843102847656915
98.95833333333333,0.06843250130575591,0.06843250130575591
99.0,0.06843368158409671,0.06843368158409671
99.04166666666666,0.06843454800954347,0.06843454800954347
99.08333333333333,0.06843519522953684,0.06843519522953684
99.125,0.06843572545444146,0.06843572545444146
99.16666666666666,0.06843621821386044,0.06843621821386044
99.20833333333333,0.06843674509925446,0.06843674509925446
99.25,0.06843735986177826,0.06843735986177826
99.29166666666666,0.0684381061375024,0.0684381061375024
99.33333333333333,0.06843901374102297,0.06843901374102297
99.375,0.06844009996827397,0.06844009996827397
99.41666666666666,0.06844137180886974,0.06844137180886974
99.45833333333333,0.06844282660879977,0.06844282660879977
99.5,0.06844445567227456,0.06844445567227456
99.54166666666666,0.06844624208458376,0.06844624208458376
99.58333333333333,0.06844816272740266,0.06844816272740266
99.625,0.06845018907964988,0.06845018907964988
99.66666666666666,0.0684522865207328,0.0684522865207328
99.70833333333333,0.06845442098818104,0.06845442098818104
99.75,0.06845655013854839,0.06845655013854839
99.79166666666666,0.0684586326957338,0.0684586326957338
99.83333333333333,0.06846062182739374,0.06846062182739374
99.875,0.06846246971867051,0.06846246971867051
99.91666666666666,0.06846412705781886,0.06846412705781886
99.95833333333333,0.0684655426587882,0.0684655426587882
100.0,0.06846666582815193,0.06846666582815193
