time,APlasma,[APlasma]
0.0,0.0,0.0
0.041666666666666664,0.00010750214952120305,7.465427050083546e-05
0.08333333333333333,0.00010560048730569096,7.333367174006316e-05
0.125,0.00010524362277036927,7.308584914608977e-05
0.16666666666666666,0.00010519496453228122,7.305205870297307e-05
0.20833333333333334,0.00010518309169126442,7.304381367448918e-05
0.25,0.00010517591165480247,7.303882753805727e-05
0.2916666666666667,0.00010516972248282257,7.303452950196012e-05
0.3333333333333333,0.00010516408404473035,7.303061391995164e-05
0.375,0.0001051588587154852,7.302698521908694e-05
0.4166666666666667,0.00010515397986696329,7.302359712983562e-05
0.4583333333333333,0.00010514943994427793,7.302044440574856e-05
0.5,0.00010514519231700924,7.301749466458975e-05
0.5416666666666666,0.00010514118569652049,7.301471228925034e-05
0.5833333333333334,0.0001051374036366647,7.301208585879494e-05
0.625,0.00010513381546416302,7.300959407233544e-05
0.6666666666666666,0.00010513039234408718,7.300721690561611e-05
0.7083333333333334,0.00010512711789122772,7.300494298001925e-05
0.75,0.00010512397640446908,7.300276139199243e-05
0.7916666666666666,0.0001051209516760896,7.300066088617334e-05
0.8333333333333334,0.00010511802758203139,7.299863026529958e-05
0.875,0.00010511519051044523,7.299666007669807e-05
0.9166666666666666,0.00010511243063845317,7.299474349892581e-05
0.9583333333333334,0.00010510973903929957,7.299287433284692e-05
1.0,0.00010510710796719653,7.299104719944203e-05
1.0416666666666667,0.00021260667892652254,0.00014764352703230732
1.0833333333333333,0.0002107024804781219,0.00014632116699869578
1.125,0.00021034313375758787,0.0001460716206649916
1.1666666666666667,0.00021029199111776182,0.00014603610494289015
1.2083333333333333,0.00021027772660242938,0.00014602619902946484
1.25,0.0002102681689555282,0.00014601956177467235
1.2916666666666667,0.0002102595872355253,0.0001460136022468926
1.3333333333333333,0.0002102515574090487,0.00014600802597850604
1.375,0.00021024401074555272,0.00014600278523996718
1.4166666666666667,0.00021023684004159833,0.0001459978055844433
1.4583333333333333,0.00021022999990294398,0.00014599305548815554
1.5,0.00021022345643361798,0.00014598851141223472
1.5416666666666667,0.00021021717630615016,0.00014598415021260428
1.5833333333333333,0.00021021112612300548,0.00014597994869653162
1.625,0.0002102052767146333,0.00014597588660738423
1.6666666666666667,0.00021019960397472865,0.00014597194720467266
1.7083333333333333,0.0002101940867007799,0.0001459681157644305
1.75,0.00021018870607043645,0.00014596437921558087
1.7916666666666667,0.00021018344549412945,0.0001459607260375899
1.8333333333333333,0.00021017829020293194,0.00014595714597425831
1.875,0.0002101732274861185,0.00014595363019869343
1.9166666666666667,0.000210168246144273,0.00014595017093352292
1.9583333333333333,0.00021016333625417273,0.00014594676128761995
2.0,0.00021015848911092405,0.00014594339521591947
2.0416666666666665,0.0003176558390298759,0.0002205943326596361
2.0833333333333335,0.0003157494328239277,0.0002192704394610609
2.125,0.000315387883856613,0.00021901936378931457
2.1666666666666665,0.0003153345403061174,0.00021898231965702597
2.2083333333333335,0.00031531805729916924,0.0002189708731244231
2.25,0.0003153064451413667,0.00021896280912594908
2.2916666666666665,0.00031529549815705434,0.00021895520705350998
2.3333333333333335,0.0003152852883334896,0.0002189481168982567
2.375,0.00031527546748659816,0.00021894129686569316
2.4166666666666665,0.00031526613413976107,0.00021893481537483409
2.4583333333333335,0.00031525712916809375,0.00021892856192228734
2.5,0.000315248386325157,0.00021892249050358125
2.5416666666666665,0.00031523989271592124,0.0002189165921638342
2.5833333333333335,0.00031523163679657474,0.00021891085888651028
2.625,0.00031522358977793797,0.00021890527067912357
2.6666666666666665,0.00031521571978055285,0.0002188998054031617
2.7083333333333335,0.0003152080034799279,0.00021889444686106106
2.75,0.00031520042335649403,0.00021888918288645422
2.7916666666666665,0.00031519296509404434,0.00021888400353753078
2.8333333333333335,0.00031518561286109125,0.00021887889782020226
2.875,0.00031517835369281744,0.0002188738567311232
2.9166666666666665,0.0003151711751145833,0.00021886887160734952
2.9583333333333335,0.00031516406799009564,0.00021886393610423308
3.0,0.0003151570236320708,0.00021885904418893803
3.0416666666666665,0.00042265216893898084,0.00029350845065207
3.0833333333333335,0.00042074355840194405,0.00029218302666801676
3.125,0.00042037983172280144,0.0002919304386963899
3.1666666666666665,0.00042032430552728053,0.0002918918788383893
3.2083333333333335,0.00042030564471151307,0.00029187891993855076
3.25,0.00042029192199606824,0.0002918693902750474
3.2916666666666665,0.00042027869531341226,0.0002918602050787585
3.3333333333333335,0.0004202663509009916,0.0002918516325701331
3.375,0.00042025451407420904,0.0002918434125515341
3.4166666666666665,0.00042024280337035264,0.00029183528011830046
3.4583333333333335,0.00042023148177251606,0.00029182741789758056
3.5,0.0004202205966089732,0.0002918198587562314
3.5416666666666665,0.0004202099902114802,0.0002918124932024168
3.5833333333333335,0.00042019956884921736,0.0002918052561452899
3.625,0.00042018929126025047,0.0002917981189307295
3.6666666666666665,0.00042017914331794656,0.000291791071748574
3.7083333333333335,0.0004201692026853665,0.0002917841685315045
3.75,0.00042015944537325794,0.000291777392620318
3.7916666666666665,0.00042014982597319303,0.00029177071248138406
3.8333333333333335,0.00042014033395776785,0.00029176412080400544
3.875,0.0004201308940424075,0.0002917575653072274
3.9166666666666665,0.0004201215696395712,0.0002917510900274801
3.9583333333333335,0.000420112172539549,0.00029174456426357573
4.0,0.00042010286930642936,0.0002917381036850204
4.041666666666667,0.0005275958288319157,0.0003663859922443859
4.083333333333333,0.0005256850154856998,0.00036505903853173595
4.125,0.0005253190893848348,0.00036480492318391314
4.166666666666667,0.0005252614510708555,0.000364764896576983
4.208333333333333,0.0005252404933129184,0.0003647503425784155
4.25,0.0005252243134618008,0.000364739106570695
4.291666666666667,0.0005252091271124422,0.00036472856049475156
4.333333333333333,0.0005251944939587284,0.0003647183985824503
4.375,0.0005251803770450346,0.000364708595170163
4.416666666666667,0.0005251666259205219,0.0003646990457781402
4.458333333333333,0.0005251531833133603,0.00036468971063427795
4.5,0.0005251400468721701,0.0003646805881056737
4.541666666666667,0.0005251271862655075,0.0003646716571288246
4.583333333333333,0.0005251145547564604,0.00036466288524754196
4.625,0.0005251021175056792,0.0003646542482678328
4.666666666666667,0.0005250898548880409,0.00036464573256113955
4.708333333333333,0.0005250777500365222,0.0003646373264142516
4.75,0.0005250657836311388,0.00036462901641051313
4.791666666666667,0.0005250539371922722,0.00036462078971685567
4.833333333333333,0.0005250421950076765,0.0003646126354219976
4.875,0.0005250305455223224,0.0003646045455016128
4.916666666666667,0.0005250189770022898,0.0003645965118071457
4.958333333333333,0.0005250074818212972,0.0003645885290425675
5.0,0.000524996049882742,0.00036458059019634864
5.041666666666667,0.0006324868099324569,0.00043922695134198395
5.083333333333333,0.0006305738087529622,0.0004378984783006682
5.125,0.0006302056916778296,0.0004376428414429372
5.166666666666667,0.0006301458510612127,0.0004376012854591755
5.208333333333333,0.0006301226965702293,0.0004375852059515481
5.25,0.0006301042346510791,0.0004375723851743605
5.291666666666667,0.0006300869725602638,0.00043756039761129434
5.333333333333333,0.0006300702060175951,0.0004375487541788854
5.375,0.0006300538394676052,0.0004375373885191703
5.416666666666667,0.0006300378712691093,0.000437526299492437
5.458333333333333,0.000630022251019466,0.0004375154520968514
5.5,0.000630006928448697,0.0004375048114227063
5.541666666666667,0.0006299918661127291,0.000437494351467173
5.583333333333333,0.0006299770329769057,0.0004374840506784067
5.625,0.0006299624022116302,0.00043747389042474323
5.666666666666667,0.000629947948498202,0.00043746385312375146
5.708333333333333,0.0006299336499460334,0.0004374539235736343
5.75,0.0006299194885606516,0.0004374440892782303
5.791666666666667,0.0006299054479883602,0.0004374343388808057
5.833333333333333,0.000629891513537971,0.00043742466217914654
5.875,0.0006298776724824922,0.00043741505033506405
5.916666666666667,0.0006298639130835547,0.00043740549519691297
5.958333333333333,0.0006298502253124362,0.0004373959898003029
6.0,0.0006298366003241173,0.00043738652800285916
6.041666666666667,0.000737325172726712,0.0005120313699491056
6.083333333333333,0.0007354099675235965,0.0005107013663358309
6.125,0.0007350396681732028,0.0005104442140091687
6.166666666666667,0.0007349776996377641,0.0005104011803040028
6.208333333333333,0.0007349523148055197,0.0005103835519482776
6.25,0.0007349316356133012,0.0005103691913981259
6.291666666666667,0.0007349121524648757,0.0005103556614339415
6.333333333333333,0.0007348932042237477,0.0005103425029331581
6.375,0.0007348746570737908,0.0005103296229679103
6.416666666666667,0.0007348564945210706,0.0005103170100840767
6.458333333333333,0.0007348386794781092,0.0005103046385264647
6.5,0.0007348211658190085,0.0005102924762632004
6.541666666666667,0.0007348039145506815,0.0005102804962157511
6.583333333333333,0.000734786890231419,0.0005102686737718189
6.625,0.0007347700669591316,0.0005102569909438415
6.666666666666667,0.0007347534217819535,0.0005102454317930233
6.708333333333333,0.0007347369330436474,0.0005102339812803106
6.75,0.0007347205814544243,0.0005102226260100169
6.791666666666667,0.0007347043499983888,0.0005102113541655478
6.833333333333333,0.000734688224025449,0.0005102001555732285
6.875,0.0007346721907087392,0.0005101890213255134
6.916666666666667,0.0007346562390623165,0.0005101779437932754
6.958333333333333,0.0007346403593567185,0.0005101669162199434
7.0,0.0007346245428958613,0.0005101559325665704
7.041666666666667,0.0008421109221703897,0.0005847992515072151
7.083333333333333,0.0008401935237711156,0.0005834677248410525
7.125,0.0008398210402667398,0.0005832090557407917
7.166666666666667,0.0008397569017482565,0.0005831645151029559
7.208333333333333,0.0008397293090387497,0.0005831453534991316
7.25,0.0008397064266146651,0.0005831294629268508
7.291666666666667,0.0008396847483119113,0.0005831144085499384
7.333333333333333,0.0008396636175217454,0.0005830997343901009
7.375,0.0008396428803258856,0.0005830853335596428
7.416666666666667,0.0008396225279090426,0.0005830711999368352
7.458333333333333,0.0008396025209016116,0.0005830573061816748
7.5,0.0008395828161413625,0.0005830436223203906
7.541666666666667,0.0008395633734113723,0.0005830301204245641
7.583333333333333,0.0008395441582361023,0.0005830167765528489
7.625,0.0008395251444700381,0.0005830035725486375
7.666666666666667,0.0008395063083874676,0.0005829904919357414
7.708333333333333,0.0008394876289605043,0.0005829775201114613
7.75,0.0008394690868233302,0.0005829646436273127
7.791666666666667,0.0008394506648288845,0.0005829518505756142
7.833333333333333,0.0008394323483898712,0.0005829391308262995
7.875,0.0008394141247748098,0.0005829264755380624
7.916666666666667,0.00083939598265897,0.000582913876846507
7.958333333333333,0.000839377912605205,0.000582901328198059
8.0,0.0008393599057416997,0.0005828888234317358
8.041666666666666,0.0009468440529265789,0.0006575305923101243
8.083333333333334,0.0009449245007029847,0.0006561975699326283
8.125,0.0009445498414196124,0.0006559373898747308
8.166666666666666,0.0009444833158689514,0.0006558911915756607
8.208333333333334,0.0009444536090956837,0.0006558705618720026
8.25,0.0009444286571547404,0.0006558532341352365
8.291666666666666,0.0009444047678288491,0.0006558366443255897
8.333333333333334,0.0009443814685600121,0.0006558204642777861
8.375,0.0009443585560942099,0.0006558045528432013
8.416666666666666,0.0009443360006975281,0.0006557888893732835
8.458333333333334,0.0009443137960767028,0.0006557734694977104
8.5,0.0009442918978443924,0.0006557582623919391
8.541666666666666,0.0009442702660988585,0.0006557432403464296
8.583333333333334,0.0009442488620664156,0.0006557283764350108
8.625,0.0009442276587672197,0.0006557136519216803
8.666666666666666,0.0009442066324291447,0.0006556990502980172
8.708333333333334,0.0009441857630966568,0.0006556845577060116
8.75,0.0009441650314810858,0.0006556701607507541
8.791666666666666,0.0009441444202410621,0.0006556558473896265
8.833333333333334,0.0009441239146789255,0.0006556416074159205
8.875,0.0009441035019008646,0.0006556274318756005
8.916666666666666,0.0009440831708797852,0.000655613313110962
8.958333333333334,0.0009440629113826187,0.0006555992440157075
9.0,0.0009440427154602252,0.0006555852190696009
9.041666666666666,0.0010515246817127037,0.0007302254734115999
9.083333333333334,0.0010496029400703332,0.000728890930604398
9.125,0.0010492261334592563,0.0007286292593467057
9.166666666666666,0.0010491573290674035,0.0007285814785190303
9.208333333333334,0.0010491254794499196,0.0007285593607291109
9.25,0.0010490983188749367,0.0007285404992187059
9.291666666666666,0.0010490723387377905,0.000728522457456799
9.333333333333334,0.0010490467919548174,0.0007285047166352898
9.375,0.001049021646686002,0.000728487254643057
9.416666666666666,0.0010489969110041412,0.0007284700770862093
9.458333333333334,0.0010489725306068998,0.0007284531462547916
9.5,0.00104894844849586,0.0007284364225665695
9.541666666666666,0.0010489246248299143,0.0007284198783541073
9.583333333333334,0.0010489010297381888,0.0007284034928737422
9.625,0.0010488776380706047,0.0007283872486601423
9.666666666666666,0.0010488544244206404,0.0007283711280698891
9.708333333333334,0.0010488313660647999,0.0007283551153227777
9.75,0.001048808444338233,0.0007283391974571062
9.791666666666666,0.0010487856420058012,0.0007283233625040285
9.833333333333334,0.0010487629461386992,0.0007283076014852078
9.875,0.0010487403429675778,0.0007282919048385957
9.916666666666666,0.0010487178225022748,0.0007282762656265799
9.958333333333334,0.001048695374763268,0.0007282606769189363
10.0,0.0010486729904703297,0.0007282451322710622
10.041666666666666,0.001156152778448196,0.0008028838739223584
10.083333333333334,0.0011542288129719643,0.0008015477867860863
10.125,0.0011538497044853058,0.0008012845170036846
10.166666666666666,0.0011537789374003247,0.00080123537319467
10.208333333333334,0.0011537449670712499,0.000801211782688368
10.25,0.0011537155527240337,0.0008011913560583568
10.291666666666666,0.0011536871467610667,0.0008011716296951853
10.333333333333334,0.0011536593800266569,0.000801152347240734
10.375,0.00115363220079665,0.0008011334727754515
10.416666666666666,0.0011536053241350864,0.0008011148084271433
10.458333333333334,0.0011535787165001085,0.0008010963309028531
10.5,0.0011535524306587818,0.0008010780768463763
10.541666666666666,0.0011535264396662645,0.0008010600275460171
10.583333333333334,0.001153500678818959,0.0008010421380687216
10.625,0.0011534751044819326,0.0008010243781124534
10.666666666666666,0.0011534496991334978,0.0008010067355093735
10.708333333333334,0.0011534244511773066,0.0008009892022064629
10.75,0.001153399339371592,0.0008009717634524946
10.791666666666666,0.0011533743540790464,0.0008009544125548933
10.833333333333334,0.0011533494734449912,0.0008009371343367995
10.875,0.0011533246873459695,0.0008009199217680344
10.916666666666666,0.0011532999818529928,0.0008009027651756894
10.958333333333334,0.0011532753477274244,0.0008008856581440447
11.0,0.001153250776556264,0.0008008685948307389
11.041666666666666,0.0012607283831502115,0.0008755058216320914
11.083333333333334,0.0012588022283269893,0.0008741682141159649
11.125,0.0012584210785273363,0.0008739035267550947
11.166666666666666,0.0012583479394363912,0.0008738527357197161
11.208333333333334,0.0012583117022914284,0.0008738275710357142
11.25,0.0012582801676704718,0.0008738056719933831
11.291666666666666,0.0012582497175858396,0.0008737845261012776
11.333333333333334,0.0012582198094071523,0.0008737637565327447
11.375,0.0012581903261502938,0.0008737432820488153
11.416666666666666,0.0012581612284347993,0.0008737230753019441
11.458333333333334,0.0012581324718479701,0.0008737031054499792
11.5,0.0012581040132185032,0.0008736833425128496
11.541666666666666,0.001258075815406892,0.0008736637606992305
11.583333333333334,0.001258047846926971,0.00087364433814373
11.625,0.0012580200805851456,0.0008736250559619067
11.666666666666666,0.0012579924912535854,0.0008736058967038787
11.708333333333334,0.0012579650587270419,0.0008735868463382237
11.75,0.0012579377632021133,0.0008735678911125787
11.791666666666666,0.001257910589199628,0.0008735490202775195
11.833333333333334,0.0012578835212895606,0.0008735302231177505
11.875,0.0012578565472419804,0.0008735114911402642
11.916666666666666,0.001257829655134076,0.0008734928160653306
11.958333333333334,0.0012578028352818267,0.0008734741911679353
12.0,0.0012577760786597445,0.0008734556101803782
12.041666666666666,0.001365251491046634,0.0009480913132268292
12.083333333333334,0.0013633231617566767,0.0009467521956643589
12.125,0.0013629396452158244,0.0009464858647332114
12.166666666666666,0.00136286458534424,0.0009464337398223889
12.208333333333334,0.0013628261083399064,0.0009464070196804905
12.25,0.0013627924320806742,0.0009463836333893572
12.291666666666666,0.0013627596971280155,0.0009463609007833442
12.333333333333334,0.0013627275715329553,0.0009463385913423302
12.375,0.0013626959469118952,0.0009463166297999273
12.416666666666666,0.001362664689942068,0.0009462949235708807
12.458333333333334,0.001362633741423144,0.00094627343154385
12.5,0.0013626030864324543,0.000946252143355871
12.541666666666666,0.0013625727023874761,0.0009462310433246363
12.583333333333334,0.0013625425532157937,0.0009462101063998568
12.625,0.0013625126034200342,0.0009461893079305794
12.666666666666666,0.001362482830427224,0.0009461686322411279
12.708333333333334,0.0013624532121493062,0.0009461480639925738
12.75,0.0013624237320105273,0.0009461275916739772
12.791666666666666,0.001362394372038423,0.0009461072028044604
12.833333333333334,0.0013623651198083433,0.000946086888755794
12.875,0.0013623359601983589,0.0009460666390266381
12.916666666666666,0.0013623068825707068,0.0009460464462296576
12.958333333333334,0.0013622778770109646,0.0009460263034798365
13.0,0.0013622489348729047,0.0009460062047728506
13.041666666666666,0.001469722165877133,0.0010206403929702314
13.083333333333334,0.001467791654885,0.0010192997603368057
13.125,0.001467405980070422,0.0010190319306044597
13.166666666666666,0.0014673286750813072,0.0010189782465842411
13.208333333333334,0.0014672880381051232,0.001018950026461891
13.25,0.0014672521772272832,0.0010189251230745024
13.291666666666666,0.0014672172705254673,0.0010189008823093524
13.333333333333334,0.0014671829684903277,0.0010188770614516164
13.375,0.0014671491453466465,0.0010188535731573934
13.416666666666666,0.001467115699949521,0.0010188303471871676
13.458333333333334,0.0014670825717695267,0.0010188073415066158
13.5,0.0014670497323901234,0.0010187845363820302
13.541666666666666,0.0014670171604594952,0.0010187619169857607
13.583333333333334,0.0014669848244679635,0.0010187394614360858
13.625,0.0014669526917407633,0.0010187171470421967
13.666666666666666,0.001466920736508655,0.0010186949559087882
13.708333333333334,0.0014668889349663946,0.0010186728715044406
13.75,0.0014668572708193084,0.0010186508825134088
13.791666666666666,0.001466825727484596,0.0010186289774198583
13.833333333333334,0.0014667942913959195,0.0010186071468027218
13.875,0.001466762949163469,0.0010185853813635204
13.916666666666666,0.001466731688639516,0.0010185636726663305
13.958333333333334,0.0014667005001142623,0.0010185420139682377
14.0,0.001466669374395519,0.001018520398885777
14.041666666666666,0.001574140407825886,0.0010931530609901987
14.083333333333334,0.001572207712293759,0.0010918109113151103
14.125,0.0015718198053475167,0.001091541531491331
14.166666666666666,0.001571740399574013,0.0010914863885930646
14.208333333333334,0.0015716975586082245,0.001091456637922378
14.25,0.001571659516050107,0.001091430219479241
14.291666666666666,0.0015716224064834573,0.0010914044489468452
14.333333333333334,0.0015715859123504043,0.001091379105798892
14.375,0.0015715499259160227,0.0010913541152194602
14.416666666666666,0.0015715143044403978,0.0010913293780836096
14.458333333333334,0.0015714789879828657,0.001091304852765879
14.5,0.0015714439629999103,0.001091280529861049
14.541666666666666,0.0015714092104616906,0.001091256396153952
14.583333333333334,0.0015713746940452576,0.0010912324264203178
14.625,0.001571340377156661,0.0010912085952476812
14.666666666666666,0.0015713062376506001,0.0010911848872573614
14.708333333333334,0.001571272251910967,0.0010911612860492828
14.75,0.00157123840471635,0.0010911377810530207
14.791666666666666,0.0015712046774800374,0.0010911143593611372
14.833333333333334,0.0015711710576573974,0.0010910910122620817
14.875,0.001571137531811072,0.0010910677304243556
14.916666666666666,0.0015711040873941015,0.0010910445051347927
14.958333333333334,0.0015710707152858509,0.0010910213300596187
15.0,0.0015710374065452438,0.0010909981989897528
15.041666666666666,0.0016785062238618186,0.001165629322126263
15.083333333333334,0.0016765713684224303,0.0011642856725155768
15.125,0.0016761814292031235,0.0011640148813910581
15.166666666666666,0.0016760995154317746,0.0011639579968276213
15.208333333333334,0.0016760545804827276,0.0011639267920018942
15.25,0.0016760143330439678,0.0011638988423916443
15.291666666666666,0.0016759752764490398,0.0011638717197562775
15.333333333333334,0.0016759366261992134,0.0011638448793050095
15.375,0.0016758983568941868,0.0011638183033987409
15.416666666666666,0.0016758604985109464,0.0011637920128548238
15.458333333333334,0.0016758230065170231,0.0011637659767479327
15.5,0.0016757858178974314,0.0011637401513176606
15.541666666666666,0.0016757488869015768,0.0011637145047927618
15.583333333333334,0.0016757121842090705,0.0011636890168118547
15.625,0.0016756756828083693,0.0011636636686169232
15.666666666666666,0.0016756393611108173,0.0011636384452158454
15.708333333333334,0.0016756031959926391,0.001163613330550444
15.75,0.001675567167678624,0.0011635883108879334
15.791666666666666,0.0016755312592503493,0.0011635633744794093
15.833333333333334,0.0016754954561291433,0.001163538511200794
15.875,0.0016754597463540112,0.0011635137127458412
15.916666666666666,0.0016754241189028672,0.0011634889714603244
15.958333333333334,0.0016753885637838509,0.001163464280405452
16.0,0.0016753530737141455,0.001163439634523712
16.041666666666668,0.0017828197418308972,0.0012380692651603453
16.083333333333332,0.0017808827044789386,0.0012367241003325962
16.125,0.0017804905409919169,0.00123645176457772
16.166666666666668,0.0017804065953018276,0.0012363934689596024
16.208333333333332,0.0017803593387718199,0.001236360651924875
16.25,0.0017803170072143734,0.0012363312550099817
16.291666666666668,0.0017802757367616775,0.001236302594973387
16.333333333333332,0.0017802348575683526,0.0012362742066446893
16.375,0.001780194394379055,0.0012362461072076773
16.416666666666668,0.0017801543532740588,0.0012362183008847632
16.458333333333332,0.0017801146818626672,0.0012361907512935188
16.5,0.001780075311570296,0.0012361634108127054
16.541666666666668,0.0017800361996874751,0.001236136249782969
16.583333333333332,0.0017799973165438577,0.0012361092475999013
16.625,0.00177995863597476,0.0012360823860935832
16.666666666666668,0.0017799201334056738,0.0012360556481983845
16.708333333333332,0.0017798817872249906,0.0012360290189062434
16.75,0.0017798435781308493,0.00123600248481309
16.791666666666668,0.0017798054891734034,0.0012359760341481968
16.833333333333332,0.0017797675059314187,0.0012359496568968187
16.875,0.0017797296156838987,0.0012359233442249297
16.916666666666668,0.0017796918069960144,0.0012358970881916767
16.958333333333332,0.001779654071680596,0.0012358708831115251
17.0,0.0017796163991735726,0.0012358447216483143
17.041666666666668,0.0018870808842168833,0.0013104728362617244
17.083333333333332,0.0018851416425036838,0.0013091261406275583
17.125,0.0018847471388910035,0.001308852179785419
17.166666666666668,0.001884661274673191,0.0013087925518563827
17.208333333333332,0.0018846118679272804,0.0013087582416161669
17.25,0.001884567301402408,0.0013087272926405613
17.291666666666668,0.0018845236779824102,0.0013086969985988959
17.333333333333332,0.001884480640659694,0.001308667111569232
17.375,0.0018844380657908409,0.001308637545688084
17.416666666666668,0.0018843958786545476,0.0013086082490656582
17.458333333333332,0.0018843540231435973,0.0013085791827386092
17.5,0.0018843124632646488,0.0013085503217115616
17.541666666666668,0.0018842711695192978,0.0013085216454995123
17.583333333333332,0.0018842301050744927,0.0013084931285239532
17.625,0.0018841892467779896,0.0013084647547069374
17.666666666666668,0.0018841485653391932,0.001308436503707773
17.708333333333332,0.0018841080406580397,0.001308408361568083
17.75,0.0018840676530138506,0.0013083803145929518
17.791666666666668,0.0018840273858998639,0.00130835235131935
17.833333333333332,0.001883987225127257,0.0013083244618939285
17.875,0.0018839471575595925,0.0013082966371941616
17.916666666666668,0.0018839071725249184,0.0013082688698089712
17.958333333333332,0.0018838672596353172,0.001308241152524526
18.0,0.0018838274105064871,0.0013082134795183939
18.041666666666668,0.0019912897160759527,0.0013828400806083006
18.083333333333332,0.0019893482827023357,0.0013814918629877332
18.125,0.0019889516423627477,0.001381216418307464
18.166666666666668,0.001988863452757367,0.0013811551755259495
18.208333333333332,0.0019888119373052855,0.0013811194009064483
18.25,0.0019887654208679962,0.0013810870978249975
18.291666666666668,0.0019887197032839657,0.001381055349502754
18.333333333333332,0.0019886743345550774,0.0013810238434410261
18.375,0.001988629466418687,0.0013809926850129773
18.416666666666668,0.001988585088374287,0.001380961866926588
18.458333333333332,0.001988541067925713,0.001380931297170634
18.5,0.00198849733870573,0.0013809009296567568
18.541666666666668,0.0019884538621850454,0.001380870737628504
18.583333333333332,0.0019884106179669696,0.0013808407069215067
18.625,0.001988367579862509,0.0013808108193489649
18.666666666666668,0.0019883247203274744,0.0013807810557829685
18.708333333333332,0.0019882820183910323,0.0013807514016604392
18.75,0.0019882394498024745,0.0013807218401406072
18.791666666666668,0.0019881970029898793,0.0013806923631874163
18.833333333333332,0.001988154660674466,0.0013806629588017125
18.875,0.00198811241153761,0.0013806336191233405
18.916666666666668,0.00198807024588008,0.0013806043374167223
18.958333333333332,0.0019880281533470696,0.0013805751064910209
19.0,0.0019879861252001148,0.0013805459202778576
19.041666666666668,0.0020954462464967713,0.0014551710045116468
19.083333333333332,0.0020935026515059487,0.00145382128576802
19.125,0.0020931040787844656,0.001453544499155879
19.166666666666668,0.0020930135354440297,0.0014534816218361316
19.208333333333332,0.0020929597965555244,0.0014534443031635586
19.25,0.0020929109296165373,0.0014534103677892622
19.291666666666668,0.0020928629268475133,0.0014533770325329952
19.333333333333332,0.002092815487065034,0.0014533440882396073
19.375,0.002092768475053846,0.0014533114410096152
19.416666666666668,0.0020927219500545837,0.00145327913198235
19.458333333333332,0.002092675824213572,0.0014532471001483139
19.5,0.0020926299580394853,0.0014532152486385315
19.541666666666668,0.00209258430016868,0.0014531835417838058
19.583333333333332,0.002092538860109841,0.00145315198618739
19.625,0.0020924936302696303,0.0014531205765761323
19.666666666666668,0.0020924485849270046,0.0014530892950881979
19.708333333333332,0.0020924037044315743,0.0014530581280774821
19.75,0.002092358961695667,0.0014530270567331021
19.791666666666668,0.0020923143386080904,0.0014529960684778406
19.833333333333332,0.0020922698210093012,0.0014529651534786814
19.875,0.0020922253972439162,0.0014529343036416087
19.916666666666668,0.002092181056219516,0.0014529035112635525
19.958333333333332,0.0020921367875891337,0.0014528727691591207
20.0,0.0020920925833172953,0.0014528420717481217
20.041666666666668,0.00219955052510153,0.001527465642431618
20.083333333333332,0.002197604746960204,0.0015261144076112525
20.125,0.0021972039959132963,0.0015258361082731225
20.166666666666668,0.0021971112856686045,0.0015257717261587531
20.208333333333332,0.002197055359201554,0.0015257328883344125
20.25,0.002197004314168547,0.0015256974403948245
20.291666666666668,0.002196954141702466,0.0015256625984044904
20.333333333333332,0.0021969045210724764,0.001525628139633664
20.375,0.0021968553159543843,0.001525593969412767
20.416666666666668,0.0021968066387960212,0.0015255601658305702
20.458333333333332,0.0021967583326772846,0.0015255266199147809
20.5,0.002196710290744314,0.0015254932574613293
20.541666666666668,0.0021966624554543637,0.0015254600385099747
20.583333333333332,0.002196614835466854,0.0015254269690742042
20.625,0.0021965674288777085,0.001525394047831742
20.666666666666668,0.002196520209254738,0.0015253612564269012
20.708333333333332,0.002196473152909128,0.0015253285784091169
20.75,0.0021964262336656307,0.0015252959956011324
20.791666666666668,0.0021963794336695357,0.001525263495603844
20.833333333333332,0.0021963327396242686,0.00152523106918352
20.875,0.0021962861398467735,0.0015251987082269263
20.916666666666668,0.002196239622842392,0.001525166404751661
20.958333333333332,0.002196193177868018,0.0015251341512972348
21.0,0.0021961467978058513,0.00152510194292073
21.041666666666668,0.002303602556167947,0.001599723997338852
21.083333333333332,0.002301654618063051,0.0015983712625437854
21.125,0.0023012517090842785,0.0015980914646418602
21.166666666666668,0.0023011567988947884,0.0015980255547880476
21.208333333333332,0.002301098699446349,0.0015979852079488536
21.25,0.0023010455475577915,0.001597948296915133
21.291666666666668,0.002300993113883473,0.0015979118846413006
21.333333333333332,0.0023009413613607884,0.0015978759453894366
21.375,0.0023008901032624224,0.0015978403494877932
21.416666666666668,0.0023008392374372646,0.0015978050259981005
21.458333333333332,0.002300788615127224,0.001597769871616128
21.5,0.002300738323793443,0.0015977349470787802
21.541666666666668,0.002300688326715333,0.0015977002268856481
21.583333333333332,0.0023006385676843694,0.0015976656720030344
21.625,0.0023005890045942937,0.001597631253190482
21.666666666666668,0.002300539612964371,0.0015975969534474798
21.708333333333332,0.002300490374894778,0.0015975627603435959
21.75,0.002300441278398679,0.0015975286655546383
21.791666666666668,0.0023003923039813896,0.0015974946555426318
21.833333333333332,0.0023003434390367937,0.001597460721553329
21.875,0.0023002946660353215,0.0015974268514134177
21.916666666666668,0.0023002459745305607,0.001597393037868445
21.958333333333332,0.002300197353964166,0.0015973592735862266
22.0,0.0023001487971960745,0.0015973255536083852
22.041666666666668,0.002407602327458235,0.0016719460607348855
22.083333333333332,0.0024056520510623096,0.001670591702126604
22.125,0.002405246862121602,0.0016703103209177795
22.166666666666668,0.0024051500897196237,0.0016702431178608496
22.208333333333332,0.0024050898528029736,0.0016702012866687318
22.25,0.0024050343355938855,0.0016701627330513095
22.291666666666668,0.002404979775948456,0.0016701248444086503
22.333333333333332,0.0024049259133745765,0.001670087439843456
22.375,0.0024048724810264103,0.0016700503340461182
22.416666666666668,0.002404819421329419,0.0016700134870343188
22.458333333333332,0.0024047666914120912,0.0016699768690361743
22.5,0.0024047142550351285,0.0016699404548855062
22.541666666666668,0.0024046620803377886,0.0016699042224567978
22.583333333333332,0.0024046101363826263,0.0016698681502657128
22.625,0.002404558394838721,0.0016698322186380007
22.666666666666668,0.0024045068312263597,0.001669796410573861
22.708333333333332,0.002404455422798183,0.0016697607102765162
22.75,0.00240440415153293,0.0016697251052312015
22.791666666666668,0.00240435300008029,0.0016696895833890905
22.833333333333332,0.002404301954260982,0.0016696541349034597
22.875,0.0024042510035937976,0.0016696187524956926
22.916666666666668,0.0024042001328532527,0.0016695834255925366
22.958333333333332,0.0024041493356961384,0.0016695481497889853
23.0,0.0024040986042577935,0.0016695129196234678
23.041666666666668,0.0025115500038007813,0.001744131947083876
23.083333333333332,0.0025095977381653124,0.0017427762070592449
23.125,0.002509190370672966,0.0017424933129673375
23.166666666666668,0.0025090911654282832,0.001742424420436308
23.208333333333332,0.0025090286629067646,0.0017423810159074753
23.25,0.002508971162710226,0.0017423410852154347
23.291666666666668,0.0025089145116873,0.0017423017442272917
23.333333333333332,0.002508858394685234,0.001742262774086968
23.375,0.002508802753555529,0.0017422241344135618
23.416666666666668,0.0025087475079419593,0.0017421857694041383
23.458333333333332,0.0025086925988389575,0.0017421476380826094
23.5,0.0025086379856127947,0.0017421097122311078
23.541666666666668,0.0025085836358388915,0.0017420719693325639
23.583333333333332,0.0025085295171270467,0.0017420343868937826
23.625,0.0025084756003973924,0.0017419969447204115
23.666666666666668,0.0025084218610883892,0.0017419596257558258
23.708333333333332,0.002508368277788413,0.0017419224151308424
23.75,0.0025083148314508554,0.0017418852996186496
23.791666666666668,0.0025082615079867355,0.0017418482694352329
23.833333333333332,0.002508208290234013,0.001741811312662509
23.875,0.0025081551685687074,0.0017417744226171578
23.916666666666668,0.0025081021288593575,0.001741737589485665
23.958333333333332,0.0025080491628515344,0.0017417008075357877
24.0,0.0025079962606932384,0.0017416640699258602
24.041666666666668,0.002615445108459686,0.0018162813253192265
24.083333333333332,0.002613491080120224,0.0018149243611946001
24.125,0.0026130814831737035,0.0018146399188706274
24.166666666666668,0.0026129801124768733,0.0018145695225533843
24.208333333333332,0.0026129154579769814,0.001814524623595126
24.25,0.0026128557366543012,0.0018144831504543757
24.291666666666668,0.002612797142017644,0.0018144424597344752
24.333333333333332,0.0026127388817130657,0.001814402001189629
24.375,0.002612680946993049,0.0018143617687451732
24.416666666666668,0.00261262344382524,0.0018143218359897501
24.458333333333332,0.002612566346148298,0.0018142821848252074
24.5,0.0026125095714331563,0.001814242757939692
24.541666666666668,0.002612453056639771,0.0018142035115553963
24.583333333333332,0.0026123967665809644,0.0018141644212367808
24.625,0.002612340678143265,0.0018141254709328229
24.666666666666668,0.002612284767262381,0.0018140866439322091
24.708333333333332,0.0026122290142370024,0.001814047926553474
24.75,0.002612173398947759,0.0018140093048248328
24.791666666666668,0.002612117904670746,0.0018139707671324624
24.833333333333332,0.002612062516454158,0.0018139323030931655
24.875,0.0026120072217613614,0.0018138939040009455
24.916666666666668,0.0026119520097643532,0.0018138555623363564
24.958333333333332,0.0026118968706307475,0.0018138172712713525
25.0,0.002611841795726737,0.001813779024810234
25.041666666666668,0.00271928886077652,0.0018883950422059169
25.083333333333332,0.0027173322387747563,0.0018870362769269143
25.125,0.002716920534103454,0.0018867503709051766
25.166666666666668,0.002716817076959886,0.0018866785256665874
25.208333333333332,0.002716750271236601,0.0018866321328031952
25.25,0.0027166881673780724,0.0018865890051236614
25.291666666666668,0.0027166272206641073,0.0018865466810167413
25.333333333333332,0.0027165667961370514,0.001886504719539619
25.375,0.0027165067853931243,0.0018864630454118918
25.416666666666668,0.002716447159329112,0.0018864216384229943
25.458333333333332,0.0027163877247144644,0.0018863803643850447
25.5,0.002716328569497271,0.0018863392843731048
25.541666666666668,0.002716269697371709,0.0018862984009525754
25.583333333333332,0.002716211204725212,0.0018862577810591751
25.625,0.002716153216488913,0.0018862175114506342
25.666666666666668,0.0027160953696438953,0.0018861773400304829
25.708333333333332,0.0027160376277496935,0.0018861372414928428
25.75,0.0027159799313808517,0.0018860971745700362
25.791666666666668,0.002715922184969859,0.0018860570728957352
25.833333333333332,0.002715864557200828,0.0018860170536116865
25.875,0.0027158070639863125,0.0018859771277682726
25.916666666666668,0.0027157497196242273,0.0018859373052946024
25.958333333333332,0.0027156924783800786,0.0018858975544306102
26.0,0.002715635246325706,0.001885857809948407
26.041666666666668,0.002823080101571967,0.00196047229275831
26.083333333333332,0.0028211213037402003,0.00195911201648625
26.125,0.002820707439130606,0.001958824610507365
26.166666666666668,0.002820601846149805,0.001958751282048476
26.208333333333332,0.002820532867636298,0.001958703380302985
26.25,0.002820468594896226,0.0019586587464557126
26.291666666666668,0.002820405377123772,0.001958614845224842
26.333333333333332,0.002820342822748193,0.001958571404686245
26.375,0.0028202807014339067,0.0019585282648846574
26.416666666666668,0.0028202189528943994,0.0019584853839544445
26.458333333333332,0.002820157533782878,0.0019584427317936655
26.5,0.002820096409695782,0.00195840028451096
26.541666666666668,0.00282003554884135,0.001958358020028715
26.583333333333332,0.002819974919814826,0.0019583159165380737
26.625,0.002819914493500357,0.0019582739538196925
26.666666666666668,0.0028198542445522,0.0019582321142723614
26.708333333333332,0.002819794150474607,0.0019581903822740326
26.75,0.002819734192997521,0.0019581487451371675
26.791666666666668,0.0028196743561930675,0.0019581071918007417
26.833333333333332,0.002819614622275957,0.0019580657099138596
26.875,0.0028195549812168393,0.001958024292511694
26.916666666666668,0.002819495425432061,0.00195798293432782
26.958333333333332,0.002819435944645058,0.001957941628225735
27.0,0.002819376528903251,0.0019579003672939243
27.041666666666668,0.002926819273859414,0.002032513384624593
27.083333333333332,0.0029248589886466513,0.0020311520754490633
27.125,0.002924442009779267,0.0020308625067911577
27.166666666666668,0.0029243332209715617,0.0020307869590080294
27.208333333333332,0.002924263299246732,0.0020307384022546747
27.25,0.002924196907217407,0.002030692296678755
27.291666666666668,0.0029241326388885318,0.0020306476658948137
27.333333333333332,0.0029240674139975526,0.002030602370831634
27.375,0.002924002284428562,0.002030557141964279
27.416666666666668,0.002923938120250676,0.0020305125835074138
27.458333333333332,0.0029238747118257497,0.002030468549878993
27.5,0.0029238116547573765,0.002030424760248178
27.541666666666668,0.0029237487112572774,0.00203038104948422
27.583333333333332,0.002923685909095319,0.0020303374368717494
27.625,0.0029236232746419634,0.0020302939407235857
27.666666666666668,0.0029235608412719913,0.0020302505842166607
27.708333333333332,0.0029234985833721055,0.002030207349563962
27.75,0.002923436472029213,0.0020301642166869536
27.791666666666668,0.002923374473712859,0.0020301211623005968
27.833333333333332,0.0029233125747498514,0.0020300781769096187
27.875,0.0029232507676252343,0.0020300352552953017
27.916666666666668,0.002923189042126321,0.0020299923903655008
27.958333333333332,0.0029231273896884896,0.0020299495761725624
28.0,0.0029230658096141508,0.002029906812232049
28.041666666666668,0.0030305062705925532,0.0021045182434670513
28.083333333333332,0.00302854317062773,0.0021031549796025903
28.125,0.003028124890252522,0.002102864507119807
28.166666666666668,0.003028014975523034,0.0021027881774465518
28.208333333333332,0.0030279418366794893,0.002102737386582979
28.25,0.0030278732047295774,0.0021026897255066513
28.291666666666668,0.0030278056176040544,0.0021026427900028154
28.333333333333332,0.0030277387463189024,0.002102596351610349
28.375,0.003027672324046851,0.0021025502250325355
28.416666666666668,0.003027606226339677,0.002102504323846998
28.458333333333332,0.0030275404395099645,0.0021024586385485866
28.5,0.0030274749626952903,0.002102413168538396
28.541666666666668,0.003027409761822992,0.0021023678901548556
28.583333333333332,0.003027344794999955,0.002102322774305525
28.625,0.0030272800317906003,0.0021022777998545837
28.666666666666668,0.0030272154447798173,0.002102232947763762
28.708333333333332,0.0030271510137265963,0.002102188203976803
28.75,0.003027086720281672,0.0021021435557511616
28.791666666666668,0.0030270225463862716,0.002102098990546022
28.833333333333332,0.003026958481118346,0.0021020545007766293
28.875,0.0030268945102887405,0.0021020100765894033
28.916666666666668,0.003026830620787472,0.0021019657088801893
28.958333333333332,0.0030267668057723084,0.0021019213928974365
29.0,0.003026703054791652,0.0021018771213830918
29.041666666666668,0.0031341413324931376,0.0021764870364535675
29.083333333333332,0.0031321760888251772,0.002175122283906373
29.125,0.0031317557433707803,0.0021748303773408196
29.166666666666668,0.0031316433328332197,0.002174752314467514
29.208333333333332,0.0031315679626457093,0.0021746999740595205
29.25,0.0031314973792723674,0.0021746509578280332
29.291666666666668,0.00313142790675287,0.0021746027130228264
29.333333333333332,0.0031313588344362817,0.002174554746136307
29.375,0.003131290107634491,0.0021745070191906187
29.416666666666668,0.0031312217815496054,0.0021744595705205593
29.458333333333332,0.003131153837559241,0.0021744123871939177
29.5,0.0031310862132910774,0.0021743654258965816
29.541666666666668,0.003131018852960969,0.0021743186478895616
29.583333333333332,0.0031309517195124287,0.0021742720274391864
29.625,0.003130884787929098,0.0021742255471729846
29.666666666666668,0.0031308180334703806,0.0021741791899099867
29.708333333333332,0.0031307514364878903,0.0021741329420054793
29.75,0.0031306849776392954,0.002174086790027289
29.791666666666668,0.003130618639898877,0.002174040722151998
29.833333333333332,0.0031305524085685336,0.002173994728172593
29.875,0.0031304862709204285,0.002173948799250298
29.916666666666668,0.003130420216027838,0.0021739029277971097
29.958333333333332,0.0031303542342040643,0.0021738571070861554
30.0,0.003130288316934952,0.0021738113312048278
30.041666666666668,0.003237724432655094,0.002248419744899371
30.083333333333332,0.0032357570289187265,0.002247053492304671
30.125,0.003235334514493933,0.0022467600795096757
30.166666666666668,0.003235219983746505,0.0022466805442684064
30.208333333333332,0.0032351423912483687,0.002246626660589145
30.25,0.0032350696118561457,0.002246576119344546
30.291666666666668,0.003234997938034865,0.0022465263458575453
30.333333333333332,0.0032349267205711595,0.0022464768892855274
30.375,0.003234855869990411,0.002246427687493341
30.416666666666668,0.0032347853911744253,0.0022463787438711286
30.458333333333332,0.003234715266737452,0.002246330046345453
30.5,0.0032346454699995995,0.002246281576388611
30.541666666666668,0.003234575944759317,0.002246233294971748
30.583333333333332,0.0032345066473651435,0.00224618517178135
30.625,0.00323443754968265,0.002246137187279618
30.666666666666668,0.003234368629505928,0.0022460893260457834
30.708333333333332,0.0032342998665120595,0.002246041573966708
30.75,0.003234231242378531,0.0022459939183184243
30.791666666666668,0.0032341627397881874,0.0022459463470751303
30.833333333333332,0.0032340943443848087,0.0022458988502672282
30.875,0.003234026042070667,0.00224585141810463
30.916666666666668,0.003233957822233576,0.002245804043217761
30.958333333333332,0.003233889674825922,0.0022457567186291126
31.0,0.0032338215912780413,0.0022457094383875288
31.041666666666668,0.0033412555574381326,0.0023203163593320366
31.083333333333332,0.0033392858000642453,0.002318948472266837
31.125,0.0033388611379707935,0.0023186535680352733
31.166666666666668,0.003338744756887275,0.0023185727478383855
31.208333333333332,0.0033386651953072268,0.00231851749674113
31.25,0.0033385899436981616,0.002318465238679279
31.291666666666668,0.003338515836308164,0.002318413775214003
31.333333333333332,0.003338442507603802,0.0023183628525026406
31.375,0.003338369620642682,0.002318312236557418
31.416666666666668,0.003338297098002228,0.0023182618736126586
31.458333333333332,0.003338224836493845,0.0023182116920096147
31.5,0.0033381528981657415,0.0023181617348373203
31.541666666666668,0.0033380811373382355,0.00231811190092933
31.583333333333332,0.003338009618179766,0.0023180622348470594
31.625,0.0033379383229399056,0.0023180127242638233
31.666666666666668,0.003337867236817304,0.0023179633589009057
31.708333333333332,0.003337796317043911,0.002317914109058272
31.75,0.0033377255373828406,0.0023178649565158615
31.791666666666668,0.0033376548696401527,0.0023178158816945502
31.833333333333332,0.003337584306601635,0.002317766879584469
31.875,0.003337513836772549,0.002317717942203159
31.916666666666668,0.0033374434526006313,0.0023176690643059938
31.958333333333332,0.0033373731399612087,0.002317620236084173
32.0,0.003337302895321389,0.002317571455084298
32.041666666666664,0.0034447346495358995,0.002392176839955486
32.083333333333336,0.003442762953231727,0.002390807606410922
32.125,0.0034423360319472134,0.002390511133296676
32.166666666666664,0.0034422171590706924,0.002390428582687981
32.208333333333336,0.0034421352167024375,0.002390371678265582
32.25,0.0034420583897805256,0.0023903183262364764
32.291666666666664,0.0034419822773678,0.0023902654703943055
32.333333333333336,0.003441906575752248,0.00239021289982795
32.375,0.003441831394690804,0.0023901606907575025
32.416666666666664,0.003441756643553981,0.0023901087802458204
32.458333333333336,0.003441682233075394,0.0023900571063023572
32.5,0.0034416081117198145,0.00239000563313876
32.541666666666664,0.003441534252383122,0.002389954341932724
32.583333333333336,0.003441460619409897,0.0023899032079235396
32.625,0.0034413871973825037,0.0023898522204045167
32.666666666666664,0.003441313952275569,0.002389801355746923
32.708333333333336,0.0034412408637833868,0.002389750599849574
32.75,0.003441167910845044,0.0023896999380868364
32.791666666666664,0.0034410950791278036,0.002389649360505419
32.833333333333336,0.0034410223543896233,0.002389598857215016
32.875,0.0034409497248910873,0.002389548420063255
32.916666666666664,0.0034408771784681384,0.0023894980406028742
32.958333333333336,0.00344080470519504,0.002389447711941
33.0,0.003440732295829811,0.002389397427659591
33.041666666666664,0.003548162019514275,0.002464001402440469
33.083333333333336,0.0035461879867035467,0.002462630546321908
33.125,0.0035457588651318685,0.0024623325452304643
33.166666666666664,0.003545637730665738,0.0024622484240734294
33.208333333333336,0.003545554009665863,0.0024621902844901827
33.25,0.0035454751336087753,0.0024621355094505385
33.291666666666664,0.0035453966814389813,0.00246208102877707
33.333333333333336,0.00354531868656326,0.0024620268656689306
33.375,0.003545241324251189,0.0024619731418411036
33.416666666666664,0.0035451644128311464,0.0024619197311327406
33.458333333333336,0.003545087842756821,0.002461866557470015
33.5,0.0035450115607888765,0.002461813583881164
33.541666666666664,0.0035449355366675957,0.0024617607893524973
33.583333333333336,0.003544859744098634,0.0024617081556240514
33.625,0.0035447841568776563,0.0024616556644983722
33.666666666666664,0.003544708748955254,0.002461603297885593
33.708333333333336,0.003544633497432772,0.00246155103988387
33.75,0.003544558382719104,0.0024614988768882668
33.791666666666664,0.0035444833886514116,0.0024614467976745917
33.833333333333336,0.0035444085014701217,0.0024613947926875844
33.875,0.00354433370843462,0.0024613428530795975
33.916666666666664,0.0035442589992521023,0.002461290971702849
33.958333333333336,0.003544184363307574,0.0024612391411858153
34.0,0.0035441097920220622,0.0024611873555708767
34.041666666666664,0.003651537326652227,0.0025357898101751575
34.083333333333336,0.0036495612229368864,0.0025344175159283935
34.125,0.003649129873445145,0.0025341179676702393
34.166666666666664,0.003649006694069097,0.002534032426436873
34.208333333333336,0.0036489203443454206,0.0025339724613509867
34.25,0.0036488391342663538,0.0025339160654627457
34.291666666666664,0.0036487591009836595,0.002533860486794208
34.333333333333336,0.003648679225059143,0.0025338050174021826
34.375,0.003648599535693977,0.0025337496775652613
34.416666666666664,0.0036485203019504782,0.0025336946541322765
34.458333333333336,0.00364844153212918,0.002533639952867486
34.5,0.003648363106266453,0.002533585490462815
34.541666666666664,0.0036482849351635632,0.002533531204974697
34.583333333333336,0.003648206982159665,0.0025334770709442116
34.625,0.0036481292293667677,0.002533423075949144
34.666666666666664,0.00364805165773027,0.002533369206757132
34.708333333333336,0.0036479742455465054,0.002533315448296184
34.75,0.003647896971335742,0.002533261785649821
34.791666666666664,0.003647819818923096,0.0025332082075854834
34.833333333333336,0.0036477427711489813,0.002533154702186793
34.875,0.003647665817219259,0.0025331012619578186
34.916666666666664,0.0036475889453302314,0.00253304787870155
34.958333333333336,0.0036475121451141125,0.0025329945452181334
35.0,0.003647435410504352,0.002532941257294689
35.041666666666664,0.0037548608203320823,0.002607542236341724
35.083333333333336,0.003752882562510866,0.0026061684461881015
35.125,0.0037524491459252807,0.0026058674624481115
35.166666666666664,0.0037523241012864723,0.0026057806258933834
35.208333333333336,0.003752235602369114,0.0026057191683118847
35.25,0.003752152031254329,0.0026056611328155064
35.291666666666664,0.0037520692524153566,0.0026056036475106646
35.333333333333336,0.0037519871038791527,0.0026055465999160784
35.375,0.0037519055386470023,0.0026054899573937514
35.416666666666664,0.00375182436670418,0.0026054335879890137
35.458333333333336,0.003751743469563721,0.0026053774094192505
35.5,0.0037516628411493444,0.0026053214174648225
35.541666666666664,0.0037515824687466186,0.002605265603296263
35.583333333333336,0.0037515023372165788,0.0026052099564004023
35.625,0.003751422428758983,0.0026051544644159607
35.666666666666664,0.0037513427027816453,0.002605099099153921
35.708333333333336,0.003751263137975753,0.0026050438458164954
35.75,0.0037511837008061683,0.0026049886811153945
35.791666666666664,0.003751104384841499,0.0026049336005843746
35.833333333333336,0.0037510251747392936,0.002604878593568954
35.875,0.0037509460592024288,0.002604823652223909
35.916666666666664,0.0037508670299224497,0.0026047687707794792
35.958333333333336,0.00375078807650921,0.002604713942020285
36.0,0.003750709186849491,0.002604659157534369
36.041666666666664,0.0038581323619264105,0.0026792585846711187
36.083333333333336,0.003856151915355618,0.0026778832745525125
36.125,0.0038557164446171455,0.0026775808643174624
36.166666666666664,0.003855588930268576,0.0026774923126865113
36.208333333333336,0.003855498526328518,0.002677429532172582
36.25,0.0038554131143415027,0.0026773702182927104
36.291666666666664,0.003855328075918406,0.0026773111638322264
36.333333333333336,0.003855243669011767,0.002677252547924838
36.375,0.0038551598680385117,0.002677194352804522
36.416666666666664,0.003855076493664731,0.002677136453933841
36.458333333333336,0.003854993439749498,0.002677078777603818
36.5,0.0038549106708049862,0.002677021299170129
36.541666666666664,0.0038548281640890885,0.0026769640028396447
36.583333333333336,0.003854745893031923,0.0026769068701610575
36.625,0.003854663826880874,0.002676849879778385
36.666666666666664,0.0038545819389745805,0.002676793013176792
36.708333333333336,0.003854500206055062,0.0026767362542049044
36.75,0.0038544186105265894,0.002676679590643465
36.791666666666664,0.003854337135364347,0.0026766230106696856
36.833333333333336,0.0038542557646438318,0.0026765665032248837
36.875,0.0038541744891005727,0.002676510061875398
36.916666666666664,0.0038540932990959514,0.002676453679927744
36.958333333333336,0.0038540121771970717,0.0026763973452757443
37.0,0.003853931121937121,0.0026763410569007784
37.041666666666664,0.003961352216123896,0.0027509390389749283
37.083333333333336,0.003959369638169982,0.0027495622487291546
37.125,0.003958931910423536,0.0027492582711274556
37.166666666666664,0.003958802523762957,0.002749168419279831
37.208333333333336,0.003958709755150689,0.002749103996632423
37.25,0.003958621820709383,0.0027490429310481827
37.291666666666664,0.00395853477494645,0.0027489824826017017
37.333333333333336,0.003958448277708044,0.0027489224150750308
37.375,0.003958362375016199,0.002748862760427916
37.416666666666664,0.003958276879209485,0.0027488033883399203
37.458333333333336,0.003958191703059668,0.0027487442382358803
37.5,0.003958106783267059,0.00274868526615768
37.541666666666664,0.003958022084809668,0.0027486264477844923
37.583333333333336,0.003957937629617142,0.0027485677983452375
37.625,0.003957853388020163,0.002748509297236224
37.666666666666664,0.0039577693437671466,0.0027484509331716298
37.708333333333336,0.003957685458100491,0.0027483926792364528
37.75,0.003957601709500933,0.002748334520486759
37.791666666666664,0.003957518080350567,0.0027482764446878937
37.833333333333336,0.0039574345575154705,0.0027482184427190773
37.875,0.003957351126324079,0.002748160504391722
37.916666666666664,0.003957267779404674,0.0027481026245865787
37.958333333333336,0.003957184505140102,0.0027480447952361827
38.0,0.0039571012958959225,0.002747987011038835
38.041666666666664,0.004064520639492629,0.002822583777425437
38.083333333333336,0.004062535158550701,0.002821204971215765
38.125,0.0040620957192898715,0.002820899805062411
38.166666666666664,0.004061964377458039,0.0028208085954569717
38.208333333333336,0.004061869134788845,0.002820742454714476
38.25,0.004061779482981281,0.0028206801965147783
38.291666666666664,0.004061689940527604,0.0028206180142552805
38.333333333333336,0.004061601322720446,0.0028205564741114204
38.375,0.004061513273121422,0.002820495328556543
38.416666666666664,0.004061425527291773,0.0028204343939526202
38.458333333333336,0.0040613380766748195,0.0028203736643575136
38.5,0.004061250941817481,0.002820313154039918
38.541666666666664,0.00406116411683791,0.002820252858915215
38.583333333333336,0.004061077510012106,0.0028201927152861853
38.625,0.004060991154609779,0.0028201327462567907
38.666666666666664,0.00406090497504444,0.002820072899336417
38.708333333333336,0.00406081894557816,0.0028200131566515
38.75,0.004060733041309089,0.0028199535009090903
38.791666666666664,0.0040606472529945955,0.0028198939256906916
38.833333333333336,0.004060561568906858,0.002819834422851985
38.875,0.004060475981948458,0.0028197749874642073
38.916666666666664,0.004060390475235253,0.002819715607802259
38.958333333333336,0.004060305049560321,0.00281965628441689
39.0,0.004060219683892384,0.0028195970027030445
39.041666666666664,0.004167636324887122,0.0028941918922827234
39.083333333333336,0.00416564944693779,0.002892812115929021
39.125,0.004165207356598308,0.002892505108748825
39.166666666666664,0.004165073736646268,0.0028924123171154637
39.208333333333336,0.0041649768671897,0.0028923450466595145
39.25,0.004164884417723831,0.0028922808456415495
39.291666666666664,0.0041647931200039364,0.002892217444447178
39.333333333333336,0.004164702427979401,0.0028921544638745842
39.375,0.004164612141613902,0.0028920917650096544
39.416666666666664,0.00416452225757039,0.002892029345534993
39.458333333333336,0.004164432712489037,0.0028919671614507205
39.5,0.004164343464785069,0.0028919051838785207
39.541666666666664,0.004164254503402126,0.002891843405140365
39.583333333333336,0.004164165769513308,0.002891781784384242
39.625,0.004164077243499737,0.0028917203079859284
39.666666666666664,0.004163988887986885,0.0028916589499908925
39.708333333333336,0.004163900685873296,0.0028915976985231227
39.75,0.00416381261890965,0.002891536540909479
39.791666666666664,0.0041637246750564514,0.002891475468789203
39.833333333333336,0.00416363683623821,0.002891414469609868
39.875,0.004163549096722532,0.0028913535393906473
39.916666666666664,0.004163461437949636,0.002891292665242803
39.958333333333336,0.004163373853997719,0.0028912318430539714
40.0,0.004163286335331273,0.0028911710662022725
40.041666666666664,0.0042707008655562635,0.0029657644899696274
40.083333333333336,0.00426871172740216,0.002964383144029278
40.125,0.004268267581918185,0.0029640747096654064
40.166666666666664,0.00426813106801658,0.002963979908344847
40.208333333333336,0.004268032205808639,0.002963911254033777
40.25,0.004267937958870783,0.0029638458047713777
40.291666666666664,0.0042678447868758585,0.0029637811019971243
40.333333333333336,0.004267751910908931,0.002963716604797869
40.375,0.004267659420829262,0.002963652375575876
40.416666666666664,0.004267567370543511,0.002963588451766327
40.458333333333336,0.004267475686955566,0.002963524782608032
40.5,0.00426738430190411,0.002963461320766743
40.541666666666664,0.004267293172803273,0.0029633980366689395
40.583333333333336,0.004267202271736956,0.0029633349109284422
40.625,0.004267111575704048,0.002963271927572256
40.666666666666664,0.004267021060442438,0.002963209069751693
40.708333333333336,0.004266930703583204,0.002963146321932781
40.75,0.004266840483083018,0.002963083668807652
40.791666666666664,0.004266750382932459,0.0029630210992586522
40.833333333333336,0.004266660388466913,0.002962958603102023
40.875,0.004266570486018787,0.0029628961708463796
40.916666666666664,0.00426648066787941,0.002962833797138479
40.958333333333336,0.0042663909250774375,0.0029627714757482207
41.0,0.0042663012446348385,0.002962709197663082
41.041666666666664,0.004373713451862172,0.0030373010082376203
41.083333333333336,0.004371722437671155,0.0030359183594938577
41.125,0.004371276109134877,0.003035608409121442
41.166666666666664,0.004371138100345879,0.003035512569684638
41.208333333333336,0.004371036850683541,0.0030354422574191257
41.25,0.0043709400613483875,0.003035375042603047
41.291666666666664,0.004370844366794566,0.0030353085880517818
41.333333333333336,0.004370749554396345,0.0030352427461085726
41.375,0.0043706550302710125,0.0030351771043548702
41.416666666666664,0.0043705607662863155,0.0030351116432543856
41.458333333333336,0.004370466801740644,0.0030350463900976695
41.5,0.0043703732551979724,0.0030349814272208147
41.541666666666664,0.00437028001475047,0.0030349166769100483
41.583333333333336,0.00437018700708744,0.003034852088255167
41.625,0.0043700941940459466,0.0030347876347541296
41.666666666666664,0.0043700015295654515,0.003034723284420453
41.708333333333336,0.0043699090110685904,0.003034659035464299
41.75,0.0043698166320829575,0.0030345948833909427
41.791666666666664,0.004369724382381311,0.0030345308210981328
41.833333333333336,0.0043696322359582564,0.0030344668305265668
41.875,0.004369540189396246,0.0030344029093029483
41.916666666666664,0.004369448224962896,0.0030343390451131225
41.958333333333336,0.004369356333228511,0.0030342752314086886
42.0,0.004369264507516244,0.003034211463552947
42.041666666666664,0.004476674814867671,0.0031088019547692164
42.083333333333336,0.004474681428565911,0.0031074176587263277
42.125,0.004474233009919662,0.003107106256888654
42.166666666666664,0.004474092793791477,0.0031070088845774144
42.208333333333336,0.004473989490394655,0.0031069371461073998
42.25,0.004473890352545253,0.0031068683003786478
42.291666666666664,0.004473792395164462,0.003106800274419765
42.333333333333336,0.004473695498832515,0.003106732985300358
42.375,0.004473598899598294,0.0031066659024988155
42.416666666666664,0.004473502541722089,0.0031065989873070065
42.458333333333336,0.004473406496925301,0.003106532289531459
42.5,0.004473310779447187,0.003106465819060547
42.541666666666664,0.004473215346514603,0.003106399546190696
42.583333333333336,0.004473120150041426,0.003106333437528768
42.625,0.004473025152955932,0.0031062674673305087
42.666666666666664,0.0044729303324629955,0.003106201619765969
42.708333333333336,0.004472835665827212,0.0031061358790466743
42.75,0.00447274113973447,0.003106070235926716
42.791666666666664,0.004472646734690976,0.0031060046768687333
42.833333333333336,0.004472552438712623,0.003105939193550433
42.875,0.004472458234929509,0.0031058737742566036
42.916666666666664,0.0044723641147906305,0.003105808413049049
42.958333333333336,0.0044722700681922405,0.0031057431029112782
43.0,0.004472176084645639,0.0031056778365594717
43.041666666666664,0.004579584038593486,0.003180266693467699
43.083333333333336,0.004577588624869199,0.0031788809894924995
43.125,0.004577138169245561,0.0031785681730871953
43.166666666666664,0.004576995713030969,0.003178469245160395
43.208333333333336,0.004576890417990471,0.0031783961236044943
43.25,0.0045767889576903975,0.003178325665062776
43.291666666666664,0.004576689007772221,0.003178256255397376
43.333333333333336,0.004576589939056453,0.0031781874576780928
43.375,0.004576491168751326,0.0031781188671884206
43.416666666666664,0.004576392637961648,0.0031780504430289225
43.458333333333336,0.004576294407664108,0.0031779822275445195
43.5,0.00457619652327852,0.0031779142522767503
43.541666666666664,0.004576098920892002,0.0031778464728416684
43.583333333333336,0.004576001578882586,0.003177778874224018
43.625,0.004575904431801402,0.0031777114109731966
43.666666666666664,0.004575807463739387,0.003177644072041241
43.708333333333336,0.004575710648031927,0.0031775768389110605
43.75,0.004575613968774016,0.003177509700537511
43.791666666666664,0.004575517407558799,0.0031774426441380545
43.833333333333336,0.00457542096148644,0.003177375667698917
43.875,0.004575324608748122,0.0031773087560750847
43.916666666666664,0.0045752283385052175,0.0031772419017397345
43.958333333333336,0.004575132146677767,0.0031771751018595607
44.0,0.004575036017935016,0.0031771083457882055
44.041666666666664,0.004682441818098798,0.003251695707013054
44.083333333333336,0.004680444282496494,0.003250308529511454
44.125,0.004679991679702655,0.003249994222015733
44.166666666666664,0.00467984708006789,0.0032498938056027015
44.208333333333336,0.004679739633427705,0.0032498191898803503
44.25,0.004679635881034175,0.0032497471396070662
44.291666666666664,0.004679533420795664,0.0032496759866636558
44.333333333333336,0.0046794324175940165,0.0032496058455514
44.375,0.004679331669602633,0.003249535881668495
44.416666666666664,0.004679231076810421,0.0032494660255627922
44.458333333333336,0.0046791307121240204,0.003249396327863903
44.5,0.004679030659074893,0.003249326846579787
44.541666666666664,0.004678930916476633,0.003249257580886551
44.583333333333336,0.004678831423509765,0.003249188488548448
44.625,0.004678732129152853,0.0032491195341339254
44.666666666666664,0.004678633008047667,0.0032490507000331025
44.708333333333336,0.004678534040479319,0.0032489819725550835
44.75,0.004678435208911838,0.00324891333952211
44.791666666666664,0.004678336503957759,0.003248844794415111
44.833333333333336,0.004678237905507471,0.0032487763232690774
44.875,0.004678139403574381,0.0032487079191488755
44.916666666666664,0.0046780409831063945,0.0032486395716016634
44.958333333333336,0.004677942635642785,0.003248571274751934
45.0,0.004677844352215331,0.003248503022371758
45.041666666666664,0.004785248014209348,0.0033230888987564916
45.083333333333336,0.004783248309142592,0.0033217002146823556
45.125,0.0047827934902234075,0.0033213843682107
45.166666666666664,0.004782646461313203,0.0033212822648008354
45.208333333333336,0.004782536856902446,0.0033212061506266988
45.25,0.004782432751130604,0.0033211338549518094
45.291666666666664,0.004782328676206321,0.003321061580698834
45.333333333333336,0.004782224346245654,0.00332098912933726
45.375,0.004782120634460254,0.0033209171072640657
45.416666666666664,0.004782017717564443,0.00332084563719753
45.458333333333336,0.004781915323553453,0.0033207745302454537
45.5,0.004781813217088361,0.0033207036229780285
45.541666666666664,0.004781711330042795,0.0033206328680852742
45.583333333333336,0.004781609662425079,0.0033205622655729716
45.625,0.004781508203202216,0.0033204918077793166
45.666666666666664,0.004781406932581143,0.003320421480959127
45.708333333333336,0.004781305822227447,0.0033203512654357272
45.75,0.004781204848486987,0.00332028114478263
45.791666666666664,0.004781103995713463,0.0033202111081343496
45.833333333333336,0.004781003246558949,0.003320141143443715
45.875,0.00478090259246146,0.003320071244764903
45.916666666666664,0.004780802018755831,0.0033200014019137713
45.958333333333336,0.004780701517528763,0.0033199316093949745
46.0,0.004780601085955471,0.003319861865246855
46.041666666666664,0.004888002606295107,0.003394446254371602
46.083333333333336,0.004886000738415166,0.003393056068343866
46.125,0.004885543796333979,0.0033927387474541526
46.166666666666664,0.0048853946182009075,0.003392635151528408
46.208333333333336,0.004885282740500573,0.0033925574586809535
46.25,0.004885176539192041,0.003392483707772251
46.291666666666664,0.004885070469862089,0.00339241004851534
46.333333333333336,0.004884963969134288,0.003392336089676589
46.375,0.004884858048483473,0.0033922625336690786
46.416666666666664,0.004884752962538269,0.0033921895573182422
46.458333333333336,0.004884648420686909,0.0033921169588103537
46.5,0.004884544170560651,0.003392044562889341
46.541666666666664,0.004884440137654281,0.003391972317815473
46.583333333333336,0.004884336321721411,0.0033919002234176466
46.625,0.004884232714548164,0.003391828273991781
46.666666666666664,0.004884129292981695,0.003391756453459511
46.708333333333336,0.004884026034399826,0.0033916847461109905
46.75,0.004883922912351069,0.0033916131335771315
46.791666666666664,0.0048838199124901,0.003391541605895903
46.833333333333336,0.004883717016036077,0.0033914701500250533
46.875,0.004883614213874813,0.0033913987596352873
46.916666666666664,0.004883511494432763,0.003391327426689419
46.958333333333336,0.004883408845438801,0.0033912561426658345
47.0,0.004883306263169721,0.0033911849049789726
47.041666666666664,0.004990705640849559,0.0034657678061455273
47.083333333333336,0.004988701608042783,0.003464376116696377
47.125,0.004988242538253849,0.0034640573182318397
47.166666666666664,0.0049880912412702035,0.003463952250882086
47.208333333333336,0.004987977165674442,0.0034638730317183624
47.25,0.004987868794024676,0.003463797773628247
47.291666666666664,0.004987760574175652,0.003463722620955314
47.333333333333336,0.004987651962937626,0.0034636471964844626
47.375,0.004987543914673275,0.0034635721629675525
47.416666666666664,0.004987436673267061,0.003463497689768792
47.458333333333336,0.00498732997200003,0.003463423591666688
47.5,0.0049872235719588855,0.0034633497027492265
47.541666666666664,0.004987117394824441,0.0034632759686280836
47.583333333333336,0.004987011433913315,0.0034632023846620243
47.625,0.004986905680123688,0.003463128944530339
47.666666666666664,0.004986800110135584,0.0034630556320386003
47.708333333333336,0.004986694703821152,0.003462982433209134
47.75,0.004986589435611066,0.0034629093302854627
47.791666666666664,0.004986484288012608,0.003462836311119867
47.833333333333336,0.00498637924564382,0.003462763365030431
47.875,0.004986274296600038,0.0034626904837500266
47.916666666666664,0.004986169431428617,0.0034626176607143173
47.958333333333336,0.004986064636157759,0.0034625448862206664
48.0,0.0049859599059276965,0.003462472156894234
48.041666666666664,0.005093357143016334,0.0035370535715391204
48.083333333333336,0.005091350943940393,0.0035356603777363846
48.125,0.005090889743250666,0.0035353400994796295
48.166666666666664,0.005090736343339729,0.003535233571763701
48.208333333333336,0.005090620051833368,0.0035351528137731723
48.25,0.005090509422306804,0.0035350759877130584
48.291666666666664,0.005090399049653923,0.0035349993400374466
48.333333333333336,0.005090288384858664,0.0035349224894851835
48.375,0.005090178248947407,0.003534846006213477
48.416666666666664,0.0050900688639669185,0.0035347700444214713
48.458333333333336,0.0050899600029415985,0.003534694446487221
48.5,0.005089851451243189,0.0035346190633633256
48.541666666666664,0.005089743129691798,0.0035345438400637484
48.583333333333336,0.005089635024926777,0.003534468767310262
48.625,0.00508952712577928,0.0035343938373467226
48.666666666666664,0.005089419409488048,0.0035343190343666998
48.708333333333336,0.005089311856449173,0.00353424434475637
48.75,0.005089204442421885,0.003534169751681864
48.791666666666664,0.005089097148621447,0.0035340952420982266
48.833333333333336,0.005088989961192424,0.003534020806383628
48.875,0.005088882866377361,0.0035339464349842782
48.916666666666664,0.00508877585543299,0.0035338721218284657
48.958333333333336,0.005088668915518603,0.00353379785799903
49.0,0.00508856203906043,0.0035337236382364094
49.041666666666664,0.005195957132481859,0.003608303564223513
49.083333333333336,0.005193948772542149,0.0036069088698209364
49.125,0.005193485432885772,0.0036065871061706748
49.166666666666664,0.005193329935938813,0.0036064791221797317
49.208333333333336,0.005193211432723141,0.0036063968282799594
49.25,0.005193098503015106,0.003606318404871602
49.291666666666664,0.005192985979658484,0.003606240263651725
49.333333333333336,0.005192873282753546,0.003606162001912185
49.375,0.0051927610751159835,0.0036060840799416556
49.416666666666664,0.005192649555357618,0.003606006635665013
49.458333333333336,0.005192538538154501,0.00360592954038507
49.5,0.005192427835154741,0.0036058526633019035
49.541666666666664,0.005192317368888715,0.0036057759506171634
49.583333333333336,0.00519220712083258,0.0036056993894670697
49.625,0.005192097077502997,0.0036056229704881926
49.666666666666664,0.005191987216499825,0.003605546678124879
49.708333333333336,0.005191877518019626,0.0036054704986247404
49.75,0.005191767959010648,0.0036053944159796163
49.791666666666664,0.005191658520251915,0.003605318416841608
49.833333333333336,0.005191549188383096,0.0036052424919327053
49.875,0.005191439949060868,0.0036051666312922697
49.916666666666664,0.00519133079335582,0.00360509082871932
49.958333333333336,0.005191221709516721,0.0036050150760532787
50.0,0.0051911126880166795,0.0036049393666782495
50.041666666666664,0.005298505619814151,0.0036795177915376043
50.083333333333336,0.005296495120344515,0.0036781216113503574
50.125,0.005296029636787284,0.003677798358880059
50.166666666666664,0.005295872027462135,0.0036776889079598164
50.208333333333336,0.005295751339581382,0.0036776050969315154
50.25,0.005295636095898595,0.003677525066596247
50.291666666666664,0.005295521423827227,0.003677445433213352
50.333333333333336,0.0052954066965067844,0.003677365761463045
50.375,0.0052952924204006,0.003677286403055972
50.416666666666664,0.005295178771609569,0.0036772074802844225
50.458333333333336,0.005295065602409223,0.003677128890561961
50.5,0.00529495274935145,0.003677050520382952
50.541666666666664,0.005294840138731281,0.0036769723185633898
50.583333333333336,0.005294727751053489,0.003676894271564923
50.625,0.00529461556069281,0.0036768163615922295
50.666666666666664,0.005294503556184857,0.0036767385806839286
50.708333333333336,0.0052943917107399745,0.003676660910236094
50.75,0.005294280006977661,0.003676583338178931
50.791666666666664,0.0052941684237996275,0.0036765058498608523
50.833333333333336,0.005294056948896397,0.003676428436733609
50.875,0.005293945567670298,0.0036763510886599297
50.916666666666664,0.0052938342661375355,0.003676273795928844
50.958333333333336,0.00529372304027005,0.00367619655574309
51.0,0.005293611878602256,0.003676119360140456
51.041666666666664,0.005401002654571429,0.003750696287896826
51.083333333333336,0.005398990006940044,0.0037492986159305868
51.125,0.005398522367177615,0.003748973866095566
51.166666666666664,0.005398362677495042,0.0037488629704826686
51.208333333333336,0.005398239798536999,0.003748777637872916
51.25,0.005398122244290318,0.0037486960029793877
51.291666666666664,0.005398005423449037,0.003748614877395165
51.333333333333336,0.0053978886575849795,0.0037485337899895695
51.375,0.005397772310558546,0.003748452993443435
51.416666666666664,0.005397656536519268,0.0037483725948050475
51.458333333333336,0.005397541219279548,0.003748292513388575
51.5,0.005397426217923292,0.0037482126513356195
51.541666666666664,0.005397311463612548,0.003748132960842047
51.583333333333336,0.005397196934594489,0.0037480534268017293
51.625,0.005397082603526153,0.003747974030226495
51.666666666666664,0.00539696845632987,0.003747894761340188
51.708333333333336,0.005396854467994902,0.0037478156027742375
51.75,0.005396740620586721,0.003747736542074112
51.791666666666664,0.005396626894693979,0.0037476575657597083
51.833333333333336,0.005396513276003354,0.0037475786638912186
51.875,0.005396399751998208,0.0037474998277765336
51.916666666666664,0.005396286308580339,0.003747421047625236
51.958333333333336,0.005396172939407872,0.0037473423190332446
52.0,0.005396059635196545,0.003747263635553156
52.041666666666664,0.0055034482691649405,0.0038218390758089867
52.083333333333336,0.005501433469325099,0.003820439909253541
52.125,0.005500963639078876,0.0038201136382492195
52.166666666666664,0.005500801903280701,0.0038200013217227088
52.208333333333336,0.005500676841845118,0.003819914473503555
52.25,0.005500556991458643,0.0038198312440685016
52.291666666666664,0.005500438017912236,0.0038197486235501637
52.333333333333336,0.005500319199821358,0.0038196661109870544
52.375,0.005500200776438046,0.0038195838725264214
52.416666666666664,0.00550008287918768,0.003819501999435889
52.458333333333336,0.005499965416929193,0.0038194204284230505
52.5,0.005499848268786631,0.003819339075546271
52.541666666666664,0.0054997313714941366,0.003819257896870928
52.583333333333336,0.00549961470162755,0.003819176876130243
52.625,0.005499498230604447,0.0038190959934753105
52.666666666666664,0.00549938194191336,0.003819015237439834
52.708333333333336,0.005499265812067553,0.0038189345917135783
52.75,0.005499149822264758,0.0038188540432394155
52.791666666666664,0.005499033954373647,0.0038187735794261444
52.833333333333336,0.005498918193424029,0.003818693189877798
52.875,0.00549880252714779,0.003818612866074855
52.916666666666664,0.005498686942904864,0.003818532599239489
52.958333333333336,0.005498571431188236,0.0038184523827696094
53.0,0.005498455984656091,0.00381837221156673
53.041666666666664,0.005605842483988288,0.0038929461694363105
53.083333333333336,0.005603825532195931,0.003891545508469396
53.125,0.0056033537701439835,0.003891217895933322
53.166666666666664,0.005603189892616664,0.0038911040920949066
53.208333333333336,0.005603062371821618,0.0038910155359872353
53.25,0.005602940332926709,0.0038909307867546587
53.291666666666664,0.005602818993632787,0.0038908465233561023
53.333333333333336,0.005602698136412454,0.0038907625947308703
53.375,0.005602577774994508,0.003890679010412853
53.416666666666664,0.005602457830687373,0.00389059571575512
53.458333333333336,0.005602338234740658,0.0038905126630143453
53.5,0.0056022189329690275,0.003890429814561825
53.541666666666664,0.005602099889916377,0.0038903471457752622
53.583333333333336,0.005601981077713375,0.003890264637300955
53.625,0.005601862469588409,0.0038901822705475065
53.666666666666664,0.005601744041686273,0.0038901000289488005
53.708333333333336,0.005601625771958532,0.003890017897193425
53.75,0.005601507641123875,0.0038899358618915804
53.791666666666664,0.0056013896339023005,0.0038898539124321532
53.833333333333336,0.005601271733451942,0.003889772037119404
53.875,0.005601153928782339,0.0038896902283210685
53.916666666666664,0.0056010362069580655,0.0038896084770542127
53.958333333333336,0.005600918558486368,0.003889526776726645
54.0,0.005600800974889359,0.0038894451214509444
54.041666666666664,0.0057081853460838675,0.00396401760144713
54.083333333333336,0.005706166240207594,0.003962615444588607
54.125,0.005705692386415201,0.003962286379455001
54.166666666666664,0.005705526347637566,0.00396217107474831
54.208333333333336,0.005705396918199955,0.003962081193194414
54.25,0.005705272360208532,0.0039619946945892584
54.291666666666664,0.0057051488756541925,0.003961908941426523
54.333333333333336,0.005705025876349439,0.003961823525242666
54.375,0.005704903434166895,0.0039617384959492324
54.416666666666664,0.005704781400072801,0.003961653750050556
54.458333333333336,0.005704659672776248,0.003961569217205728
54.5,0.005704538224160776,0.003961484877889428
54.541666666666664,0.005704417038106411,0.00396140072090723
54.583333333333336,0.005704296085307446,0.003961316725907949
54.625,0.005704175339838295,0.003961232874887706
54.666666666666664,0.005704054773732428,0.003961149148425297
54.708333333333336,0.0057039343635201375,0.003961065530222317
54.75,0.005703814091130508,0.003960982007729519
54.791666666666664,0.005703693940297119,0.003960898569650778
54.833333333333336,0.005703573896809644,0.003960815206117808
54.875,0.0057034539487385095,0.003960731908846187
54.916666666666664,0.005703334082969991,0.003960648668729161
54.958333333333336,0.005703214291895881,0.0039605654804832505
55.0,0.0057030945677055,0.003960482338684375
55.041666666666664,0.005810476815849822,0.004035053344340155
55.083333333333336,0.005808455561024894,0.004033649695156176
55.125,0.005807979552614867,0.0040333191337603245
55.166666666666664,0.005807811290606064,0.0040332022851431
55.208333333333336,0.005807679898272065,0.004033111040466712
55.25,0.005807553055315557,0.004033022955080247
55.291666666666664,0.005807427360089709,0.004032935666728964
55.333333333333336,0.005807302372208947,0.0040328488695895465
55.375,0.0058071778071152776,0.004032762366052276
55.416666666666664,0.005807053613868056,0.0040326761207417055
55.458333333333336,0.005806929746222869,0.004032590101543659
55.5,0.005806806165932813,0.0040325042818977865
55.541666666666664,0.005806682846285927,0.004032418643254116
55.583333333333336,0.005806559756903716,0.00403233316451647
55.625,0.0058064368727749035,0.0040322478283159055
55.666666666666664,0.005806314168025314,0.004032162616684246
55.708333333333336,0.005806191620366321,0.004032077514143279
55.75,0.005806069210520798,0.004031992507306109
55.791666666666664,0.005805946922397352,0.004031907584998162
55.833333333333336,0.005805824739807666,0.004031822735977545
55.875,0.005805702650879646,0.004031737951999754
55.916666666666664,0.005805580646409188,0.004031653226673046
55.958333333333336,0.005805458715551023,0.004031568552465989
56.0,0.00580533684648689,0.004031483921171451
56.041666666666664,0.005912716972428393,0.004106053453075273
56.083333333333336,0.005910693559118099,0.004104648304943125
56.125,0.005910215429682779,0.004104316270613041
56.166666666666664,0.005910045044258583,0.004104197947401793
56.208333333333336,0.005909911428496186,0.004104105158677907
56.25,0.005909782621327841,0.004104015709255446
56.291666666666664,0.005909654868894249,0.004103926992287674
56.333333333333336,0.005909527602269851,0.004103838612687396
56.375,0.0059094008386740655,0.004103750582412546
56.416666666666664,0.005909274514432735,0.004103662857244956
56.458333333333336,0.005909148508570887,0.004103575353174228
56.5,0.0059090227959984,0.0041034880527766665
56.541666666666664,0.0059088973424078,0.004103400932227639
56.583333333333336,0.005908772120075594,0.004103313972274719
56.625,0.0059086471028941285,0.004103227154787589
56.666666666666664,0.005908522265341424,0.004103140462042656
56.708333333333336,0.00590839758467732,0.004103053878248139
56.75,0.005908273042083482,0.0041029673903357515
56.791666666666664,0.005908148620427069,0.004102880986407687
56.833333333333336,0.005908024305517948,0.004102794656609687
56.875,0.005907900085039571,0.004102708392388591
56.916666666666664,0.005907775947796394,0.004102622185969719
56.958333333333336,0.005907651884382107,0.004102536030820908
57.0,0.0059075278860310325,0.004102449920854884
57.041666666666664,0.006014905887533401,0.004177017977453751
57.083333333333336,0.006012880313523882,0.004175611328836029
57.125,0.006012400028181719,0.004175277797348416
57.166666666666664,0.006012227542527422,0.004175158015644043
57.208333333333336,0.006012091765324994,0.0041750637259201345
57.25,0.00601196071328196,0.0041749727175569165
57.291666666666664,0.0060118310296770425,0.004174882659497946
57.333333333333336,0.006011701665195689,0.004174792823052562
57.375,0.006011572653838833,0.004174703231832523
57.416666666666664,0.006011444156511294,0.004174613997577287
57.458333333333336,0.006011316027197968,0.004174525018887478
57.5,0.006011188169575264,0.004174436228871711
57.541666666666664,0.006011060561654403,0.004174347612260003
57.583333333333336,0.006010933190907994,0.004174259160352773
57.625,0.0060108060291566645,0.004174170853581017
57.666666666666664,0.00601067905163991,0.004174082674749937
57.708333333333336,0.006010552233083906,0.004173994606308269
57.75,0.006010425552658191,0.004173906633790411
57.791666666666664,0.0060102989951163355,0.004173818746608567
57.833333333333336,0.0060101725425030054,0.004173730932293754
57.875,0.00601004618468494,0.004173643183808987
57.916666666666664,0.006009919910502963,0.004173555493404836
57.958333333333336,0.006009793709189365,0.004173467853603725
58.0,0.006009667573671435,0.004173380259494052
58.041666666666664,0.006117043459600082,0.004247946846944502
58.083333333333336,0.00611501591573804,0.004246538830373639
58.125,0.006114533069720725,0.004246203520639392
58.166666666666664,0.006114358164171583,0.0042460820584524885
58.208333333333336,0.0061142205577926125,0.0042459864984670925
58.25,0.006114088144015201,0.004245894544455001
58.291666666666664,0.00611395627679174,0.0042458029699942645
58.333333333333336,0.006113824470099281,0.004245711437568946
58.375,0.006113693179179194,0.004245620263318885
58.416666666666664,0.006113562485154602,0.004245529503579585
58.458333333333336,0.006113432213967699,0.004245439037477569
58.5,0.006113302233918976,0.004245348773554844
58.541666666666664,0.006113172504454289,0.004245258683648812
58.583333333333336,0.006113043000661994,0.004245168750459718
58.625,0.0061129137023872675,0.004245078959991158
58.666666666666664,0.00611278458614796,0.004244989295936083
58.708333333333336,0.00611265562897081,0.004244899742340841
58.75,0.006112526811361214,0.0042448102856675095
58.791666666666664,0.00611239811527557,0.004244720913385813
58.833333333333336,0.006112269527699288,0.004244631616457839
58.875,0.00611214103369223,0.004244542384508493
58.916666666666664,0.006112012620061297,0.0042444532083759
58.958333333333336,0.006111884280631464,0.00424436408377185
59.0,0.006111756006155893,0.004244275004274926
59.041666666666664,0.006219129768936835,0.004318840117317246
59.083333333333336,0.006217100073518428,0.004317430606610019
59.125,0.006216615107087849,0.004317093824366562
59.166666666666664,0.006216438090429553,0.004316970896131635
59.208333333333336,0.006216298302198907,0.004316873820971463
59.25,0.006216163693249599,0.004316780342534444
59.291666666666664,0.006216029737029741,0.004316687317381765
59.333333333333336,0.006215895849549996,0.0043165943399652755
59.375,0.006215762428451026,0.004316501686424323
59.416666666666664,0.006215629587223321,0.00431640943557175
59.458333333333336,0.006215497177831617,0.00431631748460529
59.5,0.006215365066553981,0.004316225740662486
59.541666666666664,0.006215233203314835,0.004316134168968636
59.583333333333336,0.006215101568041826,0.004316042755584602
59.625,0.006214970136000142,0.004315951483333432
59.666666666666664,0.006214838886073605,0.004315860337551115
59.708333333333336,0.006214707795118496,0.004315769302165622
59.75,0.006214576843547615,0.004315678363574733
59.791666666666664,0.006214446013813965,0.004315587509593032
59.833333333333336,0.0062143152916387156,0.004315496730304663
59.875,0.006214184663826035,0.004315406016545858
59.916666666666664,0.006214054118132412,0.004315315359814175
59.958333333333336,0.00621392364468135,0.004315224753250937
60.0,0.006213793236225783,0.004315134191823462
60.041666666666664,0.0063211654349742685,0.0043896982187321305
60.083333333333336,0.006319132403730778,0.004388286391479707
60.125,0.006318645922996708,0.004387948557636603
60.166666666666664,0.006318467277517595,0.004387824498276107
60.208333333333336,0.006318325294807702,0.004387725899172016
60.25,0.0063181876302334464,0.0043876302987732275
60.291666666666664,0.006318051445778841,0.004387535726235307
60.333333333333336,0.006317915695068757,0.004387441454908859
60.375,0.006317780374775339,0.004387347482482875
60.416666666666664,0.006317645500763482,0.004387253819974641
60.458333333333336,0.006317510958611742,0.004387160387924822
60.5,0.0063173766956596085,0.004387067149763617
60.541666666666664,0.006317242694605511,0.00438697409347605
60.583333333333336,0.006317108926749093,0.004386881199131315
60.625,0.006316975365935324,0.004386788448566198
60.666666666666664,0.006316841984741777,0.004386695822737346
60.708333333333336,0.006316708760749447,0.004386603306076004
60.75,0.006316575677066061,0.004386510886851431
60.791666666666664,0.006316442714885442,0.004386418552003779
60.833333333333336,0.006316309861560512,0.0043863262927503555
60.875,0.006316177102812486,0.004386234099175337
60.916666666666664,0.006316044427684734,0.004386141963669955
60.958333333333336,0.006315911826347246,0.00438604987940781
61.0,0.00631577929000992,0.004385957840284667
61.041666666666664,0.006423148792209739,0.0044605199945900965
61.083333333333336,0.006421114767337064,0.0044591074773174064
61.125,0.006420625530204206,0.004458767729308476
61.166666666666664,0.006420444871486352,0.004458642271865523
61.208333333333336,0.00642030057804961,0.004458542068090007
61.25,0.006420160949643913,0.004458445103919384
61.291666666666664,0.006420022514887315,0.004458348968671747
61.333333333333336,0.006419884644972132,0.004458253225675092
61.375,0.0064197472135835805,0.00445815778721082
61.416666666666664,0.006419610182305654,0.004458062626601149
61.458333333333336,0.006419473506694213,0.004457967712982092
61.5,0.006419337128380819,0.004457873005820013
61.541666666666664,0.006419201006697141,0.004457778476873015
61.583333333333336,0.00641906511051893,0.0044576841045270345
61.625,0.006418929416516993,0.004457589872581245
61.666666666666664,0.006418793900976213,0.004457495764566814
61.708333333333336,0.006418658544908348,0.004457401767297464
61.75,0.006418523328108369,0.004457307866741923
61.791666666666664,0.006418388233498204,0.004457214051040419
61.833333333333336,0.006418253246087018,0.004457120309782651
61.875,0.006418118353403115,0.004457026634307719
61.916666666666664,0.006417983544373138,0.00445693301692579
61.958333333333336,0.006417848809674429,0.004456839451162798
62.0,0.006417714141474194,0.004456745931579301
62.041666666666664,0.00652508156833483,0.004531306644676966
62.083333333333336,0.0065230453404839135,0.004529892597558274
62.125,0.006522554068824151,0.004529551436683438
62.166666666666664,0.006522370627115937,0.004529424046608289
62.208333333333336,0.0065222242920361904,0.004529322425025133
62.25,0.006522083042454315,0.004529224335037719
62.291666666666664,0.006521942781157843,0.004529126931359612
62.333333333333336,0.0065218027875579235,0.004529029713581892
62.375,0.00652166304731102,0.004528932671743764
62.416666666666664,0.006521523761831802,0.004528835945716529
62.458333333333336,0.006521384919099314,0.004528739527152301
62.5,0.006521246413487766,0.004528643342699838
62.541666666666664,0.006521108160063897,0.0045285473333777065
62.583333333333336,0.006520970132612644,0.0045284514809810035
62.625,0.006520832298064469,0.00452835576254477
62.666666666666664,0.00652069464413207,0.00452826016953616
62.708333333333336,0.00652055715499643,0.004528164690969743
62.75,0.006520419808601291,0.004528069311528674
62.791666666666664,0.006520282583129816,0.0045279740160623725
62.833333333333336,0.006520145465073523,0.004527878795189947
62.875,0.0065200084413135065,0.004527783639801046
62.916666666666664,0.0065198715004502915,0.00452768854197937
62.958333333333336,0.006519734635228286,0.00452759349668631
63.0,0.006519597834846471,0.004527498496421161
63.041666666666664,0.006626963069424763,0.00460205768710053
63.083333333333336,0.006624924158427693,0.004600641776685898
63.125,0.006624431173040734,0.004600299425722732
63.166666666666664,0.006624246195039277,0.004600170968777275
63.208333333333336,0.0066240981576182745,0.004600068165012691
63.25,0.0066239538918711205,0.004599967980466056
63.291666666666664,0.006623811280047452,0.004599868944477397
63.333333333333336,0.006623669139087204,0.004599770235477225
63.375,0.00662352742036278,0.004599671819696375
63.416666666666664,0.00662338612443593,0.004599573697524952
63.458333333333336,0.006623245188532163,0.004599475825369559
63.5,0.006623104556600874,0.004599378164306163
63.541666666666664,0.006622964166063115,0.004599280670877164
63.583333333333336,0.006622824004011829,0.0045991833361193266
63.625,0.006622684047752518,0.004599086144272582
63.666666666666664,0.006622544272835126,0.004598989078357726
63.708333333333336,0.006622404656407469,0.004598892122505188
63.75,0.006622265178739981,0.004598795263013876
63.791666666666664,0.006622125825053489,0.004598698489620478
63.833333333333336,0.006621986578373663,0.004598601790537267
63.875,0.006621847428045702,0.004598505158365071
63.916666666666664,0.006621708361012196,0.004598408584036247
63.958333333333336,0.006621569367856703,0.0045983120610116
64.0,0.006621430439951419,0.004598215583299597
64.04166666666667,0.006728793546600157,0.0046727732962501085
64.08333333333333,0.006726752508629228,0.004671355908770297
64.125,0.006726257385955329,0.0046710120735800895
64.16666666666667,0.006726070279602967,0.004670882138613172
64.20833333333333,0.006725920138757983,0.004670777874137488
64.25,0.0067257736970013525,0.004670676178473162
64.29166666666667,0.006725628970949076,0.0046705756742701915
64.33333333333333,0.006725484691975343,0.004670475480538433
64.375,0.006725340840367791,0.004670375583588744
64.41666666666667,0.006725197429241134,0.004670275992528565
64.45833333333333,0.006725054357688508,0.004670176637283687
64.5,0.0067249115938651655,0.004670077495739698
64.54166666666667,0.006724769072713574,0.0046699785227177605
64.58333333333333,0.006724626780498856,0.004669879708679762
64.625,0.006724484695157333,0.0046697810383037035
64.66666666666667,0.0067243427916383065,0.004669682494193268
64.70833333333333,0.00672420104637694,0.004669584059983987
64.75,0.006724059441091378,0.004669485722980124
64.79166666666667,0.0067239179562109,0.004669387469590902
64.83333333333333,0.006723776579469586,0.004669289291298324
64.875,0.00672363529792346,0.004669191179113514
64.91666666666667,0.006723494100318881,0.004669093125221445
64.95833333333333,0.006723352978001452,0.004668995123612119
65.0,0.006723211921200754,0.004668897167500524
65.04166666666667,0.006830572898125153,0.004743453401475801
65.08333333333333,0.006828530360073751,0.004742034972273439
65.125,0.006828032403942632,0.004741689169404605
65.16666666666667,0.006827842737030314,0.004741557456271052
65.20833333333333,0.006827690114190686,0.004741451468187977
65.25,0.006827542616254999,0.0047413490390659715
65.29166666666667,0.0068273958930821135,0.00474124714797369
65.33333333333333,0.006827249360077524,0.004741145388942725
65.375,0.0068271032490429115,0.004741043922946467
65.41666666666667,0.006826957643827764,0.004740942808213725
65.45833333333333,0.006826812443590667,0.00474084197471574
65.5,0.0068266675408146646,0.004740741347787962
65.54166666666667,0.006826522895475364,0.00474064089963567
65.58333333333333,0.006826378468479416,0.004740540603110706
65.625,0.006826234251243452,0.004740440452252397
65.66666666666667,0.006826090215078524,0.004740340427137864
65.70833333333333,0.00682594634133088,0.004740240514813111
65.75,0.006825802602942144,0.0047401406964876006
65.79166666666667,0.006825658990552958,0.004740040965661777
65.83333333333333,0.006825515482193024,0.0047399413070784895
65.875,0.006825372068948849,0.004739841714547812
65.91666666666667,0.006825228746469097,0.004739742185047984
65.95833333333333,0.006825085493490865,0.004739642703813101
66.0,0.006824942309070096,0.004739543270187567
66.04166666666667,0.006932301163791241,0.004814098030410584
66.08333333333333,0.006930256497413409,0.004812678123203756
66.125,0.006929756421879548,0.004812330848527464
66.16666666666667,0.006929564623324162,0.004812197655086225
66.20833333333333,0.006929409872361344,0.0048120901891398225
66.25,0.006929260235765488,0.004811986274837145
66.29166666666667,0.006929111394568773,0.004811882912894981
66.33333333333333,0.0069289627505451324,0.004811779687878564
66.375,0.006928814516078664,0.004811676747276851
66.41666666666667,0.006928666780963724,0.00481157415344703
66.45833333333333,0.006928519452081568,0.004811471841723311
66.5,0.006928372424537748,0.004811369739262326
66.54166666666667,0.00692822565313453,0.004811267814676757
66.58333333333333,0.006928079100916732,0.004811166042303286
66.625,0.006927932755774645,0.004811064413732392
66.66666666666667,0.00692778659361181,0.004810962912230423
66.70833333333333,0.006927640594320655,0.004810861523833789
66.75,0.0069274947300284285,0.004810760229186408
66.79166666666667,0.006927348989991707,0.004810659020827574
66.83333333333333,0.006927203357140741,0.004810557886903293
66.875,0.0069270578168610965,0.00481045681726465
66.91666666666667,0.006926912366493247,0.0048103558100647545
66.95833333333333,0.006926766988126107,0.004810254852865352
67.0,0.006926621676231713,0.004810153941827578
67.04166666666667,0.007033978425488527,0.004884707239922588
67.08333333333333,0.007031931597959683,0.0048832858319164466
67.125,0.007031429439622332,0.004882937110848842
67.16666666666667,0.007031234640995635,0.004882801834024747
67.20833333333333,0.007031078931851692,0.004882693702674786
67.25,0.0070309269833984086,0.004882588182915561
67.29166666666667,0.007030776070446939,0.004882483382254819
67.33333333333333,0.007030624931865684,0.004882378424906725
67.375,0.007030474661853742,0.004882274070731766
67.41666666666667,0.00703032489328726,0.00488217006478282
67.45833333333333,0.007030175427381224,0.0048820662690147384
67.5,0.00703002624888354,0.004881962672835792
67.54166666666667,0.007029877216180328,0.004881859177903006
67.58333333333333,0.007029728496197353,0.004881755900137051
67.625,0.007029580005589828,0.004881652781659603
67.66666666666667,0.007029431668767289,0.004881549769977284
67.70833333333333,0.0070292836634622885,0.004881446988515478
67.75,0.007029135708646295,0.004881344242115483
67.79166666666667,0.007028987910759059,0.00488124160469379
67.83333333333333,0.007028840203275911,0.004881139030052716
67.875,0.007028692560769266,0.004881036500534212
67.91666666666667,0.007028544979248123,0.004880934013366752
67.95833333333333,0.007028397472182569,0.004880831577904562
68.0,0.007028250029447009,0.004880729187115979
68.04166666666667,0.007135604677291848,0.004955281025897117
68.08333333333333,0.007133555696436193,0.004953858122525134
68.125,0.0071330515231383,0.004953508002179375
68.16666666666667,0.007132855113188204,0.004953371606380697
68.20833333333333,0.0071326971291758605,0.004953261895261014
68.25,0.007132543118331227,0.004953154943285574
68.29166666666667,0.007132389254384553,0.004953048093322606
68.33333333333333,0.007132236163124513,0.0049529417799475785
68.375,0.007132083844353444,0.004952836003023225
68.41666666666667,0.0071319319891929986,0.004952730548050693
68.45833333333333,0.007131780429352187,0.004952625298161242
68.5,0.007131629132930917,0.004952520231202026
68.54166666666667,0.007131478095503558,0.004952415344099694
68.58333333333333,0.007131327297156106,0.004952310623025074
68.625,0.007131176712236892,0.004952206050164509
68.66666666666667,0.007131026307023428,0.004952101602099602
68.70833333333333,0.007130876060369978,0.004951997264145818
68.75,0.00713072594762492,0.004951893019183972
68.79166666666667,0.007130575957138459,0.00495178885912393
68.83333333333333,0.007130426073792052,0.0049516847734667035
68.875,0.007130276280444166,0.004951580750308449
68.91666666666667,0.007130126570852657,0.0049514767853143455
68.95833333333333,0.007129976941435464,0.0049513728759968505
69.0,0.007129827378791304,0.004951269013049517
69.04166666666667,0.007237179917756528,0.0050258193873309225
69.08333333333333,0.007235128798351323,0.005024394998855085
69.125,0.0072346224557204315,0.005024043372028078
69.16666666666667,0.0072344243303153885,0.005023905784941243
69.20833333333333,0.007234261426361231,0.005023792657195299
69.25,0.007234105784818646,0.005023684572790727
69.29166666666667,0.007233951536504633,0.005023577455905996
69.33333333333333,0.00723379636628405,0.005023469698808368
69.375,0.007233641973255529,0.005023362481427451
69.41666666666667,0.007233488230753471,0.005023255715801022
69.45833333333333,0.007233334907543041,0.005023149241349334
69.5,0.00723318162656079,0.005023042796222771
69.54166666666667,0.007233028259324004,0.005022936291197225
69.58333333333333,0.007232875113044588,0.005022829939614297
69.625,0.007232722243224571,0.005022723780017063
69.66666666666667,0.007232569667656287,0.0050226178247613105
69.70833333333333,0.007232417359166472,0.0050225120549767166
69.75,0.007232265355889025,0.005022406497145156
69.79166666666667,0.007232113266203838,0.00502230087930822
69.83333333333333,0.007231961432171093,0.005022195439007703
69.875,0.007231809726415,0.005022090087788194
69.91666666666667,0.007231657619159146,0.005021984457749406
69.95833333333333,0.007231505930601329,0.005021879118473145
70.0,0.007231354154042863,0.005021773718085322
70.04166666666667,0.007338704213955275,0.005096322370802274
70.08333333333333,0.007336650961366982,0.005094896500949293
70.125,0.007336142691453535,0.005094543535731621
70.16666666666667,0.007335942127109387,0.005094404254937074
70.20833333333333,0.0073357783204508215,0.00509429050031307
70.25,0.007335619235299079,0.005094180024513249
70.29166666666667,0.007335462970790902,0.005094071507493682
70.33333333333333,0.007335306693130205,0.005093962981340421
70.375,0.0073351500375305545,0.005093854192729552
70.41666666666667,0.007334993504970063,0.0050937454895625435
70.45833333333333,0.007334837457615535,0.005093637123344122
70.5,0.007334681865135262,0.005093529073010599
70.54166666666667,0.007334526604375644,0.005093421253038642
70.58333333333333,0.0073343715924090655,0.005093313605839629
70.625,0.0073342167649730105,0.005093206086786813
70.66666666666667,0.007334062107135623,0.005093098685510849
70.70833333333333,0.007333907600158401,0.005092991388998889
70.75,0.007333753240222105,0.005092884194598684
70.79166666666667,0.007333599002772803,0.005092777085258891
70.83333333333333,0.007333444880027047,0.005092670055574338
70.875,0.0073332908522091705,0.005092563091811924
70.91666666666667,0.007333136907907127,0.005092456186046615
70.95833333333333,0.00733298303938657,0.00509234933290734
71.0,0.007332829232789638,0.005092242522770582
71.04166666666667,0.007440177348214374,0.005166789825148871
71.08333333333333,0.007438121805359091,0.005165362364832703
71.125,0.007437611672794894,0.005165008106107565
71.16666666666667,0.007437409550229199,0.005164867743214722
71.20833333333333,0.0074372439167256525,0.00516475271994837
71.25,0.007437083266498301,0.005164641157290486
71.29166666666667,0.007436923518220661,0.00516453022098657
71.33333333333333,0.007436764361314187,0.005164419695357074
71.375,0.007436605725110325,0.005164309531326614
71.41666666666667,0.007436447479828309,0.005164199638769659
71.45833333333333,0.007436289539893023,0.005164089958259044
71.5,0.007436131881701089,0.0051639804734035346
71.54166666666667,0.007435974483677836,0.00516387116922072
71.58333333333333,0.0074358173200768695,0.00516376202783116
71.625,0.007435660364367586,0.005163653030810823
71.66666666666667,0.007435503588358984,0.005163544158582628
71.70833333333333,0.00743534696974697,0.005163435395657618
71.75,0.007435190489086948,0.005163326728532603
71.79166666666667,0.0074350341314254765,0.005163218146823248
71.83333333333333,0.007434877881268581,0.005163109639769848
71.875,0.007434721725742728,0.0051630011984324506
71.91666666666667,0.007434565653735512,0.005162892815094106
71.95833333333333,0.0074344096561428305,0.005162784483432522
72.0,0.00743425372573975,0.005162676198430382
72.04166666666667,0.007541599400791806,0.005237221806105421
72.08333333333333,0.007539542528986114,0.0052357934229070235
72.125,0.007539029937955517,0.005235437456913554
72.16666666666667,0.007538825767694664,0.005235295672010184
72.20833333333333,0.0075386576573087056,0.005235178928686602
72.25,0.00753849485166231,0.005235065869209938
72.29166666666667,0.007538333465148049,0.005234953795241701
72.33333333333333,0.007538172305412614,0.00523484187875876
72.375,0.007538011358970596,0.005234730110396247
72.41666666666667,0.007537850818176102,0.005234618623733404
72.45833333333333,0.0075376907057095495,0.0052345074345205205
72.5,0.007537530935920743,0.005234396483278294
72.54166666666667,0.007537371432305066,0.005234285716878518
72.58333333333333,0.0075372121593617536,0.005234175110667885
72.625,0.007537053077789706,0.005234064637353963
72.66666666666667,0.007536894177510424,0.005233954289937795
72.70833333333333,0.0075367354356392375,0.005233844052527248
72.75,0.007536576835760556,0.005233733913722608
72.79166666666667,0.007536418361022783,0.005233623861821377
72.83333333333333,0.007536259994434042,0.005233513885023641
72.875,0.0075361017234725275,0.0052334039746337
72.91666666666667,0.007535943535635874,0.005233294121969357
72.95833333333333,0.007535785419742987,0.005233184319265963
73.0,0.007535627367465879,0.005233074560740194
73.04166666666667,0.007642971190050359,0.005307618881979417
73.08333333333333,0.0076409116430045465,0.00530618864097538
73.125,0.0076403971873878545,0.0053058313801304545
73.16666666666667,0.007640190788909371,0.005305688047853731
73.20833333333333,0.0076400208371851346,0.00530557002582301
73.25,0.0076398558145312255,0.0053054554267577955
73.29166666666667,0.0076396919979015935,0.0053053416652094395
73.33333333333333,0.007639528683238733,0.00530522825224912
73.375,0.0076393657834230725,0.005305115127377134
73.41666666666667,0.007639203250084393,0.005305002257003051
73.45833333333333,0.0076390410487624716,0.0053048896171961615
73.5,0.0076388791444983875,0.0053047771836794355
73.54166666666667,0.007638717507438055,0.005304664935720872
73.58333333333333,0.007638556106657067,0.005304552851845185
73.625,0.007638394912756559,0.0053044409116364995
73.66666666666667,0.00763823389830795,0.0053043290960471876
73.70833333333333,0.00763807304018794,0.0053042173890194035
73.75,0.007637912320589609,0.005304105778187228
73.79166666666667,0.007637751722537699,0.005303994251762292
73.83333333333333,0.0076375912337261495,0.005303882801198715
73.875,0.007637430841477815,0.005303771417692927
73.91666666666667,0.0076372705347579764,0.005303660093581928
73.95833333333333,0.007637110303727789,0.005303548822033187
74.0,0.0076369501389670115,0.005303437596504869
74.04166666666667,0.0077442919836255885,0.005377980544184437
74.08333333333333,0.007742230348427981,0.0053765488530749875
74.125,0.007741713556295386,0.005376189969649574
74.16666666666667,0.007741505176156096,0.005376045261219512
74.20833333333333,0.007741333326992141,0.00537592592152232
74.25,0.007741166073608672,0.005375809773339356
74.29166666666667,0.007740999846147757,0.0053756943376026085
74.33333333333333,0.007740834344276894,0.005375579405747843
74.375,0.007740669383488324,0.0053754648496446705
74.41666666666667,0.00774050476781771,0.005375350533206743
74.45833333333333,0.007740340475349759,0.005375236441215111
74.5,0.00774017647294739,0.00537512255065791
74.54166666666667,0.007740012728700777,0.00537500883937554
74.58333333333333,0.007739849210940536,0.005374895285375373
74.625,0.007739685897695423,0.0053747818733995995
74.66666666666667,0.007739522763017221,0.005374668585428626
74.70833333333333,0.0077393597886076405,0.005374555408755306
74.75,0.007739196952988618,0.0053744423284643175
74.79166666666667,0.0077390342404167695,0.005374329333622757
74.83333333333333,0.007738871634924672,0.005374216413142134
74.875,0.00773870912455257,0.005374103558717063
74.91666666666667,0.007738546698555964,0.005373990762886086
74.95833333333333,0.007738384347064569,0.005373878018794839
75.0,0.007738222062415334,0.00537376532112176
75.04166666666667,0.007845561776394365,0.005448306789162754
75.08333333333333,0.00784349803390105,0.005446873634653507
75.125,0.00784297919331313,0.005446513328689673
75.16666666666667,0.007842768234974158,0.005446366829843165
75.20833333333333,0.007842594110303584,0.005446245909933044
75.25,0.007842425194414982,0.005446128607232627
75.29166666666667,0.007842256874416947,0.005446011718345103
75.33333333333333,0.00784208903492467,0.005445895163142133
75.375,0.007841922040285627,0.005445779194642797
75.41666666666667,0.007841755532152524,0.005445663563994808
75.45833333333333,0.00784158917269383,0.005445548036592937
75.5,0.007841423019770139,0.005445432652618152
75.54166666666667,0.007841257106764334,0.005445317435253011
75.58333333333333,0.007841091460423865,0.005445202403072128
75.625,0.007840926028550561,0.005445087519826778
75.66666666666667,0.007840760783379416,0.005444972766235705
75.70833333333333,0.007840595703647937,0.00544485812753329
75.75,0.00784043075452335,0.005444743579530105
75.79166666666667,0.007840265914731748,0.005444629107452603
75.83333333333333,0.00784010118826226,0.005444514714071014
75.875,0.007839936555225037,0.005444400385572942
75.91666666666667,0.00783977200862003,0.005444286117097243
75.95833333333333,0.007839607544960414,0.0054441719062225105
76.0,0.00783944314641521,0.0054440577405661175
76.04166666666667,0.007946780347493037,0.005518597463536831
76.08333333333333,0.007944714916656766,0.0055171631365672
76.125,0.007944193173734527,0.005516800815093422
76.16666666666667,0.007943980473580798,0.005516653106653332
76.20833333333333,0.007943804470102254,0.005516530882015455
76.25,0.007943633774593149,0.0055164123434674655
76.29166666666667,0.00794346351355591,0.005516294106636049
76.33333333333333,0.007943293653606312,0.005516176148337717
76.375,0.007943124337231527,0.005516058567521894
76.41666666666667,0.007942955463779319,0.005515941294291194
76.45833333333333,0.007942786925217058,0.005515824253622957
76.5,0.007942618681627277,0.005515707417796721
76.54166666666667,0.007942450694429443,0.005515590760020447
76.58333333333333,0.00794228293966521,0.005515474263656396
76.625,0.00794211539704467,0.005515357914614353
76.66666666666667,0.007941948031638538,0.005515241688637874
76.70833333333333,0.007941780825796843,0.005515125573470029
76.75,0.007941613758030491,0.005515009554187842
76.79166666666667,0.007941446809339725,0.005514893617597032
76.83333333333333,0.007941279966264212,0.005514777754350148
76.875,0.007941113219635981,0.0055146619580805425
76.91666666666667,0.007940946559190044,0.0055145462216597526
76.95833333333333,0.007940779973113363,0.005514430536884279
77.0,0.00794061345506601,0.0055143148993513965
77.04166666666667,0.008047948503261789,0.005588853127265131
77.08333333333333,0.00804588100543065,0.005587417364882397
77.125,0.00804535685393224,0.005587053370786277
77.16666666666667,0.008045142086044734,0.005586904226419954
77.20833333333333,0.008044964444552643,0.0055867808642726694
77.25,0.008044790319904177,0.0055866599443779
77.29166666666667,0.008044618515696406,0.005586540635900282
77.33333333333333,0.00804444732414493,0.005586421752878423
77.375,0.008044275927992617,0.005586302727772651
77.41666666666667,0.008044104721494822,0.005586183834371404
77.45833333333333,0.008043933961145049,0.005586065250795173
77.5,0.008043763596350093,0.005585946941909787
77.54166666666667,0.008043593515348463,0.005585828830103099
77.58333333333333,0.00804342365345359,0.005585710870453882
77.625,0.008043253994970918,0.0055855930520631375
77.66666666666667,0.008043084508975253,0.005585475353455037
77.70833333333333,0.008042915183001374,0.005585357765973176
77.75,0.008042745999565776,0.005585240277476234
77.79166666666667,0.008042576940547273,0.00558512287538005
77.83333333333333,0.008042407991349592,0.0055850055495483275
77.875,0.00804223913773212,0.00558488829009175
77.91666666666667,0.008042070366378872,0.0055847710877631055
77.95833333333333,0.008041901669897326,0.005584653937428699
78.0,0.008041733038201899,0.005584536832084651
78.04166666666667,0.008149065963267381,0.005659073585602348
78.08333333333333,0.008146996361033712,0.005657636361828967
78.125,0.008146470049119852,0.005657270867444342
78.16666666666667,0.00814625304463275,0.005657120169883853
78.20833333333333,0.008146073503208315,0.0056569954883391085
78.25,0.008145898219981285,0.005656873763875893
78.29166666666667,0.008145723747156716,0.005656752602192164
78.33333333333333,0.008145549798065949,0.005656631804212464
78.375,0.0081453762551708,0.005656511288313056
78.41666666666667,0.008145203107764707,0.005656391047058826
78.45833333333333,0.008145030300536866,0.00565627104203949
78.5,0.0081448578073232,0.005656151255085556
78.54166666666667,0.008144685590007139,0.005656031659727181
78.58333333333333,0.008144513608040457,0.005655912227805873
78.625,0.008144341831583971,0.0056557929385999805
78.66666666666667,0.008144170234145511,0.00565567377371216
78.70833333333333,0.008143998796232784,0.0056555547196061005
78.75,0.00814382749707528,0.005655435761857833
78.79166666666667,0.008143656321740621,0.005655316890097653
78.83333333333333,0.00814348525467911,0.00565519809352716
78.875,0.008143314283463795,0.005655079363516524
78.91666666666667,0.008143143397084922,0.005654960692420086
78.95833333333333,0.008142972585427156,0.005654842073213303
79.0,0.008142801840461258,0.005654723500320318
79.04166666666667,0.008250133048969037,0.005729259061784054
79.08333333333333,0.008248061200040424,0.005727820277805851
79.125,0.00824753376768231,0.005727454005334937
79.16666666666667,0.008247314664336775,0.005727301850233872
79.20833333333333,0.008247131987980586,0.005727174991653185
79.25,0.00824695419825859,0.005727051526568465
79.29166666666667,0.008246777155441401,0.0057269285801676405
79.33333333333333,0.008246601315858778,0.005726806469346374
79.375,0.008246425911926812,0.0057266846610602865
79.41666666666667,0.008246250765764815,0.005726563031781121
79.45833333333333,0.008246075871088302,0.005726441577144655
79.5,0.008245901266141999,0.005726320323709721
79.54166666666667,0.008245726920417,0.005726199250289583
79.58333333333333,0.008245552823166101,0.005726078349420904
79.625,0.008245378934454182,0.005725957593370959
79.66666666666667,0.008245205229021876,0.005725836964598525
79.70833333333333,0.008245031679197165,0.00572571644388692
79.75,0.008244858268883545,0.005725596020058017
79.79166666666667,0.008244684980530038,0.005725475680923637
79.83333333333333,0.008244511800975565,0.005725355417344142
79.875,0.008244338718140672,0.005725235220931023
79.91666666666667,0.008244165720832534,0.005725115083911481
79.95833333333333,0.008243992799167293,0.005724994999421732
80.0,0.008243819943020737,0.0057248749604310685
80.04166666666667,0.008351148611203849,0.00579940875778045
80.08333333333333,0.0083490744823175,0.0057979683904982645
80.125,0.008348545247155014,0.005797600866079872
80.16666666666667,0.008348323497910313,0.00579744687354883
80.20833333333333,0.008348139620287128,0.0057973191807549505
80.25,0.008347960760369503,0.005797194972478823
80.29166666666667,0.008347781637780724,0.0057970705817921705
80.33333333333333,0.008347602891887657,0.005796946452699761
80.375,0.008347424915510089,0.005796822857993118
80.41666666666667,0.008347247608679666,0.005796699728249768
80.45833333333333,0.008347070683869126,0.005796576863798004
80.5,0.008346894011613088,0.0057964541747313105
80.54166666666667,0.008346717571241561,0.005796331646695529
80.58333333333333,0.008346541354554165,0.0057962092739959475
80.625,0.008346365342976746,0.005796087043733851
80.66666666666667,0.008346189520111952,0.005795964944522189
80.70833333333333,0.008346013861409863,0.0057958429593124045
80.75,0.008345838341030743,0.005795721070160238
80.79166666666667,0.008345662943840563,0.005795599266555946
80.83333333333333,0.008345487651670676,0.005795477535882413
80.875,0.00834531245420898,0.005795355870978459
80.91666666666667,0.008345137342298003,0.005795234265484725
80.95833333333333,0.00834496230227202,0.005795112709911126
81.0,0.008344787328600327,0.005794991200416894
81.04166666666667,0.008452114000583627,0.0058695236115164084
81.08333333333333,0.00845003730910243,0.005868081464654465
81.125,0.008449506377687621,0.005867712762283071
81.16666666666667,0.008449282407935306,0.0058675572277328515
81.20833333333333,0.008449096322200809,0.005867428001528339
81.25,0.008448915272984624,0.00586730227290599
81.29166666666667,0.008448734264059114,0.005867176572263274
81.33333333333333,0.00844855351098283,0.0058670510492936315
81.375,0.008448373403302028,0.005866925974515297
81.41666666666667,0.008448193901112221,0.00586680132021682
81.45833333333333,0.008448014820363252,0.0058666769585855915
81.5,0.008447836065190286,0.005866552823048809
81.54166666666667,0.008447657529952335,0.005866428840244677
81.58333333333333,0.008447479208205834,0.005866305005698496
81.625,0.008447301088094493,0.005866181311176732
81.66666666666667,0.008447123149863596,0.005866057742960831
81.70833333333333,0.00844694537531748,0.0058659342884149175
81.75,0.008446767744956013,0.005865810933997231
81.79166666666667,0.008446590237212864,0.005865687664731157
81.83333333333333,0.008446412836487914,0.005865564469783274
81.875,0.008446235530864836,0.005865441340878359
81.91666666666667,0.008446058308028664,0.005865318269464351
81.95833333333333,0.008445881160808693,0.0058651952505615924
82.0,0.008445704079537113,0.005865072277456328
82.04166666666667,0.008553029054034437,0.0059396035097461376
82.08333333333333,0.008550950317654302,0.005938159942815487
82.125,0.008550416425962418,0.005937789184696124
82.16666666666667,0.008550191404066688,0.005937632919490756
82.20833333333333,0.00855000241874382,0.005937501679683209
82.25,0.00854981845539848,0.005937373927360056
82.29166666666667,0.008549635514529523,0.005937246885089947
82.33333333333333,0.008549453077767824,0.005937120192894323
82.375,0.0085492711603711,0.005936993861368821
82.41666666666667,0.008549089637915258,0.005936867804107818
82.45833333333333,0.008548908425794186,0.005936741962357074
82.5,0.008548727500522471,0.005936616319807273
82.54166666666667,0.008548546830921242,0.005936490854806418
82.58333333333333,0.008548366397367235,0.005936365553727246
82.625,0.008548186173192779,0.005936240398050541
82.66666666666667,0.008548006133504784,0.005936115370489434
82.70833333333333,0.008547826253265674,0.0059359904536567185
82.75,0.008547646509830273,0.005935865631826578
82.79166666666667,0.008547466889639097,0.005935740895582706
82.83333333333333,0.008547287375684437,0.005935616233114193
82.875,0.008547107957848328,0.005935491637394673
82.91666666666667,0.008546928626508798,0.005935367101742221
82.95833333333333,0.008546749370147355,0.005935242618157885
83.0,0.008546570182238101,0.005935118182109793
83.04166666666667,0.008653893152028396,0.006009648022241942
83.08333333333333,0.008651812360870915,0.00600820302838258
83.125,0.008651276569291147,0.006007830950896629
83.16666666666667,0.008651048597189171,0.0060076726369369254
83.20833333333333,0.008650858272539268,0.006007540467041159
83.25,0.00865067214386189,0.006007411211015202
83.29166666666667,0.008650487099712018,0.006007282708133346
83.33333333333333,0.008650302572674571,0.006007154564357341
83.375,0.008650118425695333,0.006007026684510648
83.41666666666667,0.00864993468018437,0.006006899083461368
83.45833333333333,0.00864975131554,0.006006771746902778
83.5,0.008649568276631667,0.006006644636549769
83.54166666666667,0.008649385514107016,0.006006517718129872
83.58333333333333,0.008649202978264723,0.00600639095712828
83.625,0.008649020647204278,0.006006264338336304
83.66666666666667,0.008648838492302665,0.006006137841876851
83.70833333333333,0.008648656495928244,0.0060060114555057255
83.75,0.008648474642856107,0.006005885168650074
83.79166666666667,0.008648292913152203,0.006005758967466808
83.83333333333333,0.008648111292836685,0.006005632842247699
83.875,0.008647929766627942,0.006005506782380514
83.91666666666667,0.008647748325917155,0.006005380781886913
83.95833333333333,0.008647566959828079,0.006005254833213943
84.0,0.008647385658349105,0.0060051289294091
84.04166666666667,0.008754706477970213,0.006079657276368204
84.08333333333333,0.008752624191366161,0.006078211244004279
84.125,0.00875208514679436,0.006077836907496083
84.16666666666667,0.00875185589543634,0.006077677705164125
84.20833333333333,0.008751662556901215,0.006077543442292511
84.25,0.008751474771113136,0.006077413035495235
84.29166666666667,0.00875128795658357,0.0060772833031830335
84.33333333333333,0.008751101213327738,0.006077153620366486
84.375,0.008750914860928443,0.006077024208978087
84.41666666666667,0.008750728993013168,0.006076895134036922
84.45833333333333,0.008750543565064042,0.006076766364627808
84.5,0.008750358448373846,0.006076637811370727
84.54166666666667,0.008750173591581267,0.006076509438598102
84.58333333333333,0.008749988954016113,0.006076381218066746
84.625,0.008749804506998133,0.006076253129859815
84.66666666666667,0.008749620244136884,0.006076125169539502
84.70833333333333,0.00874943614528474,0.006075997323114403
84.75,0.008749252185518882,0.006075869573277002
84.79166666666667,0.00874906835715243,0.006075741914689188
84.83333333333333,0.008748884632848111,0.006075614328366744
84.875,0.008748701002688042,0.00607548680742225
84.91666666666667,0.008748517456614802,0.00607535934487139
84.95833333333333,0.00874833398360442,0.0060752319330586255
85.0,0.008748150577677217,0.0060751045678314
85.04166666666667,0.00885546915603717,0.006149631358359147
85.08333333333333,0.008853384138599322,0.006148183429582862
85.125,0.008852844161417473,0.006147808445428802
85.16666666666667,0.00885261205845623,0.0061476472628168265
85.20833333333333,0.008852417360410921,0.006147512055840918
85.25,0.008852227248997995,0.006147380034026386
85.29166666666667,0.008852037915103592,0.006147248552155272
85.33333333333333,0.00885184913295648,0.006147117453442
85.375,0.008851660825778046,0.006146986684568087
85.41666666666667,0.008851472915726352,0.006146856191476633
85.45833333333333,0.008851285353820366,0.006146725940153032
85.5,0.008851098100241176,0.006146595902945261
85.54166666666667,0.008850911115363149,0.00614646605233552
85.58333333333333,0.008850724367296729,0.006146336366178284
85.625,0.008850537821759834,0.006146206820666552
85.66666666666667,0.00885035145635252,0.006146077400244805
85.70833333333333,0.008850165247808128,0.006145948088755644
85.75,0.008849979178087823,0.006145818873672099
85.79166666666667,0.008849793232952905,0.006145689745106184
85.83333333333333,0.008849607394007737,0.00614556069028315
85.875,0.008849421650755938,0.006145431701913846
85.91666666666667,0.008849235996868307,0.006145302775602992
85.95833333333333,0.008849050415735403,0.006145173899816252
86.0,0.008848864900593013,0.006145045069856259
86.04166666666667,0.00895618130545706,0.006219570351011847
86.08333333333333,0.00895409379424094,0.0062181206904450975
86.125,0.00895355240566359,0.006217744726155271
86.16666666666667,0.008953318049207631,0.00621758197861641
86.20833333333333,0.0089531188723008,0.00621744366132
86.25,0.00895292778112643,0.006217310959115577
86.29166666666667,0.008952737959183612,0.006217179138321953
86.33333333333333,0.008952547423369785,0.006217046821784574
86.375,0.00895235662995453,0.0062169143263573114
86.41666666666667,0.00895216625024044,0.006216782118222528
86.45833333333333,0.00895197646453857,0.006216650322596229
86.5,0.008951787124875881,0.006216518836719362
86.54166666666667,0.008951598074554354,0.006216387551773857
86.58333333333333,0.00895140923594207,0.00621625641384866
86.625,0.008951220573236338,0.00621612539808079
86.66666666666667,0.008951032088006398,0.006215994505559999
86.70833333333333,0.008950843770882561,0.0062158637297795565
86.75,0.008950655600923124,0.006215733056196614
86.79166666666667,0.008950467553508638,0.006215602467714331
86.83333333333333,0.008950279615146568,0.006215471954962894
86.875,0.008950091774455689,0.006215341510038674
86.91666666666667,0.0089499040156438,0.006215211121974862
86.95833333333333,0.00894971633389649,0.006215080787428118
87.0,0.00894952871738663,0.006214950498185159
87.04166666666667,0.009056843088335575,0.006289474366899706
87.08333333333333,0.009054753963003103,0.006288023585418821
87.125,0.009054209918187929,0.006287645776519396
87.16666666666667,0.009053973426767408,0.006287481546366255
87.20833333333333,0.009053774523197335,0.006287343418887039
87.25,0.009053580818463618,0.006287208901710846
87.29166666666667,0.009053387291380674,0.006287074507903246
87.33333333333333,0.009053193809848465,0.006286940145728101
87.375,0.009053001018272918,0.006286806262689526
87.41666666666667,0.009052808884198477,0.006286672836248943
87.45833333333333,0.00905261715045065,0.006286539687812952
87.5,0.009052425724597872,0.006286406753192967
87.54166666666667,0.009052234536295866,0.0062862739835387975
87.58333333333333,0.009052043568522924,0.006286141367029808
87.625,0.009051852807186647,0.006286008893879615
87.66666666666667,0.009051662228361693,0.006285876547473398
87.70833333333333,0.009051471812574687,0.006285744314287977
87.75,0.009051281539772905,0.006285612180397851
87.79166666666667,0.009051091389966355,0.0062854801319210795
87.83333333333333,0.009050901347253197,0.006285348157814721
87.875,0.009050711400403528,0.006285216250280228
87.91666666666667,0.00905052153672432,0.006285084400503
87.95833333333333,0.009050331748452522,0.006284952603092029
88.0,0.009050142027920217,0.006284820852722373
88.04166666666667,0.00915745403755919,0.006359343081638327
88.08333333333333,0.009155362462971365,0.00635789059928567
88.125,0.009154816856834622,0.006357511706135154
88.16666666666667,0.009154578390531342,0.006357346104535654
88.20833333333333,0.00915437791514674,0.006357206885518569
88.25,0.009154181173542003,0.0063570702594041685
88.29166666666667,0.00915398508208064,0.006356934084778223
88.33333333333333,0.009153789850270417,0.006356798507132235
88.375,0.009153595287789628,0.006356663394298353
88.41666666666667,0.009153401129259917,0.006356528561986053
88.45833333333333,0.009153207335316637,0.006356393982858775
88.5,0.009153013789880792,0.006356259576306106
88.54166666666667,0.009152820497526453,0.006356125345504482
88.58333333333333,0.009152627420902292,0.006355991264515482
88.625,0.009152434554950096,0.006355857329826455
88.66666666666667,0.009152241873184157,0.006355723523044554
88.70833333333333,0.009152049354213812,0.006355589829315148
88.75,0.009151856975371065,0.006355456232896573
88.79166666666667,0.009151664720728848,0.006355322722728367
88.83333333333333,0.009151472574620054,0.006355189287930593
88.875,0.009151280525952828,0.006355055920800576
88.91666666666667,0.009151088561150695,0.006354922611910205
88.95833333333333,0.009150896672683638,0.006354789356030305
89.0,0.009150704850162063,0.006354656145945877
89.04166666666667,0.009258014751719822,0.0064291769109165444
89.08333333333333,0.00925592102960899,0.006427722937228466
89.125,0.009255373315986262,0.006427342580546015
89.16666666666667,0.009255132735198733,0.006427175510554675
89.20833333333333,0.009254929255526033,0.006427034205226412
89.25,0.00925473071434686,0.006426896329407542
89.29166666666667,0.009254532770463788,0.0064267588683776305
89.33333333333333,0.009254335550247923,0.006426621909894391
89.375,0.009254139126034974,0.006426485504190955
89.41666666666667,0.0092539429434973,0.00642634926631757
89.45833333333333,0.0092537470234312,0.006426213210716111
89.5,0.009253551350799765,0.006426077326944282
89.54166666666667,0.009253355942139486,0.006425941626485754
89.58333333333333,0.009253160771630449,0.006425806091410034
89.625,0.009252965811758431,0.006425670702610022
89.66666666666667,0.00925277103465401,0.006425535440731953
89.70833333333333,0.009252576417691269,0.006425400290063382
89.75,0.009252381941253525,0.006425265236981615
89.79166666666667,0.009252187583752009,0.006425130266494451
89.83333333333333,0.00925199333539876,0.006424995371804695
89.875,0.009251799181821787,0.006424860542931798
89.91666666666667,0.009251605112204887,0.006424725772364506
89.95833333333333,0.0092514111175816,0.0064245910538761105
90.0,0.0092512171915649,0.006424456383031181
90.04166666666667,0.009358525370095667,0.006498975951455326
90.08333333333333,0.009356429723352318,0.006497520641216887
90.125,0.009355879302657863,0.006497138404623516
90.16666666666667,0.009355637015109775,0.0064969701493817885
90.20833333333333,0.009355431273554272,0.006496827273301579
90.25,0.009355230284443964,0.00649668769753053
90.29166666666667,0.009355030642357846,0.00649654905719295
90.33333333333333,0.00935483149481896,0.006496410760290944
90.375,0.009354632730171817,0.006496272729285984
90.41666666666667,0.009354434321492567,0.006496134945480949
90.45833333333333,0.009354236243996167,0.006495997391664006
90.5,0.009354038471211358,0.006495860049452333
90.54166666666667,0.009353840969183855,0.006495722895266567
90.58333333333333,0.00935364370222484,0.006495585904322807
90.625,0.00935344664095376,0.006495449056217888
90.66666666666667,0.009353249759784224,0.006495312333183489
90.70833333333333,0.009353053035621861,0.006495175719181849
90.75,0.009352856451462867,0.0064950392024047685
90.79166666666667,0.009352659990348967,0.006494902771075672
90.83333333333333,0.009352463638859493,0.006494766415874649
90.875,0.009352267382571576,0.0064946301267858175
90.91666666666667,0.009352071209617665,0.006494493895567823
90.95833333333333,0.009351875113958703,0.006494357718026877
91.0,0.009351679086191448,0.006494221587632951
91.04166666666667,0.009458984826582466,0.006568739462904491
91.08333333333333,0.009456887558549502,0.006567283026770488
91.125,0.00945633500742916,0.006566899310714695
91.16666666666667,0.009456089916226198,0.006566729108490416
91.20833333333333,0.00945588277571034,0.006566585260909958
91.25,0.009455680086612553,0.006566444504592051
91.29166666666667,0.009455478105311124,0.006566304239799392
91.33333333333333,0.009455276724139317,0.0065661643917634144
91.375,0.00945507578392105,0.0065660248499451734
91.41666666666667,0.009454875260804988,0.0065658855977812425
91.45833333333333,0.009454675072441328,0.006565746578084256
91.5,0.009454475204455892,0.0065656077808721475
91.54166666666667,0.00945427559032629,0.006565469159948812
91.58333333333333,0.009454076212701206,0.006565330703264726
91.625,0.009453877040201356,0.006565192389028719
91.66666666666667,0.009453678052327599,0.0065650542030052765
91.70833333333333,0.009453479219916058,0.006564916124941708
91.75,0.009453280532521887,0.006564778147584644
91.79166666666667,0.009453081972145873,0.006564640258434634
91.83333333333333,0.009452883517330701,0.006564502442590764
91.875,0.009452685164817455,0.0065643646977899
91.91666666666667,0.009452486896128317,0.00656422701120022
91.95833333333333,0.009452288703375885,0.0065640893773443645
92.0,0.009452090579964002,0.006563951791641668
92.04166666666667,0.009559394385680915,0.006638468323389524
92.08333333333333,0.009557295392434514,0.006637010689190634
92.125,0.009556740107205532,0.006636625074448286
92.16666666666667,0.009556493630639838,0.0066364539101665555
92.20833333333333,0.009556284152872501,0.006636308439494793
92.25,0.009556079000679658,0.006636165972694208
92.29166666666667,0.00955587493294425,0.006636024258989063
92.33333333333333,0.009555671463610318,0.006635882960840499
92.375,0.009555468408197036,0.006635741950136831
92.41666666666667,0.00955526574465904,0.006635601211568778
92.45833333333333,0.009555063442725996,0.006635460724115276
92.5,0.009554861476811893,0.00663532047000826
92.54166666666667,0.009554659781918827,0.006635180404110297
92.58333333333333,0.009554458320236292,0.0066350405001640925
92.625,0.009554257054461425,0.006634900732264878
92.66666666666667,0.009554055967605586,0.006634761088614991
92.70833333333333,0.0095538550380444,0.006634621554197499
92.75,0.009553654244838533,0.006634482114471203
92.79166666666667,0.009553453585081693,0.0066343427674178425
92.83333333333333,0.009553253034371163,0.006634203496091087
92.875,0.009553052578812796,0.0066340642908422195
92.91666666666667,0.009552852217002786,0.00663392515069638
92.95833333333333,0.009552651926262657,0.006633786059904624
93.0,0.009552451703410314,0.0066336470162571635
93.04166666666667,0.009659754082829158,0.006708162557520248
93.08333333333333,0.009657652304885926,0.006706702989504115
93.125,0.009657094890653225,0.006706315896286961
93.16666666666667,0.009656845327829502,0.006706142588770488
93.20833333333333,0.00965663424631232,0.006705996004383556
93.25,0.009656427171286373,0.006705852202282203
93.29166666666667,0.009656221211630497,0.006705709174743401
93.33333333333333,0.00965601561706808,0.0067055664007417215
93.375,0.009655810483052552,0.006705423946564272
93.41666666666667,0.009655605718074039,0.006705281748662527
93.45833333333333,0.009655401231600025,0.006705139744166684
93.5,0.009655197105498786,0.006704997989929712
93.54166666666667,0.009654993406922373,0.0067048565325849825
93.58333333333333,0.009654790049263902,0.006704715311988822
93.625,0.009654586759587414,0.00670457413860237
93.66666666666667,0.009654383518981817,0.0067044329992929285
93.70833333333333,0.009654180307546688,0.0067042918802407555
93.75,0.009653977331914478,0.00670415092494061
93.79166666666667,0.009653774544757875,0.0067040101005263015
93.83333333333333,0.009653571954043727,0.006703869412530367
93.875,0.009653369517113337,0.006703728831328706
93.91666666666667,0.009653167129856748,0.006703588284622742
93.95833333333333,0.009652964791145257,0.00670344777162865
94.0,0.009652762482464206,0.006703307279489032
94.04166666666667,0.009760062158026018,0.006777820943073624
94.08333333333333,0.009757958357510104,0.006776359970493128
94.125,0.009757399055396992,0.006775971566247912
94.16666666666667,0.009757148210028816,0.006775797368075567
94.20833333333333,0.009756931952973592,0.006775647189564995
94.25,0.009756724283846767,0.006775502974893588
94.29166666666667,0.00975651781724788,0.006775359595311028
94.33333333333333,0.009756310517055347,0.006775215636843992
94.375,0.009756102900265667,0.006775071458517824
94.41666666666667,0.0097558957033587,0.006774927571776876
94.45833333333333,0.009755689118944836,0.006774784110378358
94.5,0.009755482980717788,0.006774640958831797
94.54166666666667,0.00975527711902641,0.006774497999323896
94.58333333333333,0.009755071474255297,0.006774355190455068
94.625,0.009754866001940806,0.006774212501347782
94.66666666666667,0.009754660711072213,0.006774069938244593
94.70833333333333,0.00975445558733133,0.006773927491202313
94.75,0.009754250613535485,0.006773785148288532
94.79166666666667,0.009754045759561267,0.006773642888584213
94.83333333333333,0.009753841016699022,0.006773500706040987
94.875,0.009753636370922216,0.006773358590918207
94.91666666666667,0.009753431807922402,0.006773216533279447
94.95833333333333,0.009753227322820373,0.00677307452973637
95.0,0.009753022902288274,0.006772932571033523
95.04166666666667,0.009860320278934968,0.006847444638149283
95.08333333333333,0.009858214555434409,0.006845982330162785
95.125,0.009857653464909731,0.006845592683965092
95.16666666666667,0.009857400895889226,0.0068454172888119625
95.20833333333333,0.009857184302271546,0.0068452668765774626
95.25,0.009856973237554596,0.006845120303857358
95.29166666666667,0.009856762540681166,0.006844973986584144
95.33333333333333,0.00985655269969186,0.006844828263674903
95.375,0.009856343838307913,0.006844683221047162
95.41666666666667,0.00985613517778493,0.006844538317906201
95.45833333333333,0.009855926557205814,0.006844393442504038
95.5,0.009855718089689004,0.0068442486733951416
95.54166666666667,0.009855510071462145,0.006844104216293156
95.58333333333333,0.009855302337746476,0.006843959956768387
95.625,0.009855094886019678,0.0068438158930692215
95.66666666666667,0.009854887589255262,0.006843671936982821
95.70833333333333,0.009854680405457464,0.0068435280593454615
95.75,0.009854473340701922,0.006843384264376336
95.79166666666667,0.009854266391199195,0.006843240549443886
95.83333333333333,0.009854059532339405,0.00684309689745792
95.875,0.009853852783456669,0.006842953321844909
95.91666666666667,0.009853646119089943,0.006842809804923572
95.95833333333333,0.00985343953615387,0.006842666344551299
96.0,0.009853233021606268,0.00684252293167102
96.04166666666667,0.009960527823989571,0.006917033211103869
96.08333333333333,0.00995842092514589,0.006915570086906867
96.125,0.009957857380742566,0.006915178736626783
96.16666666666667,0.009957602106592063,0.006915001462911154
96.20833333333333,0.009957385342772646,0.006914850932481004
96.25,0.009957171475361973,0.006914702413445816
96.29166666666667,0.009956958540288137,0.006914554541866762
96.33333333333333,0.00995674648117345,0.006914407278592674
96.375,0.009956535145262376,0.0069142605175433166
96.41666666666667,0.009956324245138766,0.006914114059124143
96.45833333333333,0.009956113628471975,0.006913967797549983
96.5,0.009955903278720753,0.006913821721333857
96.54166666666667,0.009955693179413739,0.006913675819037319
96.58333333333333,0.0099554833182797,0.0069135300821386815
96.625,0.009955273664329143,0.00691338448911746
96.66666666666667,0.00995506419903397,0.006913239027106923
96.70833333333333,0.009954854894612385,0.006913093676814156
96.75,0.009954645726063251,0.006912948420877259
96.79166666666667,0.009954436681925676,0.006912803251337275
96.83333333333333,0.009954227744223243,0.006912658155710585
96.875,0.009954018903473777,0.006912513127412346
96.91666666666667,0.009953810150653929,0.00691236816017634
96.95833333333333,0.009953601473721683,0.006912223245640058
97.0,0.009953392865868195,0.006912078379075136
97.04166666666667,0.010060687286860317,0.006986588393652998
97.08333333333333,0.010058574900468274,0.006985121458658524
97.125,0.010058010839598038,0.0069847297497208595
97.16666666666667,0.010057753379277418,0.006984550957831541
97.20833333333333,0.010057533128740566,0.006984398006069837
97.25,0.010057317587010759,0.006984248324313027
97.29166666666667,0.01005710310153817,0.006984099376068174
97.33333333333333,0.010056889379153557,0.006983950957745525
97.375,0.010056676308258964,0.006983802991846504
97.41666666666667,0.010056463380019046,0.006983655125013226
97.45833333333333,0.010056250691915736,0.006983507424941484
97.5,0.010056038227539596,0.006983359880235831
97.54166666666667,0.010055825916920233,0.006983212442305718
97.58333333333333,0.010055613836514841,0.006983065164246418
97.625,0.010055402016486071,0.006982918067004216
97.66666666666667,0.010055190279536061,0.006982771027455598
97.70833333333333,0.010054978901733076,0.006982624237314637
97.75,0.010054767276186686,0.006982477275129643
97.79166666666667,0.010054555966589268,0.006982330532353659
97.83333333333333,0.010054345053451355,0.006982184064896775
97.875,0.010054133980941403,0.006982037486764864
97.91666666666667,0.010053923516717344,0.006981891331053711
97.95833333333333,0.010053712896409574,0.006981745066951094
98.0,0.010053502356582181,0.0069815988587376265
98.04166666666667,0.010160793325703195,0.007056106476182774
98.08333333333333,0.01015868153252391,0.007054639953141604
98.125,0.010158114350063105,0.007054246076432712
98.16666666666667,0.010157854528060931,0.007054065644486757
98.20833333333333,0.01015763315577018,0.007053911913729293
98.25,0.010157416438039128,0.0070537614153049506
98.29166666666667,0.01015719919379088,0.007053610551243666
98.33333333333333,0.010156982603397027,0.007053460141247935
98.375,0.010156766837401597,0.0070533103037511095
98.41666666666667,0.010156551698394956,0.0070531609016631636
98.45833333333333,0.010156336955904564,0.0070530117749337245
98.5,0.010156122446766603,0.007052862810254585
98.54166666666667,0.010155908163312764,0.00705271400230053
98.58333333333333,0.010155694109088462,0.007052565353533654
98.625,0.010155480262675256,0.007052416849080039
98.66666666666667,0.0101552666100915,0.007052268479230209
98.70833333333333,0.010155053120129114,0.007052120222311885
98.75,0.010154839768303003,0.0070519720613215296
98.79166666666667,0.01015462654207929,0.0070518239875550625
98.83333333333333,0.010154413418782338,0.007051675985265513
98.875,0.010154200392134351,0.0070515280500933
98.91666666666667,0.010153987451520846,0.007051380174667256
98.95833333333333,0.010153774582012406,0.007051232348619727
99.0,0.010153561779597316,0.007051084569164802
99.04166666666667,0.010260851012645265,0.007125590981003656
99.08333333333333,0.01025873674273341,0.0071241227380093135
99.125,0.010258167422524953,0.007123727376753439
99.16666666666667,0.010257906151767202,0.007123545938727224
99.20833333333333,0.010257681697320734,0.007123390067583843
99.25,0.010257461813863347,0.007123237370738435
99.29166666666667,0.010257243279399541,0.007123085610694126
99.33333333333333,0.010257025215482296,0.007122934177418262
99.375,0.010256807524404105,0.0071227830030584065
99.41666666666667,0.010256590217792376,0.0071226320956891504
99.45833333333333,0.010256373271737129,0.00712248143870634
99.5,0.01025615664560234,0.007122331003890513
99.54166666666667,0.010255940295499054,0.007122180760763232
99.58333333333333,0.01025572417125026,0.007122030674479348
99.625,0.010255508240790238,0.007121880722770999
99.66666666666667,0.010255292489917543,0.007121730895776072
99.70833333333333,0.010255076887719638,0.007121581172027526
99.75,0.010254861432721243,0.007121431550500865
99.79166666666667,0.010254646105664822,0.007121282017822792
99.83333333333333,0.010254430891389412,0.007121132563464869
99.875,0.01025421577940032,0.007120983180139111
99.91666666666667,0.010254000752781383,0.007120833856098184
99.95833333333333,0.01025378580154251,0.007120684584404522
100.0,0.010253570917233838,0.007120535359190165
