time,ABlood,[ABlood]
0.0,0.0,0.0
0.041666666666666664,0.001228126763357216,0.001228126763357216
0.08333333333333333,0.002184946773456404,0.002184946773456404
0.125,0.0029266825290070442,0.0029266825290070442
0.16666666666666666,0.003497957024995116,0.003497957024995116
0.20833333333333331,0.003934183488153499,0.003934183488153499
0.25,0.004263474876746103,0.004263474876746103
0.29166666666666663,0.004508133086763652,0.004508133086763652
0.3333333333333333,0.004685859989799613,0.004685859989799613
0.375,0.004810702316697294,0.004810702316697294
0.41666666666666663,0.004893805425084036,0.004893805425084036
0.4583333333333333,0.004944012934569408,0.004944012934569408
0.5,0.004968340580885697,0.004968340580885697
0.5416666666666666,0.004972353824439563,0.004972353824439563
0.5833333333333333,0.004960466809326489,0.004960466809326489
0.625,0.0049361799383546645,0.0049361799383546645
0.6666666666666666,0.00490226839857798,0.00490226839857798
0.7083333333333333,0.0048609317686839435,0.0048609317686839435
0.75,0.004813912808217182,0.004813912808217182
0.7916666666666666,0.004762591717450644,0.004762591717450644
0.8333333333333333,0.004708060967922987,0.004708060967922987
0.875,0.00465118469315356,0.00465118469315356
0.9166666666666666,0.004592645829354609,0.004592645829354609
0.9583333333333333,0.00453298353298406,0.00453298353298406
1.0,0.004472622879141368,0.004472622879141368
1.0416666666666665,0.005640043245284907,0.005640043245284907
1.0833333333333333,0.006536017554968317,0.006536017554968317
1.125,0.007217026054141289,0.007217026054141289
1.1666666666666665,0.007727850098368279,0.007727850098368279
1.2083333333333333,0.008104025641115568,0.008104025641115568
1.25,0.008373736933980427,0.008373736933980427
1.2916666666666665,0.008559377837349733,0.008559377837349733
1.3333333333333333,0.008678706493952214,0.008678706493952214
1.375,0.008745804264674806,0.008745804264674806
1.4166666666666665,0.008771852416469323,0.008771852416469323
1.4583333333333333,0.008765718542014207,0.008765718542014207
1.5,0.008734432192120315,0.008734432192120315
1.5416666666666665,0.00868356849318633,0.00868356849318633
1.5833333333333333,0.008617547038835358,0.008617547038835358
1.625,0.008539869927499034,0.008539869927499034
1.6666666666666665,0.00845331137166599,0.00845331137166599
1.7083333333333333,0.00836006826173394,0.00836006826173394
1.75,0.008261878773755386,0.008261878773755386
1.7916666666666665,0.008160117315249418,0.008160117315249418
1.8333333333333333,0.008055869771400416,0.008055869771400416
1.875,0.007949992790987914,0.007949992790987914
1.9166666666666665,0.007843161367917248,0.007843161367917248
1.9583333333333333,0.007735906298513219,0.007735906298513219
2.0,0.00762864397697407,0.00762864397697407
2.0416666666666665,0.008749838016260565,0.008749838016260565
2.083333333333333,0.009600282541218532,0.009600282541218532
2.125,0.010236418845653144,0.010236418845653144
2.1666666666666665,0.010703015841248362,0.010703015841248362
2.208333333333333,0.011035604597556328,0.011035604597556328
2.25,0.011262367551071401,0.011262367551071401
2.2916666666666665,0.011405697078551331,0.011405697078551331
2.333333333333333,0.011483325253421033,0.011483325253421033
2.375,0.011509332394511115,0.011509332394511115
2.4166666666666665,0.011494896209500009,0.011494896209500009
2.458333333333333,0.011448868514270936,0.011448868514270936
2.5,0.01137827211257991,0.01137827211257991
2.5416666666666665,0.01128867419189966,0.01128867419189966
2.583333333333333,0.01118448724670143,0.01118448724670143
2.625,0.011069202710411771,0.011069202710411771
2.6666666666666665,0.010945587955956064,0.010945587955956064
2.708333333333333,0.010815831124965166,0.010815831124965166
2.75,0.010681662833510241,0.010681662833510241
2.7916666666666665,0.01054444964025295,0.01054444964025295
2.833333333333333,0.010405269676174316,0.010405269676174316
2.875,0.010264972047819615,0.010264972047819615
2.9166666666666665,0.010124224247597062,0.010124224247597062
2.958333333333333,0.009983549686591492,0.009983549686591492
3.0,0.009843357508155638,0.009843357508155638
3.0416666666666665,0.010932107060187643,0.010932107060187643
3.083333333333333,0.011750577377460696,0.011750577377460696
3.125,0.012355210605266287,0.012355210605266287
3.1666666666666665,0.012790763937628643,0.012790763937628643
3.208333333333333,0.013092767728173912,0.013092767728173912
3.25,0.013289390781080304,0.013289390781080304
3.2916666666666665,0.013403019118592338,0.013403019118592338
3.333333333333333,0.013451387329501394,0.013451387329501394
3.375,0.013448561923464927,0.013448561923464927
3.4166666666666665,0.013405710221016045,0.013405710221016045
3.458333333333333,0.013331686508890937,0.013331686508890937
3.5,0.013233505780057445,0.013233505780057445
3.5416666666666665,0.01311672695708931,0.01311672695708931
3.583333333333333,0.012985756624103301,0.012985756624103301
3.625,0.012844082156776132,0.012844082156776132
3.6666666666666665,0.012694463892769759,0.012694463892769759
3.708333333333333,0.012539084809821853,0.012539084809821853
3.75,0.012379669730260478,0.012379669730260478
3.7916666666666665,0.012217579706473289,0.012217579706473289
3.833333333333333,0.012053887320260238,0.012053887320260238
3.875,0.011889436451445546,0.011889436451445546
3.9166666666666665,0.011724889223079888,0.011724889223079888
3.958333333333333,0.01156076391463115,0.01156076391463115
4.0,0.011397464508886382,0.011397464508886382
4.041666666666666,0.012463446916378594,0.012463446916378594
4.083333333333333,0.01325948133226974,0.01325948133226974
4.125,0.013842008082051329,0.013842008082051329
4.166666666666666,0.014255778208999547,0.014255778208999547
4.208333333333333,0.014536319357560135,0.014536319357560135
4.25,0.014711793071071792,0.014711793071071792
4.291666666666666,0.014804581302997019,0.014804581302997019
4.333333333333333,0.014832413787572545,0.014832413787572545
4.375,0.014809355493001306,0.014809355493001306
4.416666666666666,0.014746568752344013,0.014746568752344013
4.458333333333333,0.014652901615606336,0.014652901615606336
4.5,0.014535363836764088,0.014535363836764088
4.541666666666666,0.014399512509009834,0.014399512509009834
4.583333333333333,0.014249748434831188,0.014249748434831188
4.625,0.014089555486933306,0.014089555486933306
4.666666666666666,0.013921689946843882,0.013921689946843882
4.708333333333333,0.013748331001046419,0.013748331001046419
4.75,0.013571199378891497,0.013571199378891497
4.791666666666666,0.013391652311913511,0.013391652311913511
4.833333333333333,0.01321075874414449,0.01321075874414449
4.875,0.013029358618502474,0.013029358618502474
4.916666666666666,0.012848110518237034,0.012848110518237034
4.958333333333333,0.012667528989574205,0.012667528989574205
5.0,0.01248801450689266,0.01248801450689266
5.041666666666666,0.013538020155067403,0.013538020155067403
5.083333333333333,0.014318310644191604,0.014318310644191604
5.125,0.01488532463584063,0.01488532463584063
5.166666666666666,0.015283809007354288,0.015283809007354288
5.208333333333333,0.015549289025295105,0.015549289025295105
5.25,0.015709921786858885,0.015709921786858885
5.291666666666666,0.01578808626507021,0.01578808626507021
5.333333333333333,0.0158015090741793,0.0158015090741793
5.375,0.015764252947544882,0.015764252947544882
5.416666666666666,0.01568747664454077,0.01568747664454077
5.458333333333333,0.015580024557401055,0.015580024557401055
5.5,0.015448903784642577,0.015448903784642577
5.541666666666666,0.015299668447899902,0.015299668447899902
5.583333333333333,0.015136716476562636,0.015136716476562636
5.625,0.01496352859360791,0.01496352859360791
5.666666666666666,0.014782858688485629,0.014782858688485629
5.708333333333333,0.014596882860634838,0.014596882860634838
5.75,0.014407319207200809,0.014407319207200809
5.791666666666666,0.014215522305453572,0.014215522305453572
5.833333333333333,0.014022558299446061,0.014022558299446061
5.875,0.013829264638252148,0.013829264638252148
5.916666666666666,0.013636297216572666,0.013636297216572666
5.958333333333333,0.013444168092217313,0.013444168092217313
6.0,0.013253275190429317,0.013253275190429317
6.041666666666666,0.014292069586279295,0.014292069586279295
6.083333333333333,0.015061312326775324,0.015061312326775324
6.125,0.015617440740084846,0.015617440740084846
6.166666666666666,0.01600519885875015,0.01600519885875015
6.208333333333333,0.016260110126797296,0.016260110126797296
6.25,0.016410328733425388,0.016410328733425388
6.291666666666666,0.016478231498778976,0.016478231498778976
6.333333333333333,0.016481542892327037,0.016481542892327037
6.375,0.016434323826130224,0.016434323826130224
6.416666666666666,0.016347730651492125,0.016347730651492125
6.458333333333333,0.016230605336682306,0.016230605336682306
6.5,0.016089953111676023,0.016089953111676023
6.541666666666666,0.015931325901074496,0.015931325901074496
6.583333333333333,0.015759119633792708,0.015759119633792708
6.625,0.015576813039230697,0.015576813039230697
6.666666666666666,0.015387158001406531,0.015387158001406531
6.708333333333333,0.015192328721866993,0.015192328721866993
6.75,0.014994041247014776,0.014994041247014776
6.791666666666666,0.014793648373713376,0.014793648373713376
6.833333333333333,0.014592214347814781,0.014592214347814781
6.875,0.01439057473353294,0.01439057473353294
6.916666666666666,0.014189383662799968,0.014189383662799968
6.958333333333333,0.013989151351209992,0.013989151351209992
7.0,0.01379027398798373,0.01379027398798373
7.041666666666666,0.014821201196940149,0.014821201196940149
7.083333333333333,0.015582691537579015,0.015582691537579015
7.125,0.016131181329071077,0.016131181329071077
7.166666666666666,0.016511412642012935,0.016511412642012935
7.208333333333333,0.016758907583517866,0.016758907583517866
7.25,0.016901818379752742,0.016901818379752742
7.291666666666666,0.016962518963530286,0.016962518963530286
7.333333333333333,0.016958727327839887,0.016958727327839887
7.375,0.016904518304370852,0.016904518304370852
7.416666666666666,0.016811040984233312,0.016811040984233312
7.458333333333333,0.01668712821830131,0.01668712821830131
7.5,0.0165397896073739,0.0165397896073739
7.541666666666666,0.01637457264572334,0.01637457264572334
7.583333333333333,0.016195872907250827,0.016195872907250827
7.625,0.016007167932414974,0.016007167932414974
7.666666666666666,0.0158112079884364,0.0158112079884364
7.708333333333333,0.015610166074406458,0.015610166074406458
7.75,0.015405756969426797,0.015405756969426797
7.791666666666666,0.01519933207557803,0.01519933207557803
7.833333333333333,0.014991954385563425,0.014991954385563425
7.875,0.014784458178521389,0.014784458178521389
7.916666666666666,0.014577496303675361,0.014577496303675361
7.958333333333333,0.014371577748447696,0.014371577748447696
8.0,0.01416709744469414,0.01416709744469414
8.041666666666666,0.015192503955928352,0.015192503955928352
8.083333333333332,0.01594855419613284,0.01594855419613284
8.125,0.01649168373828096,0.01649168373828096
8.166666666666666,0.01686663328745237,0.01686663328745237
8.208333333333332,0.01710892398560375,0.01710892398560375
8.25,0.017246706709994144,0.017246706709994144
8.291666666666666,0.017302354352550748,0.017302354352550748
8.333333333333332,0.017293584068678244,0.017293584068678244
8.375,0.01723446910416969,0.01723446910416969
8.416666666666666,0.01713615763569272,0.01713615763569272
8.458333333333332,0.01700748162601738,0.01700748162601738
8.5,0.016855449518445722,0.016855449518445722
8.541666666666666,0.01668560785525814,0.01668560785525814
8.583333333333332,0.0165023511723766,0.0165023511723766
8.625,0.016309156019816164,0.016309156019816164
8.666666666666666,0.016108771690060666,0.016108771690060666
8.708333333333332,0.01590337021241672,0.01590337021241672
8.75,0.015694665418883112,0.015694665418883112
8.791666666666666,0.015484007773590411,0.015484007773590411
8.833333333333332,0.015272459347272652,0.015272459347272652
8.875,0.015060853510032992,0.015060853510032992
8.916666666666666,0.014849842215525622,0.014849842215525622
8.958333333333332,0.014639933568178325,0.014639933568178325
9.0,0.014431521631636227,0.014431521631636227
9.041666666666666,0.015453054239517346,0.015453054239517346
9.083333333333332,0.016205287125977783,0.016205287125977783
9.125,0.016744655328928035,0.016744655328928035
9.166666666666666,0.017115898605201737,0.017115898605201737
9.208333333333332,0.017354537411536437,0.017354537411536437
9.25,0.017488721693832015,0.017488721693832015
9.291666666666666,0.017540823608153913,0.017540823608153913
9.333333333333332,0.017528559703028995,0.017528559703028995
9.375,0.01746600215174817,0.01746600215174817
9.416666666666666,0.017364298483661618,0.017364298483661618
9.458333333333332,0.017232280019681204,0.017232280019681204
9.5,0.017076954402566635,0.017076954402566635
9.541666666666666,0.016903867500751776,0.016903867500751776
9.583333333333332,0.016717413124397066,0.016717413124397066
9.625,0.01652106712892087,0.01652106712892087
9.666666666666666,0.016317578122371598,0.016317578122371598
9.708333333333332,0.016109117454376327,0.016109117454376327
9.75,0.01589739829212761,0.01589739829212761
9.791666666666666,0.015683770441874793,0.015683770441874793
9.833333333333332,0.015469295327449313,0.015469295327449313
9.875,0.015254805681147728,0.015254805681147728
9.916666666666666,0.015040952828267437,0.015040952828267437
9.958333333333332,0.014828244253670311,0.014828244253670311
10.0,0.014617073411802881,0.014617073411802881
10.041666666666666,0.015635887620888363,0.015635887620888363
10.083333333333332,0.016385441795615834,0.016385441795615834
10.125,0.01692217059135278,0.01692217059135278
10.166666666666666,0.017290813102796683,0.017290813102796683
10.208333333333332,0.017526889301226964,0.017526889301226964
10.25,0.017658548484938114,0.017658548484938114
10.291666666666666,0.017708162290580972,0.017708162290580972
10.333333333333332,0.01769344683241119,0.01769344683241119
10.375,0.017628473547641636,0.017628473547641636
10.416666666666666,0.01752438950828739,0.01752438950828739
10.458333333333332,0.017390025577226652,0.017390025577226652
10.5,0.017232388840052452,0.017232388840052452
10.541666666666666,0.017057024689771595,0.017057024689771595
10.583333333333332,0.016868326428251704,0.016868326428251704
10.625,0.01666976942354818,0.01666976942354818
10.666666666666666,0.01646410180318666,0.01646410180318666
10.708333333333332,0.016253494440124652,0.016253494440124652
10.75,0.01603966003491823,0.01603966003491823
10.791666666666666,0.015823947932251954,0.015823947932251954
10.833333333333332,0.01560741910200731,0.01560741910200731
10.875,0.015390905828929838,0.015390905828929838
10.916666666666666,0.01517505899740031,0.01517505899740031
10.958333333333332,0.014960385657527516,0.014960385657527516
11.0,0.014747278836270385,0.014747278836270385
11.041666666666666,0.015764185488675954,0.015764185488675954
11.083333333333332,0.01651185995834917,0.01651185995834917
11.125,0.017046736628876884,0.017046736628876884
11.166666666666666,0.01741355413185202,0.01741355413185202
11.208333333333332,0.01764783209576916,0.01764783209576916
11.25,0.017777719367196406,0.017777719367196406
11.291666666666666,0.017825587216922824,0.017825587216922824
11.333333333333332,0.017809151450786993,0.017809151450786993
11.375,0.017742482996746564,0.017742482996746564
11.416666666666666,0.01763672860441327,0.01763672860441327
11.458333333333332,0.017500718812015037,0.017500718812015037
11.5,0.01734146031615588,0.01734146031615588
11.541666666666666,0.017164498175097635,0.017164498175097635
11.583333333333332,0.01697422533446728,0.01697422533446728
11.625,0.01677411682034154,0.01677411682034154
11.666666666666666,0.01656692042295354,0.01656692042295354
11.708333333333332,0.01635480668088884,0.01635480668088884
11.75,0.01613948796720035,0.01613948796720035
11.791666666666666,0.01592231330271927,0.01592231330271927
11.833333333333332,0.015704343338778647,0.015704343338778647
11.875,0.015486410046073294,0.015486410046073294
11.916666666666666,0.015269163999425624,0.015269163999425624
11.958333333333332,0.015053111944366303,0.015053111944366303
12.0,0.014838646607383455,0.014838646607383455
12.041666666666666,0.015854214688128285,0.015854214688128285
12.083333333333332,0.0166005701313267,0.0166005701313267
12.125,0.017134147131924616,0.017134147131924616
12.166666666666666,0.017499683986312645,0.017499683986312645
12.208333333333332,0.0177327000924085,0.0177327000924085
12.25,0.017861343977401044,0.017861343977401044
12.291666666666666,0.01790798665471114,0.01790798665471114
12.333333333333332,0.017890343712093887,0.017890343712093887
12.375,0.01782248572344529,0.01782248572344529
12.416666666666666,0.017715559211436263,0.017715559211436263
12.458333333333332,0.017578394485045595,0.017578394485045595
12.5,0.01741799796880705,0.01741799796880705
12.541666666666666,0.01723991448557531,0.01723991448557531
12.583333333333332,0.017048536731196107,0.017048536731196107
12.625,0.01684733949177695,0.01684733949177695
12.666666666666666,0.016639070320822392,0.016639070320822392
12.708333333333332,0.016425899522334225,0.016425899522334225
12.75,0.016209539239525315,0.016209539239525315
12.791666666666666,0.015991338265988607,0.015991338265988607
12.833333333333332,0.015772357029524037,0.015772357029524037
12.875,0.015553427280452942,0.015553427280452942
12.916666666666666,0.0153351993763649,0.0153351993763649
12.958333333333332,0.015118179849100478,0.015118179849100478
13.0,0.01490276121426391,0.01490276121426391
13.041666666666666,0.015917389991969587,0.015917389991969587
13.083333333333332,0.01666281984791245,0.01666281984791245
13.125,0.01719548484471823,0.01719548484471823
13.166666666666666,0.017560123041523528,0.017560123041523528
13.208333333333332,0.017792253676357943,0.017792253676357943
13.25,0.017920025052085137,0.017920025052085137
13.291666666666666,0.017965808001233416,0.017965808001233416
13.333333333333332,0.01794731795776764,0.01794731795776764
13.375,0.017878625248636856,0.017878625248636856
13.416666666666666,0.01777087623693118,0.01777087623693118
13.458333333333332,0.017632901070114924,0.017632901070114924
13.5,0.017471705982208575,0.017471705982208575
13.541666666666666,0.01729283563064474,0.01729283563064474
13.583333333333332,0.017100682536084183,0.017100682536084183
13.625,0.016898721316244467,0.016898721316244467
13.666666666666666,0.016689699358493494,0.016689699358493494
13.708333333333332,0.01647578680224422,0.01647578680224422
13.75,0.016258695629415107,0.016258695629415107
13.791666666666666,0.016039774474148737,0.016039774474148737
13.833333333333332,0.015820083607386785,0.015820083607386785
13.875,0.015600454624811124,0.015600454624811124
13.916666666666666,0.015381537731576331,0.015381537731576331
13.958333333333332,0.015163839309571839,0.015163839309571839
14.0,0.014947751726421361,0.014947751726421361
14.041666666666666,0.01596172137610192,0.01596172137610192
14.083333333333332,0.01670650172890523,0.01670650172890523
14.125,0.017238526754233034,0.017238526754233034
14.166666666666666,0.01760253434499591,0.01760253434499591
14.208333333333332,0.017834043626709456,0.017834043626709456
14.25,0.017961202745123986,0.017961202745123986
14.291666666666666,0.0180063824056985,0.0180063824056985
14.333333333333332,0.017987297934137246,0.017987297934137246
14.375,0.0179180194847866,0.0179180194847866
14.416666666666666,0.017809693308602322,0.017809693308602322
14.458333333333332,0.01767114943941933,0.01767114943941933
14.5,0.017509393977753866,0.017509393977753866
14.541666666666666,0.017329971464853162,0.017329971464853162
14.583333333333332,0.017137274298488863,0.017137274298488863
14.625,0.016934776978216368,0.016934776978216368
14.666666666666666,0.016725226774813414,0.016725226774813414
14.708333333333332,0.016510793712208188,0.016510793712208188
14.75,0.01629318965913061,0.01629318965913061
14.791666666666666,0.016073763137837056,0.016073763137837056
14.833333333333332,0.015853574309198343,0.015853574309198343
14.875,0.015633454660383187,0.015633454660383187
14.916666666666666,0.015414054289580188,0.015414054289580188
14.958333333333332,0.015195879473454854,0.015195879473454854
15.0,0.014979322475790402,0.014979322475790402
15.041666666666666,0.015992829601984105,0.015992829601984105
15.083333333333332,0.01673715418538263,0.01673715418538263
15.125,0.017268730129809836,0.017268730129809836
15.166666666666666,0.017632295211644833,0.017632295211644833
15.208333333333332,0.017863368477310758,0.017863368477310758
15.25,0.017990097962438382,0.017990097962438382
15.291666666666666,0.01803485428326182,0.01803485428326182
15.333333333333332,0.018015352689367218,0.018015352689367218
15.375,0.017945663214282655,0.017945663214282655
15.416666666666666,0.017836932030209175,0.017836932030209175
15.458333333333332,0.017697989091118516,0.017697989091118516
15.5,0.01753584040392382,0.01753584040392382
15.541666666666666,0.01735603042829676,0.01735603042829676
15.583333333333332,0.017162951475793425,0.017162951475793425
15.625,0.01696007796305266,0.01696007796305266
15.666666666666666,0.01675015707903468,0.01675015707903468
15.708333333333332,0.01653535876663431,0.01653535876663431
15.75,0.016317394815152618,0.016317394815152618
15.791666666666666,0.016097613668334607,0.016097613668334607
15.833333333333332,0.015877075409812043,0.015877075409812043
15.875,0.01565661145060797,0.01565661145060797
15.916666666666666,0.015436871813851083,0.015436871813851083
15.958333333333332,0.015218362702369155,0.015218362702369155
16.0,0.015001476307078562,0.015001476307078562
16.041666666666664,0.016014658871193393,0.016014658871193393
16.083333333333332,0.01675866363202815,0.01675866363202815
16.125,0.01728992444732965,0.01728992444732965
16.166666666666664,0.017653179011747698,0.017653179011747698
16.208333333333332,0.017883946316149955,0.017883946316149955
16.25,0.018010374318943582,0.018010374318943582
16.291666666666664,0.01805483357372972,0.01805483357372972
16.333333333333332,0.018035039276622217,0.018035039276622217
16.375,0.017965061376488203,0.017965061376488203
16.416666666666664,0.017856045990237938,0.017856045990237938
16.458333333333332,0.017716823015751084,0.017716823015751084
16.5,0.01755439839428877,0.01755439839428877
16.541666666666664,0.017374316528261446,0.017374316528261446
16.583333333333332,0.017180969668733087,0.017180969668733087
16.625,0.01697783217415852,0.01697783217415852
16.666666666666664,0.016767651176083368,0.016767651176083368
16.708333333333332,0.016552596560541564,0.016552596560541564
16.75,0.016334380061096474,0.016334380061096474
16.791666666666664,0.01611435006640068,0.01611435006640068
16.833333333333332,0.015893566605885687,0.015893566605885687
16.875,0.01567286103714167,0.01567286103714167
16.916666666666664,0.015452883330626358,0.015452883330626358
16.958333333333332,0.01523413963735414,0.01523413963735414
17.0,0.015017022097109329,0.015017022097109329
17.041666666666664,0.01602997690946512,0.01602997690946512
17.083333333333332,0.016773757244362572,0.016773757244362572
17.125,0.017304796927202926,0.017304796927202926
17.166666666666664,0.01766783359529584,0.01766783359529584
17.208333333333332,0.017898386200507845,0.017898386200507845
17.25,0.0180246026470717,0.0180246026470717
17.291666666666664,0.018068853444630047,0.018068853444630047
17.333333333333332,0.01804885375175556,0.01804885375175556
17.375,0.0179786734579468,0.0179786734579468
17.416666666666664,0.017869458641307734,0.017869458641307734
17.458333333333332,0.01773003916033902,0.01773003916033902
17.5,0.017567420910242923,0.017567420910242923
17.541666666666664,0.017387148253242484,0.017387148253242484
17.583333333333332,0.017193613397955533,0.017193613397955533
17.625,0.016990290662008106,0.016990290662008106
17.666666666666664,0.01677992713665625,0.01677992713665625
17.708333333333332,0.01656469266803415,0.01656469266803415
17.75,0.01634629895059258,0.01634629895059258
17.791666666666664,0.01612609433432485,0.01612609433432485
17.833333333333332,0.015905138810629053,0.015905138810629053
17.875,0.015684263699600444,0.015684263699600444
17.916666666666664,0.015464118934736471,0.015464118934736471
17.958333333333332,0.01524521063069314,0.01524521063069314
18.0,0.015027930891374308,0.015027930891374308
18.041666666666664,0.016040725885731945,0.016040725885731945
18.083333333333332,0.01678434873642282,0.01678434873642282
18.125,0.01731523324615884,0.01731523324615884
18.166666666666664,0.017678117012008367,0.017678117012008367
18.208333333333332,0.017908518958473375,0.017908518958473375
18.25,0.01803458695176533,0.01803458695176533
18.291666666666664,0.018078691470683243,0.018078691470683243
18.333333333333332,0.0180585476474597,0.0180585476474597
18.375,0.01798822532992872,0.01798822532992872
18.416666666666664,0.017878870568963937,0.017878870568963937
18.458333333333332,0.01773931319543532,0.01773931319543532
18.5,0.01757655907222262,0.01757655907222262
18.541666666666664,0.01739615253334974,0.01739615253334974
18.583333333333332,0.01720248575764869,0.01720248575764869
18.625,0.016999033034095234,0.016999033034095234
18.666666666666664,0.016788541425673396,0.016788541425673396
18.708333333333332,0.01657318075051888,0.01657318075051888
18.75,0.01635466267563636,0.01635466267563636
18.791666666666664,0.016134335523891152,0.016134335523891152
18.833333333333332,0.01591325925999253,0.01591325925999253
18.875,0.015692265177724818,0.015692265177724818
18.916666666666664,0.015472003184649601,0.015472003184649601
18.958333333333332,0.015252979369909603,0.015252979369909603
19.0,0.015035585812230584,0.015035585812230584
19.041666666666664,0.016048268659083396,0.016048268659083396
19.083333333333332,0.016791780999927484,0.016791780999927484
19.125,0.01732255662156977,0.01732255662156977
19.166666666666664,0.017685333092830713,0.017685333092830713
19.208333333333332,0.01791562931901962,0.01791562931901962
19.25,0.018041593139657086,0.018041593139657086
19.291666666666664,0.018085595011902687,0.018085595011902687
19.333333333333332,0.018065350049515306,0.018065350049515306
19.375,0.017994928071074934,0.017994928071074934
19.416666666666664,0.01788547510835187,0.01788547510835187
19.458333333333332,0.017745820972833632,0.017745820972833632
19.5,0.017582971504713718,0.017582971504713718
19.541666666666664,0.017402471018230975,0.017402471018230975
19.583333333333332,0.017208711671314953,0.017208711671314953
19.625,0.01700516773283701,0.01700516773283701
19.666666666666664,0.016794586245942274,0.016794586245942274
19.708333333333332,0.016579137009119133,0.016579137009119133
19.75,0.01636053167011289,0.01636053167011289
19.791666666666664,0.016140118532752507,0.016140118532752507
19.833333333333332,0.015918957543019203,0.015918957543019203
19.875,0.01569787997623435,0.01569787997623435
19.916666666666664,0.015477535721759752,0.015477535721759752
19.958333333333332,0.01525843085083507,0.01525843085083507
20.0,0.015040957424518017,0.015040957424518017
20.041666666666664,0.016053561575213402,0.016053561575213402
20.083333333333332,0.016796996369065082,0.016796996369065082
20.125,0.017327695581739126,0.017327695581739126
20.166666666666664,0.01769039676222141,0.01769039676222141
20.208333333333332,0.01792061880236633,0.01792061880236633
20.25,0.018046509522950747,0.018046509522950747
20.291666666666664,0.018090439365955644,0.018090439365955644
20.333333333333332,0.018070123432190045,0.018070123432190045
20.375,0.017999631519680686,0.017999631519680686
20.416666666666664,0.017890109646798665,0.017890109646798665
20.458333333333332,0.017750387611440956,0.017750387611440956
20.5,0.01758747123787443,0.01758747123787443
20.541666666666664,0.017406904826458534,0.017406904826458534
20.583333333333332,0.01721308052045345,0.01721308052045345
20.625,0.017009472574622972,0.017009472574622972
20.666666666666664,0.0167988280181911,0.0167988280181911
20.708333333333332,0.01658331663585897,0.01658331663585897
20.75,0.016364650061857347,0.016364650061857347
20.791666666666664,0.016144176586656903,0.016144176586656903
20.833333333333332,0.015922956143096998,0.015922956143096998
20.875,0.01570181999354316,0.01570181999354316
20.916666666666664,0.01548141801458594,0.01548141801458594
20.958333333333332,0.015262256264902196,0.015262256264902196
21.0,0.015044726793151542,0.015044726793151542
21.041666666666664,0.0160572757211742,0.0160572757211742
21.083333333333332,0.016800656098732793,0.016800656098732793
21.125,0.01733130169369547,0.01733130169369547
21.166666666666664,0.017693950041117457,0.017693950041117457
21.208333333333332,0.017924120023424077,0.017924120023424077
21.25,0.01804995944822667,0.01804995944822667
21.291666666666664,0.018093838746860106,0.018093838746860106
21.333333333333332,0.018073473011058955,0.018073473011058955
21.375,0.018002932024403617,0.018002932024403617
21.416666666666664,0.017893361795869058,0.017893361795869058
21.458333333333332,0.017753592113824615,0.017753592113824615
21.5,0.0175906287913547,0.0175906287913547
21.541666666666664,0.017410016119083035,0.017410016119083035
21.583333333333332,0.017216146229974486,0.017216146229974486
21.625,0.01701249336889337,0.01701249336889337
21.666666666666664,0.016801804555295174,0.016801804555295174
21.708333333333332,0.016586249564205933,0.016586249564205933
21.75,0.016367540020373134,0.016367540020373134
21.791666666666664,0.016147024204893553,0.016147024204893553
21.833333333333332,0.01592576204138466,0.01592576204138466
21.875,0.01570458478312058,0.01570458478312058
21.916666666666664,0.01548414229772999,0.01548414229772999
21.958333333333332,0.015264940635074203,0.015264940635074203
22.0,0.015047371835112814,0.015047371835112814
22.041666666666664,0.0160598820122792,0.0160598820122792
22.083333333333332,0.016803224204823376,0.016803224204823376
22.125,0.017333832175159117,0.017333832175159117
22.166666666666664,0.017696443448554675,0.017696443448554675
22.208333333333332,0.017926576900830965,0.017926576900830965
22.25,0.018052380330348408,0.018052380330348408
22.291666666666664,0.018096224160976337,0.018096224160976337
22.333333333333332,0.01807582347809404,0.01807582347809404
22.375,0.018005248055121287,0.018005248055121287
22.416666666666664,0.017895643894445677,0.017895643894445677
22.458333333333332,0.017755840777759987,0.017755840777759987
22.5,0.01759284451029531,0.01759284451029531
22.541666666666664,0.017412199375847315,0.017412199375847315
22.583333333333332,0.017218297500154935,0.017218297500154935
22.625,0.0170146131211359,0.0170146131211359
22.666666666666664,0.016803893251391158,0.016803893251391158
22.708333333333332,0.01658830765915722,0.01658830765915722
22.75,0.016369567962527115,0.016369567962527115
22.791666666666664,0.01614902243601965,0.01614902243601965
22.833333333333332,0.015927730996781134,0.015927730996781134
22.875,0.01570652489170605,0.01570652489170605
22.916666666666664,0.015486053982134252,0.015486053982134252
22.958333333333332,0.015266824311741142,0.015266824311741142
23.0,0.015049227914381262,0.015049227914381262
23.041666666666664,0.016061710899297782,0.016061710899297782
23.083333333333332,0.016805026296642996,0.016805026296642996
23.125,0.01733560786502122,0.01733560786502122
23.166666666666664,0.01769819312282204,0.01769819312282204
23.208333333333332,0.01792830094124405,0.01792830094124405
23.25,0.018054079112143018,0.018054079112143018
23.291666666666664,0.018097898054155348,0.018097898054155348
23.333333333333332,0.018077472848213354,0.018077472848213354
23.375,0.01800687326058292,0.01800687326058292
23.416666666666664,0.01789724528903471,0.01789724528903471
23.458333333333332,0.01775741871058659,0.01775741871058659
23.5,0.017594399324951986,0.017594399324951986
23.541666666666664,0.017413731411139145,0.017413731411139145
23.583333333333332,0.01721980708981483,0.01721980708981483
23.625,0.017016100594022258,0.017016100594022258
23.666666666666664,0.016805358931552668,0.016805358931552668
23.708333333333332,0.01658975186587788,0.01658975186587788
23.75,0.01637099101042152,0.01637099101042152
23.791666666666664,0.016150424635086397,0.016150424635086397
23.833333333333332,0.01592911265247788,0.01592911265247788
23.875,0.015707886305013696,0.015707886305013696
23.916666666666664,0.015487395449620649,0.015487395449620649
23.958333333333332,0.015268146125633444,0.015268146125633444
24.0,0.015050530362622532,0.015050530362622532
24.041666666666664,0.016062994266194276,0.016062994266194276
24.083333333333332,0.01680629086080437,0.01680629086080437
24.125,0.017336853902398666,0.017336853902398666
24.166666666666664,0.017699420904529754,0.017699420904529754
24.208333333333332,0.017929510735163332,0.017929510735163332
24.25,0.018055271181579596,0.018055271181579596
24.291666666666664,0.01809907265874774,0.01809907265874774
24.333333333333332,0.018078630244490683,0.018078630244490683
24.375,0.018008013700033222,0.018008013700033222
24.416666666666664,0.017898369019911337,0.017898369019911337
24.458333333333332,0.017758525977871073,0.017758525977871073
24.5,0.017595490369748144,0.017595490369748144
24.541666666666664,0.01741480647119474,0.01741480647119474
24.583333333333332,0.01722086639931701,0.01722086639931701
24.625,0.017017144383737696,0.017017144383737696
24.666666666666664,0.016806387428873176,0.016806387428873176
24.708333333333332,0.0165907652948515,0.0165907652948515
24.75,0.016371989591819822,0.016371989591819822
24.791666666666664,0.016151408586441707,0.016151408586441707
24.833333333333332,0.015930082188136064,0.015930082188136064
24.875,0.015708841636179176,0.015708841636179176
24.916666666666664,0.015488336784401077,0.015488336784401077
24.958333333333332,0.01526907366909056,0.01526907366909056
25.0,0.015051444316811819,0.015051444316811819
25.041666666666664,0.016063894830625095,0.016063894830625095
25.083333333333332,0.016807178230973132,0.016807178230973132
25.125,0.01733772827195087,0.01733772827195087
25.166666666666664,0.017700282463707986,0.017700282463707986
25.208333333333332,0.017930359671950894,0.017930359671950894
25.25,0.018056107680739585,0.018056107680739585
25.291666666666664,0.018099896902473645,0.018099896902473645
25.333333333333332,0.018079442412803525,0.018079442412803525
25.375,0.018008813969398782,0.018008813969398782
25.416666666666664,0.01789915756453023,0.01789915756453023
25.458333333333332,0.017759302969654975,0.017759302969654975
25.5,0.017596255977882825,0.017596255977882825
25.541666666666664,0.017415560862513772,0.017415560862513772
25.583333333333332,0.017221609738154273,0.017221609738154273
25.625,0.017017876832026897,0.017017876832026897
25.666666666666664,0.01680710914618,0.01680710914618
25.708333333333332,0.016591476438395012,0.016591476438395012
25.75,0.01637269031652001,0.01637269031652001
25.791666666666664,0.016152099044945446,0.016152099044945446
25.833333333333332,0.01593076253085424,0.01593076253085424
25.875,0.015709512011318233,0.015709512011318233
25.916666666666664,0.015488997337994345,0.015488997337994345
25.958333333333332,0.015269724545034074,0.015269724545034074
26.0,0.015052085656892004,0.015052085656892004
26.041666666666664,0.016064526774846755,0.016064526774846755
26.083333333333332,0.01680780091651185,0.01680780091651185
26.125,0.01733834183469637,0.01733834183469637
26.166666666666664,0.017700887037153695,0.017700887037153695
26.208333333333332,0.017930955388013974,0.017930955388013974
26.25,0.018056694669067674,0.018056694669067674
26.291666666666664,0.018100475290915737,0.018100475290915737
26.333333333333332,0.018080012327693736,0.018080012327693736
26.375,0.018009375534558225,0.018009375534558225
26.416666666666664,0.017899710902194624,0.017899710902194624
26.458333333333332,0.01775984820046168,0.01775984820046168
26.5,0.017596793220551157,0.017596793220551157
26.541666666666664,0.01741609023411547,0.01741609023411547
26.583333333333332,0.017222131354005795,0.017222131354005795
26.625,0.017018390805760484,0.017018390805760484
26.666666666666664,0.016807615589766386,0.016807615589766386
26.708333333333332,0.016591975462158008,0.016591975462158008
26.75,0.01637318202917025,0.01637318202917025
26.791666666666664,0.016152583553598384,0.016152583553598384
26.833333333333332,0.015931239941056285,0.015931239941056285
26.875,0.015709982427068895,0.015709982427068895
26.916666666666664,0.015489460861768153,0.015489460861768153
26.958333333333332,0.015270181277805831,0.015270181277805831
27.0,0.015052535698156129,0.015052535698156129
27.041666666666664,0.01606497022285173,0.01606497022285173
27.083333333333332,0.016808237867509398,0.016808237867509398
27.125,0.01733877238404703,0.01733877238404703
27.166666666666664,0.01770131127852955,0.01770131127852955
27.208333333333332,0.017931373413988032,0.017931373413988032
27.25,0.018057106570613813,0.018057106570613813
27.291666666666664,0.018100881157747935,0.018100881157747935
27.333333333333332,0.018080412248469978,0.018080412248469978
27.375,0.018009769596159967,0.018009769596159967
27.416666666666664,0.017900099190394734,0.017900099190394734
27.458333333333332,0.017760230799916014,0.017760230799916014
27.5,0.017597170214566325,0.017597170214566325
27.541666666666664,0.01741646170484389,0.01741646170484389
27.583333333333332,0.01722249738236735,0.01722249738236735
27.625,0.017018751471493277,0.017018751471493277
27.666666666666664,0.016807970971442727,0.016807970971442727
27.708333333333332,0.01659232563719435,0.01659232563719435
27.75,0.016373527073851125,0.016373527073851125
27.791666666666664,0.01615292354308889,0.01615292354308889
27.833333333333332,0.015931574949420522,0.015931574949420522
27.875,0.01571031252728544,0.01571031252728544
27.916666666666664,0.015489786125745461,0.015489786125745461
27.958333333333332,0.015270501776399997,0.015270501776399997
28.0,0.015052851501184412,0.015052851501184412
28.041666666666664,0.016065281399261364,0.016065281399261364
28.083333333333332,0.0168085444848353,0.0168085444848353
28.125,0.017339074509209483,0.017339074509209483
28.166666666666664,0.017701608977257137,0.017701608977257137
28.208333333333332,0.017931666751245957,0.017931666751245957
28.25,0.018057395610236227,0.018057395610236227
28.291666666666664,0.018101165962689195,0.018101165962689195
28.333333333333332,0.018080692880951824,0.018080692880951824
28.375,0.01801004611714144,0.01801004611714144
28.416666666666664,0.017900371660060272,0.017900371660060272
28.458333333333332,0.017760499277673498,0.017760499277673498
28.5,0.01759743475887208,0.01759743475887208
28.541666666666664,0.017416722373347064,0.017416722373347064
28.583333333333332,0.017222754231851118,0.017222754231851118
28.625,0.017019004557911548,0.017019004557911548
28.666666666666664,0.01680822034993153,0.01680822034993153
28.708333333333332,0.016592571362078395,0.016592571362078395
28.75,0.016373769198660945,0.016373769198660945
28.791666666666664,0.01615316212056941,0.01615316212056941
28.833333333333332,0.015931810031544074,0.015931810031544074
28.875,0.01571054416526261,0.01571054416526261
28.916666666666664,0.015490014370035842,0.015490014370035842
28.958333333333332,0.015270726676724819,0.015270726676724819
29.0,0.015053073106535876,0.015053073106535876
29.041666666666664,0.016065499758024654,0.016065499758024654
29.083333333333332,0.016808759644395235,0.016808759644395235
29.125,0.017339286516528662,0.017339286516528662
29.166666666666664,0.01770181787845615,0.01770181787845615
29.208333333333332,0.017931872591915816,0.017931872591915816
29.25,0.018057598435168215,0.018057598435168215
29.291666666666664,0.018101365816059575,0.018101365816059575
29.333333333333332,0.01808088980642896,0.01808088980642896
29.375,0.018010240157495985,0.018010240157495985
29.416666666666664,0.017900562857522465,0.017900562857522465
29.458333333333332,0.017760687673933094,0.017760687673933094
29.5,0.017597620394948017,0.017597620394948017
29.541666666666664,0.017416905289693665,0.017416905289693665
29.583333333333332,0.0172229344683143,0.0172229344683143
29.625,0.017019182153755346,0.017019182153755346
29.666666666666664,0.01680839534384618,0.01680839534384618
29.708333333333332,0.01659274379218465,0.01659274379218465
29.75,0.01637393910252235,0.01637393910252235
29.791666666666664,0.016153329535198185,0.016153329535198185
29.833333333333332,0.015931974993410283,0.015931974993410283
29.875,0.015710706710301777,0.015710706710301777
29.916666666666664,0.01549017453365651,0.01549017453365651
29.958333333333332,0.015270884493817386,0.015270884493817386
30.0,0.015053228611479173,0.015053228611479173
30.041666666666664,0.016065652984774498,0.016065652984774498
30.083333333333332,0.01680891062619746,0.01680891062619746
30.125,0.017339435286341055,0.017339435286341055
30.166666666666664,0.01770196446864005,0.01770196446864005
30.208333333333332,0.017932017034466768,0.017932017034466768
30.25,0.01805774076151462,0.01805774076151462
30.291666666666664,0.01810150605720078,0.01810150605720078
30.333333333333332,0.01808102799301395,0.01808102799301395
30.375,0.018010376319532437,0.018010376319532437
30.416666666666664,0.017900697024641664,0.017900697024641664
30.458333333333332,0.017760819875391666,0.017760819875391666
30.5,0.017597750659528715,0.017597750659528715
30.541666666666664,0.017417033645784865,0.017417033645784865
30.583333333333332,0.017223060943876708,0.017223060943876708
30.625,0.017019306776341392,0.017019306776341392
30.666666666666664,0.01680851814060575,0.01680851814060575
30.708333333333332,0.016592864789867864,0.016592864789867864
30.75,0.016374058327488384,0.016374058327488384
30.791666666666664,0.01615344701341929,0.01615344701341929
30.833333333333332,0.01593209075047829,0.01593209075047829
30.875,0.015710820771433404,0.015710820771433404
30.916666666666664,0.015490286923698625,0.015490286923698625
30.958333333333332,0.01527099523725334,0.01527099523725334
31.0,0.015053337732433296,0.015053337732433296
31.041666666666664,0.016065760507077868,0.016065760507077868
31.083333333333332,0.016809016573173748,0.016809016573173748
31.125,0.017339539681120182,0.017339539681120182
31.166666666666664,0.01770206733392851,0.01770206733392851
31.208333333333332,0.01793211839271966,0.01793211839271966
31.25,0.01805784063478356,0.01805784063478356
31.291666666666664,0.01810160446723868,0.01810160446723868
31.333333333333332,0.018081124961333343,0.018081124961333343
31.375,0.01801047186718542,0.01801047186718542
31.416666666666664,0.01790079117241878,0.01790079117241878
31.458333333333332,0.017760912643824796,0.017760912643824796
31.5,0.017597842068814325,0.017597842068814325
31.541666666666664,0.01741712371584435,0.01741712371584435
31.583333333333332,0.017223149694330687,0.017223149694330687
31.625,0.017019394226524008,0.017019394226524008
31.666666666666664,0.016808604309568785,0.016808604309568785
31.708333333333332,0.016592949696382434,0.016592949696382434
31.75,0.016374141990051345,0.016374141990051345
31.791666666666664,0.016153529450255923,0.016153529450255923
31.833333333333332,0.01593217197954693,0.01593217197954693
31.875,0.01571090081042916,0.01571090081042916
31.916666666666664,0.01549036579005705,0.01549036579005705
31.958333333333332,0.015271072948154931,0.015271072948154931
32.0,0.015053414304806603,0.015053414304806603
32.041666666666664,0.016065835957649065,0.016065835957649065
32.08333333333333,0.01680909091830411,0.01680909091830411
32.125,0.017339612937043163,0.017339612937043163
32.166666666666664,0.01770213951657569,0.01770213951657569
32.20833333333333,0.017932189517851665,0.017932189517851665
32.25,0.018057910717871814,0.018057910717871814
32.291666666666664,0.01810167352354776,0.01810167352354776
32.33333333333333,0.01808119300596484,0.01808119300596484
32.375,0.01801053891490701,0.01801053891490701
32.416666666666664,0.01790085723781689,0.01790085723781689
32.45833333333333,0.017760977741309178,0.017760977741309178
32.5,0.017597906212556167,0.017597906212556167
32.541666666666664,0.017417186919823673,0.017417186919823673
32.58333333333333,0.01722321197231572,0.01722321197231572
32.625,0.017019455592081928,0.017019455592081928
32.666666666666664,0.0168086647760688,0.0168086647760688
32.70833333333333,0.016593009276996643,0.016593009276996643
32.75,0.01637420069775941,0.01637420069775941
32.791666666666664,0.016153587297846952,0.016153587297846952
32.83333333333333,0.01593222897962271,0.01593222897962271
32.875,0.015710956975406698,0.015710956975406698
32.916666666666664,0.015490421132171252,0.015490421132171252
32.95833333333333,0.015271127479461744,0.015271127479461744
33.0,0.015053468037185104,0.015053468037185104
33.041666666666664,0.01606588890283709,0.01606588890283709
33.08333333333333,0.016809143087780812,0.016809143087780812
33.125,0.017339664342202014,0.017339664342202014
33.166666666666664,0.017702190168594548,0.017702190168594548
33.20833333333333,0.017932239427791895,0.017932239427791895
33.25,0.018057959896588992,0.018057959896588992
33.291666666666664,0.018101721981753097,0.018101721981753097
33.33333333333333,0.018081240754258623,0.018081240754258623
33.375,0.018010585963648847,0.018010585963648847
33.416666666666664,0.017900903597241464,0.017900903597241464
33.45833333333333,0.01776102342152903,0.01776102342152903
33.5,0.017597951223515006,0.017597951223515006
33.541666666666664,0.017417231271331903,0.017417231271331903
33.58333333333333,0.01722325567403478,0.01722325567403478
33.625,0.01701949865353223,0.01701949865353223
33.666666666666664,0.01680870720663185,0.01680870720663185
33.70833333333333,0.01659305108591556,0.01659305108591556
33.75,0.016374241894142355,0.016374241894142355
33.791666666666664,0.0161536278906683,0.0161536278906683
33.83333333333333,0.015932268977725393,0.015932268977725393
33.875,0.015710996387504027,0.015710996387504027
33.916666666666664,0.015490459966848676,0.015490459966848676
33.95833333333333,0.015271165745179187,0.015271165745179187
34.0,0.015053505742278393,0.015053505742278393
34.041666666666664,0.01606592605554575,0.01606592605554575
34.08333333333333,0.01680917969615542,0.01680917969615542
34.125,0.01733970041424021,0.01733970041424021
34.166666666666664,0.017702225712138205,0.017702225712138205
34.20833333333333,0.01793227445060604,0.01793227445060604
34.25,0.018057994406288455,0.018057994406288455
34.291666666666664,0.01810175598585441,0.01810175598585441
34.33333333333333,0.01808127426020578,0.01808127426020578
34.375,0.018010618978706736,0.018010618978706736
34.416666666666664,0.017900936128589163,0.017900936128589163
34.45833333333333,0.017761055476264807,0.017761055476264807
34.5,0.017597982808615513,0.017597982808615513
34.541666666666664,0.01741726239368206,0.01741726239368206
34.58333333333333,0.017223286340414243,0.017223286340414243
34.625,0.01701952887062171,0.01701952887062171
34.666666666666664,0.016808736981014715,0.016808736981014715
34.70833333333333,0.016593080424077915,0.016593080424077915
34.75,0.016374270802475662,0.016374270802475662
34.791666666666664,0.016153656375470095,0.016153656375470095
34.83333333333333,0.015932297045200983,0.015932297045200983
34.875,0.01571102404376774,0.01571102404376774
34.916666666666664,0.015490487217925104,0.015490487217925104
34.95833333333333,0.015271192597004865,0.015271192597004865
35.0,0.015053532200702746,0.015053532200702746
35.041666666666664,0.01606595212635383,0.01606595212635383
35.08333333333333,0.016809205384991695,0.016809205384991695
35.125,0.017339725726718595,0.017339725726718595
35.166666666666664,0.017702250653760115,0.017702250653760115
35.20833333333333,0.017932299026822456,0.017932299026822456
35.25,0.018058018622441663,0.018058018622441663
35.291666666666664,0.01810177984721884,0.01810177984721884
35.33333333333333,0.018081297772008408,0.018081297772008408
35.375,0.018010642146042435,0.018010642146042435
35.416666666666664,0.017900958956494423,0.017900958956494423
35.45833333333333,0.017761077969721734,0.017761077969721734
35.5,0.01759800497251923,0.01759800497251923
35.541666666666664,0.01741728423286425,0.01741728423286425
35.58333333333333,0.01722330785963234,0.01722330785963234
35.625,0.01701955007456375,0.01701955007456375
35.666666666666664,0.016808757874300462,0.016808757874300462
35.70833333333333,0.016593101011258805,0.016593101011258805
35.75,0.01637429108803676,0.01637429108803676
35.791666666666664,0.016153676363830534,0.016153676363830534
35.83333333333333,0.015932316740715168,0.015932316740715168
35.875,0.015711043450726235,0.015711043450726235
35.916666666666664,0.015490506340555512,0.015490506340555512
35.95833333333333,0.015271211439472965,0.015271211439472965
36.0,0.015053550767113207,0.015053550767113207
36.041666666666664,0.016065970420766806,0.016065970420766806
36.08333333333333,0.016809223411366692,0.016809223411366692
36.125,0.017339743488996345,0.017339743488996345
36.166666666666664,0.01770226815579971,0.01770226815579971
36.20833333333333,0.017932316272451,0.017932316272451
36.25,0.018058035615406386,0.018058035615406386
36.291666666666664,0.018101796591220885,0.018101796591220885
36.33333333333333,0.01808131427071916,0.01808131427071916
36.375,0.018010658403033883,0.018010658403033883
36.416666666666664,0.017900974975299275,0.017900974975299275
36.45833333333333,0.01776109375383725,0.01776109375383725
36.5,0.017598020525379766,0.017598020525379766
36.541666666666664,0.017417299557860755,0.017417299557860755
36.58333333333333,0.01722332296010321,0.01722332296010321
36.625,0.0170195649537987,0.0170195649537987
36.666666666666664,0.01680877253554138,0.01680877253554138
36.70833333333333,0.016593115457699533,0.016593115457699533
36.75,0.016374305322824613,0.016374305322824613
36.791666666666664,0.016153690390066516,0.016153690390066516
36.83333333333333,0.015932330561454888,0.015932330561454888
36.875,0.01571105706898049,0.01571105706898049
36.916666666666664,0.015490519759290866,0.015490519759290866
36.95833333333333,0.015271224661612681,0.015271224661612681
37.0,0.015053563795537628,0.015053563795537628
37.041666666666664,0.01606598325832773,0.01606598325832773
37.08333333333333,0.016809236060838152,0.016809236060838152
37.125,0.01733975595314585,0.01733975595314585
37.166666666666664,0.017702280437334,0.017702280437334
37.20833333333333,0.01793232837405752,0.01793232837405752
37.25,0.018058047539713303,0.018058047539713303
37.291666666666664,0.018101808340825417,0.018101808340825417
37.33333333333333,0.01808132584820085,0.01808132584820085
37.375,0.018010669810896374,0.018010669810896374
37.416666666666664,0.01790098621602018,0.01790098621602018
37.45833333333333,0.017761104829871782,0.017761104829871782
37.5,0.017598031439137317,0.017598031439137317
37.541666666666664,0.017417310311721217,0.017417310311721217
37.58333333333333,0.017223333556409228,0.017223333556409228
37.625,0.017019575394858755,0.017019575394858755
37.666666666666664,0.016808782823630467,0.016808782823630467
37.70833333333333,0.016593125595058836,0.016593125595058836
37.75,0.01637431531166272,0.01637431531166272
37.791666666666664,0.016153700232559486,0.016153700232559486
37.83333333333333,0.015932340259746915,0.015932340259746915
37.875,0.015711066625184324,0.015711066625184324
37.916666666666664,0.015490529175488214,0.015490529175488214
37.95833333333333,0.015271233939854873,0.015271233939854873
38.0,0.015053572937845861,0.015053572937845861
38.041666666666664,0.01606599226670393,0.01606599226670393
38.08333333333333,0.016809244937227463,0.016809244937227463
38.125,0.017339764699491566,0.017339764699491566
38.166666666666664,0.01770228905553441,0.01770228905553441
38.20833333333333,0.01793233686599972,0.01793233686599972
38.25,0.018058055907240772,0.018058055907240772
38.291666666666664,0.018101816585760516,0.018101816585760516
38.33333333333333,0.01808133397235601,0.01808133397235601
38.375,0.018010677816026246,0.018010677816026246
38.416666666666664,0.017900994103862634,0.017900994103862634
38.45833333333333,0.017761112602150412,0.017761112602150412
38.5,0.01759803909754247,0.01759803909754247
38.541666666666664,0.017417317857923182,0.017417317857923182
38.58333333333333,0.01722334099205188,0.01722334099205188
38.625,0.017019582721562027,0.017019582721562027
38.666666666666664,0.016808790042990823,0.016808790042990823
38.70833333333333,0.01659313270864897,0.01659313270864897
38.75,0.016374322321032465,0.016374322321032465
38.791666666666664,0.016153707139235852,0.016153707139235852
38.83333333333333,0.015932347065234543,0.015932347065234543
38.875,0.01571107333096578,0.01571107333096578
38.916666666666664,0.015490535783024286,0.015490535783024286
38.95833333333333,0.015271240450585014,0.015271240450585014
39.0,0.015053579353188401,0.015053579353188401
39.041666666666664,0.01606599858806559,0.01606599858806559
39.08333333333333,0.016809251165970332,0.016809251165970332
39.125,0.017339770836980573,0.017339770836980573
39.166666666666664,0.01770229510310046,0.01770229510310046
39.20833333333333,0.017932342824969003,0.017932342824969003
39.25,0.0180580617789053,0.0180580617789053
39.291666666666664,0.018101822371399155,0.018101822371399155
39.33333333333333,0.018081339673243896,0.018081339673243896
39.375,0.018010683433391832,0.018010683433391832
39.416666666666664,0.01790099963892385,0.01790099963892385
39.45833333333333,0.017761118056117957,0.017761118056117957
39.5,0.017598044471601904,0.017598044471601904
39.541666666666664,0.017417323153247028,0.017417323153247028
39.58333333333333,0.017223346209793693,0.017223346209793693
39.625,0.017019587862858593,0.017019587862858593
39.666666666666664,0.016808795108962507,0.016808795108962507
39.70833333333333,0.016593137700399378,0.016593137700399378
39.75,0.0163743272396492,0.0163743272396492
39.791666666666664,0.016153711985790447,0.016153711985790447
39.83333333333333,0.015932351840782868,0.015932351840782868
39.875,0.015711078036548202,0.015711078036548202
39.916666666666664,0.015490540419665874,0.015490540419665874
39.95833333333333,0.015271245019295887,0.015271245019295887
40.0,0.015053583854963833,0.015053583854963833
40.041666666666664,0.016066003023894514,0.016066003023894514
40.08333333333333,0.016809255536805283,0.016809255536805283
40.125,0.01733977514378122,0.01733977514378122
40.166666666666664,0.01770229934679971,0.01770229934679971
40.20833333333333,0.017932347006499,0.017932347006499
40.25,0.01805806589917164,0.01805806589917164
40.291666666666664,0.018101826431299286,0.018101826431299286
40.33333333333333,0.01808134367367523,0.01808134367367523
40.375,0.018010687375214038,0.018010687375214038
40.416666666666664,0.017901003522990462,0.017901003522990462
40.45833333333333,0.017761121883279427,0.017761121883279427
40.5,0.017598048242689675,0.017598048242689675
40.541666666666664,0.017417326869084197,0.017417326869084197
40.58333333333333,0.017223349871189755,0.017223349871189755
40.625,0.01701959147061126,0.01701959147061126
40.666666666666664,0.01680879866385803,0.01680879866385803
40.70833333333333,0.016593141203212185,0.016593141203212185
40.75,0.01637433069114252,0.01637433069114252
40.791666666666664,0.016153715386716224,0.016153715386716224
40.83333333333333,0.015932355191882033,0.015932355191882033
40.875,0.015711081338550814,0.015711081338550814
40.916666666666664,0.015490543673291233,0.015490543673291233
40.95833333333333,0.01527124822525284,0.01527124822525284
41.0,0.01505358701395079,0.01505358701395079
41.041666666666664,0.016066006136606092,0.016066006136606092
41.08333333333333,0.016809258603908882,0.016809258603908882
41.125,0.017339778165951142,0.017339778165951142
41.166666666666664,0.017702302324689615,0.017702302324689615
41.20833333333333,0.017932349940764758,0.017932349940764758
41.25,0.018058068790447097,0.018058068790447097
41.291666666666664,0.01810182928021431,0.01810182928021431
41.33333333333333,0.01808134648086272,0.01808134648086272
41.375,0.01801069014127456,0.01801069014127456
41.416666666666664,0.017901006248521333,0.017901006248521333
41.45833333333333,0.017761124568878635,0.017761124568878635
41.5,0.01759805088894006,0.01759805088894006
41.541666666666664,0.01741732947656378,0.01741732947656378
41.58333333333333,0.017223352440466588,0.017223352440466588
41.625,0.01701959400224514,0.01701959400224514
41.666666666666664,0.016808801158400798,0.016808801158400798
41.70833333333333,0.01659314366120727,0.01659314366120727
41.75,0.016374333113125545,0.016374333113125545
41.791666666666664,0.016153717773214865,0.016153717773214865
41.83333333333333,0.015932357543416244,0.015932357543416244
41.875,0.015711083655632913,0.015711083655632913
41.916666666666664,0.01549054595642596,0.01549054595642596
41.95833333333333,0.015271250474937633,0.015271250474937633
42.0,0.015053589230675745,0.015053589230675745
42.041666666666664,0.016066008320861302,0.016066008320861302
42.08333333333333,0.0168092607561588,0.0168092607561588
42.125,0.017339780286670256,0.017339780286670256
42.166666666666664,0.0177023044143358,0.0177023044143358
42.20833333333333,0.01793235199979891,0.01793235199979891
42.25,0.018058070819313973,0.018058070819313973
42.291666666666664,0.018101831279355683,0.018101831279355683
42.33333333333333,0.01808134845072372,0.01808134845072372
42.375,0.018010692082275535,0.018010692082275535
42.416666666666664,0.01790100816108152,0.01790100816108152
42.45833333333333,0.017761126453417868,0.017761126453417868
42.5,0.01759805274586726,0.01759805274586726
42.541666666666664,0.01741733130628465,0.01741733130628465
42.58333333333333,0.017223354243379743,0.017223354243379743
42.625,0.01701959577874343,0.01701959577874343
42.666666666666664,0.01680880290887148,0.01680880290887148
42.70833333333333,0.01659314538603169,0.01659314538603169
42.75,0.016374334812679574,0.016374334812679574
42.791666666666664,0.016153719447868788,0.016153719447868788
42.83333333333333,0.01593235919353493,0.01593235919353493
42.875,0.01571108528157587,0.01571108528157587
42.916666666666664,0.015490547558547393,0.015490547558547393
42.95833333333333,0.015271252053586593,0.015271252053586593
43.0,0.015053590786196145,0.015053590786196145
43.041666666666664,0.016066009853595922,0.016066009853595922
43.08333333333333,0.016809262266434696,0.016809262266434696
43.125,0.017339781774821046,0.017339781774821046
43.166666666666664,0.017702305880681904,0.017702305880681904
43.20833333333333,0.01793235344466518,0.01793235344466518
43.25,0.018058072243011244,0.018058072243011244
43.291666666666664,0.018101832682194056,0.018101832682194056
43.33333333333333,0.018081349833018154,0.018081349833018154
43.375,0.018010693444318705,0.018010693444318705
43.416666666666664,0.017901009503166247,0.017901009503166247
43.45833333333333,0.017761127775839693,0.017761127775839693
43.5,0.01759805404891258,0.01759805404891258
43.541666666666664,0.01741733259023849,0.01741733259023849
43.58333333333333,0.017223355508521818,0.017223355508521818
43.625,0.017019597025349418,0.017019597025349418
43.666666666666664,0.016808804137213192,0.016808804137213192
43.70833333333333,0.01659314659637673,0.01659314659637673
43.75,0.01637433600529174,0.01637433600529174
43.791666666666664,0.016153720623007923,0.016153720623007923
43.83333333333333,0.015932360351457085,0.015932360351457085
43.875,0.015711086422533323,0.015711086422533323
43.916666666666664,0.015490548682788683,0.015490548682788683
43.95833333333333,0.015271253161356694,0.015271253161356694
44.0,0.015053591877736396,0.015053591877736396
44.041666666666664,0.016066010929150987,0.016066010929150987
44.08333333333333,0.01680926332622842,0.01680926332622842
44.125,0.017339782819089013,0.017339782819089013
44.166666666666664,0.01770230690964818,0.01770230690964818
44.20833333333333,0.017932354458559265,0.017932354458559265
44.25,0.0180580732420499,0.0180580732420499
44.291666666666664,0.01810183366659505,0.01810183366659505
44.33333333333333,0.018081350803005276,0.018081350803005276
44.375,0.018010694400095104,0.018010694400095104
44.416666666666664,0.017901010444936048,0.017901010444936048
44.45833333333333,0.017761128703811354,0.017761128703811354
44.5,0.017598054963286598,0.017598054963286598
44.541666666666664,0.017417333491215266,0.017417333491215266
44.58333333333333,0.01722335639629768,0.01722335639629768
44.625,0.017019597900117853,0.017019597900117853
44.666666666666664,0.01680880499916503,0.01680880499916503
44.70833333333333,0.016593147445699764,0.016593147445699764
44.75,0.01637433684217113,0.01637433684217113
44.791666666666664,0.016153721447626043,0.016153721447626043
44.83333333333333,0.015932361163993634,0.015932361163993634
44.875,0.01571108722316536,0.01571108722316536
44.916666666666664,0.015490549471690603,0.015490549471690603
44.95833333333333,0.015271253938700421,0.015271253938700421
45.0,0.015053592643691292,0.015053592643691292
45.041666666666664,0.016066011683887067,0.016066011683887067
45.08333333333333,0.01680926406990438,0.01680926406990438
45.125,0.017339783551870918,0.017339783551870918
45.166666666666664,0.017702307631692553,0.017702307631692553
45.20833333333333,0.017932355170028023,0.017932355170028023
45.25,0.018058073943094662,0.018058073943094662
45.291666666666664,0.01810183435736848,0.01810183435736848
45.33333333333333,0.018081351483665662,0.018081351483665662
45.375,0.01801069507078368,0.01801069507078368
45.416666666666664,0.017901011105795644,0.017901011105795644
45.45833333333333,0.017761129354988615,0.017761129354988615
45.5,0.017598055604921982,0.017598055604921982
45.541666666666664,0.017417334123449528,0.017417334123449528
45.58333333333333,0.017223357019268564,0.017223357019268564
45.625,0.01701959851396113,0.01701959851396113
45.666666666666664,0.016808805604014636,0.016808805604014636
45.70833333333333,0.016593148041687475,0.016593148041687475
45.75,0.016374337429426882,0.016374337429426882
45.791666666666664,0.016153722026277805,0.016153722026277805
45.83333333333333,0.01593236173416751,0.01593236173416751
45.875,0.015711087784985592,0.015711087784985592
45.916666666666664,0.01549055002527958,0.01549055002527958
45.95833333333333,0.015271254484178782,0.015271254484178782
46.0,0.015053593181177882,0.015053593181177882
46.041666666666664,0.016066012213503185,0.016066012213503185
46.08333333333333,0.016809264591758494,0.016809264591758494
46.125,0.017339784066080517,0.017339784066080517
46.166666666666664,0.0177023081383669,0.0177023081383669
46.20833333333333,0.017932355669281138,0.017932355669281138
46.25,0.018058074435032892,0.018058074435032892
46.291666666666664,0.01810183484209888,0.01810183484209888
46.33333333333333,0.018081351961300292,0.018081351961300292
46.375,0.018010695541420672,0.018010695541420672
46.416666666666664,0.01790101156953511,0.01790101156953511
46.45833333333333,0.01776112981193369,0.01776112981193369
46.5,0.017598056055171108,0.017598056055171108
46.541666666666664,0.01741733456710157,0.01741733456710157
46.58333333333333,0.017223357456420188,0.017223357456420188
46.625,0.017019598944707625,0.017019598944707625
46.666666666666664,0.016808806028450005,0.016808806028450005
46.70833333333333,0.016593148459904197,0.016593148459904197
46.75,0.01637433784151615,0.01637433784151615
46.791666666666664,0.01615372243232942,0.01615372243232942
46.83333333333333,0.015932362134269976,0.015932362134269976
46.875,0.015711088179226097,0.015711088179226097
46.916666666666664,0.015490550413743993,0.015490550413743993
46.95833333333333,0.015271254866951781,0.015271254866951781
47.0,0.015053593558342862,0.015053593558342862
47.041666666666664,0.016066012585146304,0.016066012585146304
47.08333333333333,0.016809264957954376,0.016809264957954376
47.125,0.01733978442691219,0.01733978442691219
47.166666666666664,0.0177023084939104,0.0177023084939104
47.20833333333333,0.017932356019617995,0.017932356019617995
47.25,0.01805807478023653,0.01805807478023653
47.291666666666664,0.018101835182244452,0.018101835182244452
47.33333333333333,0.018081352296468584,0.018081352296468584
47.375,0.018010695871678747,0.018010695871678747
47.416666666666664,0.017901011894952114,0.017901011894952114
47.45833333333333,0.01776113013258284,0.01776113013258284
47.5,0.017598056371121093,0.017598056371121093
47.541666666666664,0.017417334878422067,0.017417334878422067
47.58333333333333,0.017223357763179035,0.017223357763179035
47.625,0.017019599246971717,0.017019599246971717
47.666666666666664,0.01680880632628538,0.01680880632628538
47.70833333333333,0.016593148753375746,0.016593148753375746
47.75,0.016374338130687907,0.016374338130687907
47.791666666666664,0.016153722717264413,0.016153722717264413
47.83333333333333,0.015932362415030314,0.015932362415030314
47.875,0.015711088455872973,0.015711088455872973
47.916666666666664,0.015490550686337697,0.015490550686337697
47.95833333333333,0.015271255135551717,0.015271255135551717
48.0,0.015053593823007557,0.015053593823007557
48.041666666666664,0.01606601284593664,0.01606601284593664
48.08333333333333,0.016809265214921525,0.016809265214921525
48.125,0.017339784680115773,0.017339784680115773
48.166666666666664,0.017702308743403023,0.017702308743403023
48.20833333333333,0.01793235626545781,0.01793235626545781
48.25,0.01805807502247398,0.01805807502247398
48.291666666666664,0.018101835420932473,0.018101835420932473
48.33333333333333,0.018081352531666144,0.018081352531666144
48.375,0.018010696103430986,0.018010696103430986
48.416666666666664,0.01790101212330632,0.01790101212330632
48.45833333333333,0.01776113035759123,0.01776113035759123
48.5,0.017598056592831385,0.017598056592831385
48.541666666666664,0.017417335096883466,0.017417335096883466
48.58333333333333,0.017223357978439165,0.017223357978439165
48.625,0.01701959945907752,0.01701959945907752
48.666666666666664,0.016808806535283265,0.016808806535283265
48.70833333333333,0.016593148959311257,0.016593148959311257
48.75,0.016374338333606006,0.016374338333606006
48.791666666666664,0.016153722917209356,0.016153722917209356
48.83333333333333,0.0159323626120457,0.0159323626120457
48.875,0.015711088650001755,0.015711088650001755
48.916666666666664,0.015490550877622146,0.015490550877622146
48.95833333333333,0.015271255324033563,0.015271255324033563
49.0,0.01505359400872788,0.01505359400872788
49.041666666666664,0.016066013028938425,0.016066013028938425
49.08333333333333,0.016809265395240316,0.016809265395240316
49.125,0.017339784857793743,0.017339784857793743
49.166666666666664,0.017702308918476614,0.017702308918476614
49.20833333333333,0.017932356437968113,0.017932356437968113
49.25,0.01805807519245665,0.01805807519245665
49.291666666666664,0.01810183558842436,0.01810183558842436
49.33333333333333,0.018081352696708658,0.018081352696708658
49.375,0.01801069626605553,0.01801069626605553
49.416666666666664,0.01790101228354655,0.01790101228354655
49.45833333333333,0.01776113051548368,0.01776113051548368
49.5,0.01759805674840965,0.01759805674840965
49.541666666666664,0.017417335250182017,0.017417335250182017
49.58333333333333,0.017223358129491412,0.017223358129491412
49.625,0.017019599607916422,0.017019599607916422
49.666666666666664,0.016808806681941374,0.016808806681941374
49.70833333333333,0.016593149103820534,0.016593149103820534
49.75,0.016374338475997993,0.016374338475997993
49.791666666666664,0.0161537230575151,0.0161537230575151
49.83333333333333,0.0159323627502958,0.0159323627502958
49.875,0.015711088786226346,0.015711088786226346
49.916666666666664,0.015490551011850925,0.015490551011850925
49.95833333333333,0.015271255456295773,0.015271255456295773
50.0,0.015053594139052348,0.015053594139052348
50.041666666666664,0.016066013157357572,0.016066013157357572
50.08333333333333,0.016809265521775845,0.016809265521775845
50.125,0.017339784982475893,0.017339784982475893
50.166666666666664,0.017702309041330598,0.017702309041330598
50.20833333333333,0.017932356559023983,0.017932356559023983
50.25,0.018058075311738475,0.018058075311738475
50.291666666666664,0.018101835705958143,0.018101835705958143
50.33333333333333,0.018081352812525486,0.018081352812525486
50.375,0.018010696380175755,0.018010696380175755
50.416666666666664,0.017901012395992705,0.017901012395992705
50.45833333333333,0.017761130626282148,0.017761130626282148
50.5,0.017598056857583578,0.017598056857583578
50.541666666666664,0.0174173353577559,0.0174173353577559
50.58333333333333,0.0172233582354887,0.0172233582354887
50.625,0.017019599712360257,0.017019599712360257
50.666666666666664,0.01680880678485467,0.01680880678485467
50.70833333333333,0.016593149205225727,0.016593149205225727
50.75,0.01637433857591726,0.01637433857591726
50.791666666666664,0.01615372315597023,0.01615372315597023
50.83333333333333,0.015932362847308288,0.015932362847308288
50.875,0.015711088881817357,0.015711088881817357
50.916666666666664,0.015490551106041256,0.015490551106041256
50.95833333333333,0.015271255549106012,0.015271255549106012
51.0,0.015053594230502726,0.015053594230502726
51.041666666666664,0.016066013247470763,0.016066013247470763
51.08333333333333,0.01680926561056709,0.01680926561056709
51.125,0.017339785069967063,0.017339785069967063
51.166666666666664,0.017702309127538767,0.017702309127538767
51.20833333333333,0.017932356643970835,0.017932356643970835
51.25,0.018058075395440392,0.018058075395440392
51.291666666666664,0.018101835788433364,0.018101835788433364
51.33333333333333,0.01808135289379703,0.01808135289379703
51.375,0.018010696460256836,0.018010696460256836
51.416666666666664,0.017901012474898653,0.017901012474898653
51.45833333333333,0.01776113070403189,0.01776113070403189
51.5,0.01759805693419316,0.01759805693419316
51.541666666666664,0.017417335433242653,0.017417335433242653
51.58333333333333,0.017223358309869093,0.017223358309869093
51.625,0.017019599785650538,0.017019599785650538
51.666666666666664,0.016808806857070938,0.016808806857070938
51.70833333333333,0.01659314927638373,0.01659314927638373
51.75,0.01637433864603257,0.01637433864603257
51.791666666666664,0.01615372322505815,0.01615372322505815
51.83333333333333,0.015932362915383903,0.015932362915383903
51.875,0.015711088948895516,0.015711088948895516
51.916666666666664,0.01549055117213658,0.01549055117213658
51.95833333333333,0.015271255614232926,0.015271255614232926
52.0,0.015053594294675432,0.015053594294675432
52.041666666666664,0.016066013310706163,0.016066013310706163
52.08333333333333,0.01680926567287412,0.01680926567287412
52.125,0.01733978513136203,0.01733978513136203
52.166666666666664,0.017702309188033102,0.017702309188033102
52.20833333333333,0.01793235670358084,0.01793235670358084
52.25,0.01805807545417654,0.01805807545417654
52.291666666666664,0.018101835846308627,0.018101835846308627
52.33333333333333,0.01808135295082951,0.01808135295082951
52.375,0.018010696516454223,0.018010696516454223
52.416666666666664,0.01790101253027063,0.01790101253027063
52.45833333333333,0.017761130758592515,0.017761130758592515
52.5,0.017598056987953338,0.017598056987953338
52.541666666666664,0.017417335486214786,0.017417335486214786
52.58333333333333,0.01722335836206475,0.01722335836206475
52.625,0.01701959983708113,0.01701959983708113
52.666666666666664,0.01680880690774784,0.01680880690774784
52.70833333333333,0.016593149326317978,0.016593149326317978
52.75,0.016374338695235125,0.016374338695235125
52.791666666666664,0.016153723273539766,0.016153723273539766
52.83333333333333,0.01593236296315517,0.01593236296315517
52.875,0.015711088995966866,0.015711088995966866
52.916666666666664,0.015490551218518292,0.015490551218518292
52.95833333333333,0.015271255659935108,0.015271255659935108
53.0,0.015053594339708048,0.015053594339708048
53.041666666666664,0.016066013355080733,0.016066013355080733
53.08333333333333,0.016809265716597376,0.016809265716597376
53.125,0.01733978517444544,0.01733978517444544
53.166666666666664,0.01770230923048436,0.01770230923048436
53.20833333333333,0.01793235674541177,0.01793235674541177
53.25,0.01805807549539431,0.01805807549539431
53.291666666666664,0.01810183588692217,0.01810183588692217
53.33333333333333,0.018081352990852145,0.018081352990852145
53.375,0.01801069655589068,0.01801069655589068
53.416666666666664,0.017901012569127597,0.017901012569127597
53.45833333333333,0.017761130796880003,0.017761130796880003
53.5,0.017598057025678886,0.017598057025678886
53.541666666666664,0.01741733552338719,0.01741733552338719
53.58333333333333,0.017223358398692126,0.017223358398692126
53.625,0.017019599873171497,0.017019599873171497
53.666666666666664,0.016808806943309187,0.016808806943309187
53.70833333333333,0.01659314936135807,0.01659314936135807
53.75,0.016374338729761656,0.016374338729761656
53.791666666666664,0.016153723307560285,0.016153723307560285
53.83333333333333,0.015932362996677125,0.015932362996677125
53.875,0.01571108902899759,0.01571108902899759
53.916666666666664,0.015490551251064962,0.015490551251064962
53.95833333333333,0.015271255692004859,0.015271255692004859
54.0,0.015053594371307875,0.015053594371307875
54.041666666666664,0.016066013386219942,0.016066013386219942
54.08333333333333,0.016809265747278798,0.016809265747278798
54.125,0.01733978520467791,0.01733978520467791
54.166666666666664,0.017702309260272886,0.017702309260272886
54.20833333333333,0.017932356774764922,0.017932356774764922
54.25,0.018058075524317267,0.018058075524317267
54.291666666666664,0.018101835915421104,0.018101835915421104
54.33333333333333,0.018081353018936683,0.018081353018936683
54.375,0.018010696583563718,0.018010696583563718
54.416666666666664,0.017901012596393987,0.017901012596393987
54.45833333333333,0.01776113082374677,0.01776113082374677
54.5,0.017598057052151304,0.017598057052151304
54.541666666666664,0.017417335549471443,0.017417335549471443
54.58333333333333,0.0172233584243939,0.0172233584243939
54.625,0.017019599898496433,0.017019599898496433
54.666666666666664,0.01680880696826289,0.01680880696826289
54.70833333333333,0.016593149385945978,0.016593149385945978
54.75,0.016374338753989182,0.016374338753989182
54.791666666666664,0.016153723331432723,0.016153723331432723
54.83333333333333,0.0159323630201997,0.0159323630201997
54.875,0.01571108905217544,0.01571108905217544
54.916666666666664,0.01549055127390313,0.01549055127390313
54.95833333333333,0.015271255714508351,0.015271255714508351
55.0,0.01505359439348161,0.01505359439348161
55.041666666666664,0.016066013408070692,0.016066013408070692
55.08333333333333,0.016809265768808226,0.016809265768808226
55.125,0.017339785225892673,0.017339785225892673
55.166666666666664,0.017702309281176005,0.017702309281176005
55.20833333333333,0.01793235679536311,0.01793235679536311
55.25,0.018058075544613313,0.018058075544613313
55.291666666666664,0.01810183593541944,0.01810183593541944
55.33333333333333,0.018081353038645637,0.018081353038645637
55.375,0.018010696602984072,0.018010696602984072
55.416666666666664,0.017901012615528306,0.017901012615528306
55.45833333333333,0.017761130842600614,0.017761130842600614
55.5,0.01759805707072809,0.01759805707072809
55.541666666666664,0.017417335567775718,0.017417335567775718
55.58333333333333,0.01722335844242967,0.01722335844242967
55.625,0.017019599916267666,0.017019599916267666
55.666666666666664,0.016808806985773566,0.016808806985773566
55.70833333333333,0.01659314940319993,0.01659314940319993
55.75,0.016374338770990225,0.016374338770990225
55.791666666666664,0.016153723348184584,0.016153723348184584
55.83333333333333,0.015932363036706042,0.015932363036706042
55.875,0.01571108906843989,0.01571108906843989
55.916666666666664,0.015490551289929239,0.015490551289929239
55.95833333333333,0.015271255730299627,0.015271255730299627
56.0,0.015053594409041504,0.015053594409041504
56.041666666666664,0.01606601342340507,0.01606601342340507
56.08333333333333,0.016809265783916384,0.016809265783916384
56.125,0.017339785240780073,0.017339785240780073
56.166666666666664,0.017702309295844362,0.017702309295844362
56.20833333333333,0.01793235680981817,0.01793235680981817
56.25,0.01805807555885613,0.01805807555885613
56.291666666666664,0.01810183594945328,0.01810183594945328
56.33333333333333,0.018081353052478072,0.018081353052478072
56.375,0.01801069661661426,0.01801069661661426
56.416666666666664,0.01790101262895704,0.01790101262895704
56.45833333333333,0.017761130855832467,0.017761130855832467
56.5,0.017598057083765113,0.017598057083765113
56.541666666666664,0.017417335580621342,0.017417335580621342
56.58333333333333,0.017223358455086716,0.017223358455086716
56.625,0.017019599928738933,0.017019599928738933
56.666666666666664,0.0168088069980619,0.0168088069980619
56.70833333333333,0.016593149415308015,0.016593149415308015
56.75,0.016374338782920772,0.016374338782920772
56.791666666666664,0.016153723359940215,0.016153723359940215
56.83333333333333,0.01593236304828936,0.01593236304828936
56.875,0.015711089079853427,0.015711089079853427
56.916666666666664,0.015490551301175489,0.015490551301175489
56.95833333333333,0.015271255741381069,0.015271255741381069
57.0,0.01505359441996056,0.01505359441996056
57.041666666666664,0.016066013434166054,0.016066013434166054
57.08333333333333,0.016809265794518555,0.016809265794518555
57.125,0.017339785251227282,0.017339785251227282
57.166666666666664,0.01770230930613762,0.01770230930613762
57.20833333333333,0.017932356819961897,0.017932356819961897
57.25,0.018058075568851004,0.018058075568851004
57.291666666666664,0.018101835959301458,0.018101835959301458
57.33333333333333,0.018081353062185185,0.018081353062185185
57.375,0.0180106966261793,0.0180106966261793
57.416666666666664,0.017901012638380617,0.017901012638380617
57.45833333333333,0.017761130865117845,0.017761130865117845
57.5,0.017598057092913694,0.017598057092913694
57.541666666666664,0.01741733558963556,0.01741733558963556
57.58333333333333,0.017223358463968552,0.017223358463968552
57.625,0.01701959993749035,0.01701959993749035
57.666666666666664,0.01680880700668491,0.01680880700668491
57.70833333333333,0.016593149423804507,0.016593149423804507
57.75,0.01637433879129264,0.01637433879129264
57.791666666666664,0.016153723368189307,0.016153723368189307
57.83333333333333,0.015932363056417497,0.015932363056417497
57.875,0.015711089087862406,0.015711089087862406
57.916666666666664,0.01549055130906704,0.01549055130906704
57.95833333333333,0.01527125574915694,0.01527125574915694
58.0,0.015053594427622457,0.015053594427622457
58.041666666666664,0.016066013441717403,0.016066013441717403
58.08333333333333,0.016809265801958132,0.016809265801958132
58.125,0.017339785258558556,0.017339785258558556
58.166666666666664,0.01770230931336078,0.01770230931336078
58.20833333333333,0.017932356827080255,0.017932356827080255
58.25,0.01805807557586476,0.01805807557586476
58.291666666666664,0.018101835966212176,0.018101835966212176
58.33333333333333,0.01808135306899774,0.01808135306899774
58.375,0.0180106966328922,0.0180106966328922
58.416666666666664,0.017901012644993917,0.017901012644993917
58.45833333333333,0.017761130871634136,0.017761130871634136
58.5,0.017598057099333805,0.017598057099333805
58.541666666666664,0.01741733559596131,0.01741733559596131
58.58333333333333,0.017223358470201337,0.017223358470201337
58.625,0.017019599943631555,0.017019599943631555
58.666666666666664,0.016808807012735967,0.016808807012735967
58.70833333333333,0.016593149429766748,0.016593149429766748
58.75,0.016374338797167407,0.016374338797167407
58.791666666666664,0.016153723373977906,0.016153723373977906
58.83333333333333,0.01593236306212121,0.01593236306212121
58.875,0.01571108909348249,0.01571108909348249
58.916666666666664,0.015490551314604719,0.015490551314604719
58.95833333333333,0.015271255754613446,0.015271255754613446
59.0,0.015053594432998984,0.015053594432998984
59.041666666666664,0.016066013447016518,0.016066013447016518
59.08333333333333,0.01680926580717846,0.01680926580717846
59.125,0.01733978526370278,0.01733978526370278
59.166666666666664,0.01770230931842896,0.01770230931842896
59.20833333333333,0.01793235683207503,0.01793235683207503
59.25,0.01805807558078638,0.01805807558078638
59.291666666666664,0.01810183597106154,0.01810183597106154
59.33333333333333,0.018081353073778245,0.018081353073778245
59.375,0.0180106966376026,0.0180106966376026
59.416666666666664,0.01790101264963451,0.01790101264963451
59.45833333333333,0.01776113087620665,0.01776113087620665
59.5,0.017598057103838844,0.017598057103838844
59.541666666666664,0.01741733560040014,0.01741733560040014
59.58333333333333,0.01722335847457492,0.01722335847457492
59.625,0.01701959994794086,0.01701959994794086
59.666666666666664,0.016808807016982,0.016808807016982
59.70833333333333,0.016593149433950433,0.016593149433950433
59.75,0.016374338801289696,0.016374338801289696
59.791666666666664,0.016153723378039712,0.016153723378039712
59.83333333333333,0.01593236306612343,0.01593236306612343
59.875,0.015711089097426006,0.015711089097426006
59.916666666666664,0.015490551318490387,0.015490551318490387
59.95833333333333,0.015271255758442133,0.015271255758442133
60.0,0.015053594436771529,0.015053594436771529
60.041666666666664,0.016066013450735942,0.016066013450735942
60.08333333333333,0.016809265810842237,0.016809265810842237
60.125,0.017339785267313376,0.017339785267313376
60.166666666666664,0.017702309321985844,0.017702309321985844
60.20833333333333,0.017932356835581125,0.017932356835581125
60.25,0.018058075584240642,0.018058075584240642
60.291666666666664,0.018101835974464887,0.018101835974464887
60.33333333333333,0.018081353077135213,0.018081353077135213
60.375,0.01801069664091072,0.01801069664091072
60.416666666666664,0.01790101265289264,0.01790101265289264
60.45833333333333,0.017761130879416918,0.017761130879416918
60.5,0.017598057107001245,0.017598057107001245
60.541666666666664,0.017417335603515865,0.017417335603515865
60.58333333333333,0.017223358477644675,0.017223358477644675
60.625,0.017019599950965355,0.017019599950965355
60.666666666666664,0.016808807019962003,0.016808807019962003
60.70833333333333,0.016593149436886605,0.016593149436886605
60.75,0.016374338804182736,0.016374338804182736
60.791666666666664,0.016153723380890266,0.016153723380890266
60.83333333333333,0.015932363068932146,0.015932363068932146
60.875,0.015711089100193518,0.015711089100193518
60.916666666666664,0.015490551321217301,0.015490551321217301
60.95833333333333,0.015271255761129063,0.015271255761129063
61.0,0.015053594439419072,0.015053594439419072
61.041666666666664,0.01606601345334585,0.01606601345334585
61.08333333333333,0.0168092658134128,0.0168092658134128
61.125,0.017339785269846822,0.017339785269846822
61.166666666666664,0.017702309324481632,0.017702309324481632
61.20833333333333,0.01793235683804136,0.01793235683804136
61.25,0.018058075586664682,0.018058075586664682
61.291666666666664,0.018101835976853255,0.018101835976853255
61.33333333333333,0.01808135307949127,0.01808135307949127
61.375,0.01801069664323246,0.01801069664323246
61.416666666666664,0.017901012655179387,0.017901012655179387
61.45833333333333,0.017761130881670136,0.017761130881670136
61.5,0.017598057109220955,0.017598057109220955
61.541666666666664,0.017417335605702886,0.017417335605702886
61.58333333333333,0.017223358479799496,0.017223358479799496
61.625,0.017019599953088466,0.017019599953088466
61.666666666666664,0.016808807022053944,0.016808807022053944
61.70833333333333,0.016593149438947834,0.016593149438947834
61.75,0.016374338806213737,0.016374338806213737
61.791666666666664,0.016153723382891498,0.016153723382891498
61.83333333333333,0.015932363070904062,0.015932363070904062
61.875,0.01571108910213655,0.01571108910213655
61.916666666666664,0.015490551323131905,0.015490551323131905
61.95833333333333,0.015271255763015641,0.015271255763015641
62.0,0.015053594441278038,0.015053594441278038
62.041666666666664,0.016066013455178815,0.016066013455178815
62.08333333333333,0.016809265815218303,0.016809265815218303
62.125,0.017339785271626287,0.017339785271626287
62.166666666666664,0.017702309326234365,0.017702309326234365
62.20833333333333,0.017932356839769313,0.017932356839769313
62.25,0.018058075588367084,0.018058075588367084
62.291666666666664,0.01810183597853049,0.01810183597853049
62.33333333333333,0.01808135308114641,0.01808135308114641
62.375,0.018010696644863457,0.018010696644863457
62.416666666666664,0.017901012656785443,0.017901012656785443
62.45833333333333,0.017761130883252544,0.017761130883252544
62.5,0.017598057110779563,0.017598057110779563
62.541666666666664,0.017417335607238394,0.017417335607238394
62.58333333333333,0.017223358481312238,0.017223358481312238
62.625,0.017019599954578794,0.017019599954578794
62.666666666666664,0.016808807023522266,0.016808807023522266
62.70833333333333,0.016593149440394476,0.016593149440394476
62.75,0.01637433880763906,0.01637433880763906
62.791666666666664,0.016153723384295826,0.016153723384295826
62.83333333333333,0.015932363072287722,0.015932363072287722
62.875,0.015711089103499862,0.015711089103499862
62.916666666666664,0.015490551324475152,0.015490551324475152
62.95833333333333,0.015271255764339147,0.015271255764339147
63.0,0.015053594442582103,0.015053594442582103
63.041666666666664,0.01606601345646616,0.01606601345646616
63.08333333333333,0.016809265816485376,0.016809265816485376
63.125,0.01733978527287507,0.01733978527287507
63.166666666666664,0.017702309327464163,0.017702309327464163
63.20833333333333,0.017932356840981874,0.017932356840981874
63.25,0.018058075589561608,0.018058075589561608
63.291666666666664,0.018101835979707253,0.018101835979707253
63.33333333333333,0.018081353082308287,0.018081353082308287
63.375,0.018010696646008417,0.018010696646008417
63.416666666666664,0.017901012657912642,0.017901012657912642
63.45833333333333,0.017761130884363138,0.017761130884363138
63.5,0.017598057111873348,0.017598057111873348
63.541666666666664,0.01741733560831593,0.01741733560831593
63.58333333333333,0.01722335848237378,0.01722335848237378
63.625,0.017019599955624604,0.017019599955624604
63.666666666666664,0.016808807024552636,0.016808807024552636
63.70833333333333,0.01659314944140964,0.01659314944140964
63.75,0.016374338808639276,0.016374338808639276
63.791666666666664,0.016153723385281336,0.016153723385281336
63.83333333333333,0.015932363073258758,0.015932363073258758
63.875,0.01571108910445665,0.01571108910445665
63.916666666666664,0.0154905513254179,0.0154905513254179
63.95833333333333,0.01527125576526807,0.01527125576526807
64.0,0.015053594443497409,0.015053594443497409
64.04166666666666,0.016066013457369892,0.016066013457369892
64.08333333333333,0.016809265817374956,0.016809265817374956
64.125,0.017339785273751823,0.017339785273751823
64.16666666666666,0.017702309328327344,0.017702309328327344
64.20833333333333,0.017932356841832794,0.017932356841832794
64.25,0.018058075590399954,0.018058075590399954
64.29166666666666,0.018101835980533106,0.018101835980533106
64.33333333333333,0.01808135308312351,0.01808135308312351
64.375,0.018010696646811566,0.018010696646811566
64.41666666666666,0.017901012658703502,0.017901012658703502
64.45833333333333,0.01776113088514233,0.01776113088514233
64.5,0.017598057112640838,0.017598057112640838
64.54166666666666,0.017417335609072097,0.017417335609072097
64.58333333333333,0.01722335848311873,0.01722335848311873
64.625,0.017019599956358548,0.017019599956358548
64.66666666666666,0.01680880702527581,0.01680880702527581
64.70833333333333,0.016593149442122136,0.016593149442122136
64.75,0.016374338809341304,0.016374338809341304
64.79166666666666,0.016153723385973096,0.016153723385973096
64.83333333333333,0.01593236307394033,0.01593236307394033
64.875,0.015711089105128234,0.015711089105128234
64.91666666666666,0.015490551326079696,0.015490551326079696
64.95833333333333,0.015271255765920142,0.015271255765920142
65.0,0.015053594444139938,0.015053594444139938
65.04166666666666,0.01606601345800306,0.01606601345800306
65.08333333333333,0.016809265817998215,0.016809265817998215
65.125,0.017339785274366706,0.017339785274366706
65.16666666666666,0.01770230932893296,0.01770230932893296
65.20833333333333,0.017932356842430906,0.017932356842430906
65.25,0.018058075590989087,0.018058075590989087
65.29166666666666,0.01810183598111348,0.01810183598111348
65.33333333333333,0.018081353083698324,0.018081353083698324
65.375,0.018010696647378303,0.018010696647378303
65.41666666666666,0.017901012659260685,0.017901012659260685
65.45833333333333,0.01776113088569123,0.01776113088569123
65.5,0.017598057113180944,0.017598057113180944
65.54166666666666,0.017417335609603957,0.017417335609603957
65.58333333333333,0.017223358483642474,0.017223358483642474
65.625,0.017019599956874312,0.017019599956874312
65.66666666666666,0.016808807025783808,0.016808807025783808
65.70833333333333,0.01659314944262248,0.01659314944262248
65.75,0.01637433880983415,0.01637433880983415
65.79166666666666,0.01615372338645856,0.01615372338645856
65.83333333333333,0.015932363074418556,0.015932363074418556
65.875,0.015711089105599336,0.015711089105599336
65.91666666666666,0.015490551326543752,0.015490551326543752
65.95833333333333,0.015271255766377306,0.015271255766377306
66.0,0.015053594444590316,0.015053594444590316
66.04166666666666,0.016066013458448138,0.016066013458448138
66.08333333333333,0.016809265818436447,0.016809265818436447
66.125,0.017339785274798434,0.017339785274798434
66.16666666666666,0.01770230932935763,0.01770230932935763
66.20833333333333,0.017932356842849773,0.017932356842849773
66.25,0.018058075591401792,0.018058075591401792
66.29166666666666,0.01810183598151995,0.01810183598151995
66.33333333333333,0.01808135308410012,0.01808135308410012
66.375,0.018010696647774053,0.018010696647774053
66.41666666666666,0.017901012659650117,0.017901012659650117
66.45833333333333,0.01776113088607485,0.01776113088607485
66.5,0.017598057113558607,0.017598057113558607
66.54166666666666,0.017417335609975923,0.017417335609975923
66.58333333333333,0.017223358484008817,0.017223358484008817
66.625,0.017019599957235138,0.017019599957235138
66.66666666666666,0.01680880702613923,0.01680880702613923
66.70833333333333,0.01659314944297259,0.01659314944297259
66.75,0.01637433881017904,0.01637433881017904
66.79166666666666,0.016153723386798328,0.016153723386798328
66.83333333333333,0.015932363074753278,0.015932363074753278
66.875,0.015711089105929093,0.015711089105929093
66.91666666666666,0.015490551326868607,0.015490551326868607
66.95833333333333,0.015271255766697354,0.015271255766697354
67.0,0.01505359444490563,0.01505359444490563
67.04166666666666,0.01606601345876002,0.01606601345876002
67.08333333333333,0.016809265818742515,0.016809265818742515
67.125,0.017339785275100484,0.017339785275100484
67.16666666666666,0.017702309329654903,0.017702309329654903
67.20833333333333,0.017932356843143458,0.017932356843143458
67.25,0.018058075591691067,0.018058075591691067
67.29166666666666,0.018101835981804867,0.018101835981804867
67.33333333333333,0.01808135308438279,0.01808135308438279
67.375,0.01801069664805271,0.01801069664805271
67.41666666666666,0.01790101265992398,0.01790101265992398
67.45833333333333,0.017761130886344706,0.017761130886344706
67.5,0.01759805711382419,0.01759805711382419
67.54166666666666,0.017417335610237526,0.017417335610237526
67.58333333333333,0.01722335848426651,0.01722335848426651
67.625,0.01701959995748899,0.01701959995748899
67.66666666666666,0.01680880702638935,0.01680880702638935
67.70833333333333,0.016593149443219036,0.016593149443219036
67.75,0.0163743388104219,0.0163743388104219
67.79166666666666,0.016153723387037657,0.016153723387037657
67.83333333333333,0.015932363074989138,0.015932363074989138
67.875,0.01571108910616154,0.01571108910616154
67.91666666666666,0.015490551327097722,0.015490551327097722
67.95833333333333,0.015271255766923163,0.015271255766923163
68.0,0.015053594445128186,0.015053594445128186
68.04166666666666,0.01606601345897976,0.01606601345897976
68.08333333333333,0.016809265818958707,0.016809265818958707
68.125,0.017339785275314063,0.017339785275314063
68.16666666666666,0.01770230932986494,0.01770230932986494
68.20833333333333,0.017932356843351087,0.017932356843351087
68.25,0.01805807559189549,0.01805807559189549
68.29166666666666,0.018101835982006157,0.018101835982006157
68.33333333333333,0.01808135308458303,0.01808135308458303
68.375,0.018010696648250092,0.018010696648250092
68.41666666666666,0.01790101266011765,0.01790101266011765
68.45833333333333,0.01776113088653539,0.01776113088653539
68.5,0.017598057114011523,0.017598057114011523
68.54166666666666,0.01741733561042183,0.01741733561042183
68.58333333333333,0.017223358484447834,0.017223358484447834
68.625,0.01701959995766739,0.01701959995766739
68.66666666666666,0.016808807026564926,0.016808807026564926
68.70833333333333,0.01659314944339183,0.01659314944339183
68.75,0.01637433881059198,0.01637433881059198
68.79166666666666,0.01615372338720507,0.01615372338720507
68.83333333333333,0.01593236307515394,0.01593236307515394
68.875,0.015711089106323788,0.015711089106323788
68.91666666666666,0.015490551327257414,0.015490551327257414
68.95833333333333,0.015271255767080388,0.015271255767080388
69.0,0.015053594445282991,0.015053594445282991
69.04166666666666,0.016066013459135057,0.016066013459135057
69.08333333333333,0.01680926581911103,0.01680926581911103
69.125,0.01733978527546412,0.01733978527546412
69.16666666666666,0.017702309330012052,0.017702309330012052
69.20833333333333,0.017932356843496658,0.017932356843496658
69.25,0.018058075592038328,0.018058075592038328
69.29166666666666,0.01810183598214652,0.01810183598214652
69.33333333333333,0.018081353084723698,0.018081353084723698
69.375,0.018010696648388908,0.018010696648388908
69.41666666666666,0.017901012660253287,0.017901012660253287
69.45833333333333,0.017761130886668926,0.017761130886668926
69.5,0.017598057114142505,0.017598057114142505
69.54166666666666,0.017417335610550647,0.017417335610550647
69.58333333333333,0.01722335848457455,0.01722335848457455
69.625,0.017019599957792047,0.017019599957792047
69.66666666666666,0.01680880702668765,0.01680880702668765
69.70833333333333,0.016593149443512648,0.016593149443512648
69.75,0.016374338810710973,0.016374338810710973
69.79166666666666,0.016153723387322287,0.016153723387322287
69.83333333333333,0.015932363075269424,0.015932363075269424
69.875,0.015711089106437575,0.015711089106437575
69.91666666666666,0.015490551327369548,0.015490551327369548
69.95833333333333,0.015271255767190892,0.015271255767190892
70.0,0.015053594445391895,0.015053594445391895
70.04166666666666,0.01606601345924278,0.01606601345924278
70.08333333333333,0.016809265819216605,0.016809265819216605
70.125,0.017339785275568384,0.017339785275568384
70.16666666666666,0.017702309330114373,0.017702309330114373
70.20833333333333,0.01793235684359794,0.01793235684359794
70.25,0.018058075592138262,0.018058075592138262
70.29166666666666,0.018101835982244935,0.018101835982244935
70.33333333333333,0.018081353084821655,0.018081353084821655
70.375,0.01801069664848533,0.01801069664848533
70.41666666666666,0.017901012660348024,0.017901012660348024
70.45833333333333,0.017761130886762275,0.017761130886762275
70.5,0.01759805711423436,0.01759805711423436
70.54166666666666,0.01741733561064113,0.01741733561064113
70.58333333333333,0.017223358484663664,0.017223358484663664
70.625,0.01701959995787984,0.01701959995787984
70.66666666666666,0.016808807026774158,0.016808807026774158
70.70833333333333,0.016593149443597893,0.016593149443597893
70.75,0.01637433881079498,0.01637433881079498
70.79166666666666,0.01615372338740508,0.01615372338740508
70.83333333333333,0.015932363075351022,0.015932363075351022
70.875,0.015711089106518,0.015711089106518
70.91666666666666,0.015490551327448839,0.015490551327448839
70.95833333333333,0.015271255767269051,0.015271255767269051
71.0,0.015053594445468936,0.015053594445468936
71.04166666666666,0.0160660134593196,0.0160660134593196
71.08333333333333,0.01680926581929106,0.01680926581929106
71.125,0.017339785275642106,0.017339785275642106
71.16666666666666,0.01770230933018673,0.01770230933018673
71.20833333333333,0.017932356843670044,0.017932356843670044
71.25,0.01805807559220932,0.01805807559220932
71.29166666666666,0.018101835982314914,0.018101835982314914
71.33333333333333,0.01808135308489233,0.01808135308489233
71.375,0.018010696648555105,0.018010696648555105
71.41666666666666,0.01790101266041614,0.01790101266041614
71.45833333333333,0.017761130886829367,0.017761130886829367
71.5,0.017598057114300104,0.017598057114300104
71.54166666666666,0.017417335610705763,0.017417335610705763
71.58333333333333,0.017223358484727207,0.017223358484727207
71.625,0.01701959995794232,0.01701959995794232
71.66666666666666,0.01680880702683563,0.01680880702683563
71.70833333333333,0.016593149443658372,0.016593149443658372
71.75,0.01637433881085451,0.01637433881085451
71.79166666666666,0.01615372338746368,0.01615372338746368
71.83333333333333,0.015932363075408722,0.015932363075408722
71.875,0.01571108910657482,0.01571108910657482
71.91666666666666,0.01549055132750478,0.01549055132750478
71.95833333333333,0.015271255767324143,0.015271255767324143
72.0,0.015053594445523196,0.015053594445523196
72.04166666666666,0.01606601345937342,0.01606601345937342
72.08333333333333,0.01680926581934418,0.01680926581934418
72.125,0.017339785275694918,0.017339785275694918
72.16666666666666,0.017702309330238416,0.017702309330238416
72.20833333333333,0.017932356843721717,0.017932356843721717
72.25,0.01805807559225986,0.01805807559225986
72.29166666666666,0.018101835982364554,0.018101835982364554
72.33333333333333,0.018081353084943554,0.018081353084943554
72.375,0.018010696648605915,0.018010696648605915
72.41666666666666,0.017901012660465256,0.017901012660465256
72.45833333333333,0.017761130886877738,0.017761130886877738
72.5,0.017598057114347292,0.017598057114347292
72.54166666666666,0.017417335610752083,0.017417335610752083
72.58333333333333,0.017223358484772695,0.017223358484772695
72.625,0.017019599957986988,0.017019599957986988
72.66666666666666,0.016808807026879577,0.016808807026879577
72.70833333333333,0.016593149443701605,0.016593149443701605
72.75,0.01637433881089707,0.01637433881089707
72.79166666666666,0.01615372338750559,0.01615372338750559
72.83333333333333,0.015932363075450002,0.015932363075450002
72.875,0.015711089106615492,0.015711089106615492
72.91666666666666,0.015490551327544871,0.015490551327544871
72.95833333333333,0.015271255767363658,0.015271255767363658
73.0,0.015053594445562148,0.015053594445562148
73.04166666666666,0.016066013459413307,0.016066013459413307
73.08333333333333,0.01680926581938285,0.01680926581938285
73.125,0.017339785275733058,0.017339785275733058
73.16666666666666,0.0177023093302755,0.0177023093302755
73.20833333333333,0.017932356843758393,0.017932356843758393
73.25,0.018058075592295938,0.018058075592295938
73.29166666666666,0.018101835982399863,0.018101835982399863
73.33333333333333,0.018081353084978918,0.018081353084978918
73.375,0.01801069664864047,0.01801069664864047
73.41666666666666,0.01790101266049896,0.01790101266049896
73.45833333333333,0.017761130886910795,0.017761130886910795
73.5,0.01759805711437961,0.01759805711437961
73.54166666666666,0.01741733561078378,0.01741733561078378
73.58333333333333,0.017223358484803775,0.017223358484803775
73.625,0.01701959995801749,0.01701959995801749
73.66666666666666,0.01680880702690952,0.01680880702690952
73.70833333333333,0.016593149443731012,0.016593149443731012
73.75,0.016374338810925957,0.016374338810925957
73.79166666666666,0.016153723387533972,0.016153723387533972
73.83333333333333,0.015932363075477903,0.015932363075477903
73.875,0.01571108910664292,0.01571108910664292
73.91666666666666,0.015490551327571819,0.015490551327571819
73.95833333333333,0.015271255767390154,0.015271255767390154
74.0,0.015053594445588207,0.015053594445588207
74.04166666666666,0.01606601345943867,0.01606601345943867
74.08333333333333,0.01680926581940697,0.01680926581940697
74.125,0.017339785275757125,0.017339785275757125
74.16666666666666,0.01770230933029911,0.01770230933029911
74.20833333333333,0.01793235684378262,0.01793235684378262
74.25,0.01805807559232003,0.01805807559232003
74.29166666666666,0.018101835982423757,0.018101835982423757
74.33333333333333,0.01808135308500418,0.01808135308500418
74.375,0.01801069664866565,0.01801069664866565
74.41666666666666,0.017901012660523335,0.017901012660523335
74.45833333333333,0.017761130886934904,0.017761130886934904
74.5,0.017598057114403164,0.017598057114403164
74.54166666666666,0.017417335610806953,0.017417335610806953
74.58333333333333,0.017223358484826562,0.017223358484826562
74.625,0.0170195999580399,0.0170195999580399
74.66666666666666,0.01680880702693159,0.01680880702693159
74.70833333333333,0.016593149443752748,0.016593149443752748
74.75,0.016374338810947377,0.016374338810947377
74.79166666666666,0.016153723387555087,0.016153723387555087
74.83333333333333,0.015932363075498723,0.015932363075498723
74.875,0.01571108910666345,0.01571108910666345
74.91666666666666,0.015490551327592077,0.015490551327592077
74.95833333333333,0.015271255767410136,0.015271255767410136
75.0,0.015053594445607915,0.015053594445607915
75.04166666666666,0.016066013459458912,0.016066013459458912
75.08333333333333,0.0168092658194263,0.0168092658194263
75.125,0.017339785275776377,0.017339785275776377
75.16666666666666,0.01770230933031768,0.01770230933031768
75.20833333333333,0.017932356843801407,0.017932356843801407
75.25,0.018058075592338487,0.018058075592338487
75.29166666666666,0.018101835982441923,0.018101835982441923
75.33333333333333,0.0180813530850235,0.0180813530850235
75.375,0.018010696648684803,0.018010696648684803
75.41666666666666,0.017901012660541712,0.017901012660541712
75.45833333333333,0.017761130886952976,0.017761130886952976
75.5,0.017598057114420643,0.017598057114420643
75.54166666666666,0.01741733561082404,0.01741733561082404
75.58333333333333,0.01722335848484326,0.01722335848484326
75.625,0.017019599958056214,0.017019599958056214
75.66666666666666,0.016808807026947564,0.016808807026947564
75.70833333333333,0.016593149443768378,0.016593149443768378
75.75,0.01637433881096269,0.01637433881096269
75.79166666666666,0.016153723387570085,0.016153723387570085
75.83333333333333,0.015932363075513423,0.015932363075513423
75.875,0.015711089106677862,0.015711089106677862
75.91666666666666,0.015490551327606187,0.015490551327606187
75.95833333333333,0.015271255767423981,0.015271255767423981
76.0,0.015053594445621502,0.015053594445621502
76.04166666666666,0.016066013459475066,0.016066013459475066
76.08333333333333,0.016809265819441935,0.016809265819441935
76.125,0.017339785275791855,0.017339785275791855
76.16666666666666,0.017702309330332268,0.017702309330332268
76.20833333333333,0.0179323568438161,0.0179323568438161
76.25,0.018058075592352202,0.018058075592352202
76.29166666666666,0.018101835982454885,0.018101835982454885
76.33333333333333,0.018081353085037995,0.018081353085037995
76.375,0.018010696648699087,0.018010696648699087
76.41666666666666,0.01790101266055463,0.01790101266055463
76.45833333333333,0.017761130886965446,0.017761130886965446
76.5,0.01759805711443227,0.01759805711443227
76.54166666666666,0.01741733561083516,0.01741733561083516
76.58333333333333,0.01722335848485391,0.01722335848485391
76.625,0.01701959995806644,0.01701959995806644
76.66666666666666,0.01680880702695745,0.01680880702695745
76.70833333333333,0.016593149443777946,0.016593149443777946
76.75,0.01637433881097199,0.01637433881097199
76.79166666666666,0.01615372338757914,0.01615372338757914
76.83333333333333,0.015932363075522253,0.015932363075522253
76.875,0.01571108910668649,0.01571108910668649
76.91666666666666,0.015490551327614614,0.015490551327614614
76.95833333333333,0.01527125576743223,0.01527125576743223
77.0,0.015053594445629584,0.015053594445629584
77.04166666666666,0.01606601345948146,0.01606601345948146
77.08333333333333,0.01680926581944817,0.01680926581944817
77.125,0.017339785275798533,0.017339785275798533
77.16666666666666,0.017702309330338888,0.017702309330338888
77.20833333333333,0.017932356843823036,0.017932356843823036
77.25,0.01805807559235939,0.01805807559235939
77.29166666666666,0.018101835982462164,0.018101835982462164
77.33333333333333,0.018081353085045906,0.018081353085045906
77.375,0.018010696648706925,0.018010696648706925
77.41666666666666,0.017901012660562394,0.017901012660562394
77.45833333333333,0.017761130886973227,0.017761130886973227
77.5,0.017598057114440006,0.017598057114440006
77.54166666666666,0.017417335610842865,0.017417335610842865
77.58333333333333,0.017223358484861576,0.017223358484861576
77.625,0.01701959995807406,0.01701959995807406
77.66666666666666,0.016808807026965026,0.016808807026965026
77.70833333333333,0.016593149443785475,0.016593149443785475
77.75,0.016374338810979463,0.016374338810979463
77.79166666666666,0.016153723387586562,0.016153723387586562
77.83333333333333,0.015932363075529622,0.015932363075529622
77.875,0.0157110891066938,0.0157110891066938
77.91666666666666,0.015490551327621888,0.015490551327621888
77.95833333333333,0.015271255767439446,0.015271255767439446
78.0,0.015053594445636741,0.015053594445636741
78.04166666666666,0.01606601345949059,0.01606601345949059
78.08333333333333,0.01680926581945643,0.01680926581945643
78.125,0.017339785275806662,0.017339785275806662
78.16666666666666,0.017702309330346354,0.017702309330346354
78.20833333333333,0.017932356843831092,0.017932356843831092
78.25,0.018058075592366926,0.018058075592366926
78.29166666666666,0.018101835982469314,0.018101835982469314
78.33333333333333,0.018081353085054798,0.018081353085054798
78.375,0.018010696648715855,0.018010696648715855
78.41666666666666,0.017901012660570217,0.017901012660570217
78.45833333333333,0.017761130886980774,0.017761130886980774
78.5,0.017598057114446865,0.017598057114446865
78.54166666666666,0.017417335610849346,0.017417335610849346
78.58333333333333,0.017223358484867706,0.017223358484867706
78.625,0.01701959995807986,0.01701959995807986
78.66666666666666,0.01680880702697057,0.01680880702697057
78.70833333333333,0.01659314944379077,0.01659314944379077
78.75,0.016374338810984556,0.016374338810984556
78.79166666666666,0.016153723387591475,0.016153723387591475
78.83333333333333,0.015932363075534365,0.015932363075534365
78.875,0.015711089106698398,0.015711089106698398
78.91666666666666,0.015490551327626324,0.015490551327626324
78.95833333333333,0.015271255767443752,0.015271255767443752
79.0,0.015053594445640929,0.015053594445640929
79.04166666666666,0.016066013459494276,0.016066013459494276
79.08333333333333,0.016809265819459695,0.016809265819459695
79.125,0.017339785275810312,0.017339785275810312
79.16666666666666,0.017702309330349813,0.017702309330349813
79.20833333333333,0.017932356843835137,0.017932356843835137
79.25,0.018058075592370982,0.018058075592370982
79.29166666666666,0.018101835982473363,0.018101835982473363
79.33333333333333,0.018081353085060082,0.018081353085060082
79.375,0.0180106966487212,0.0180106966487212
79.41666666666666,0.01790101266057505,0.01790101266057505
79.45833333333333,0.01776113088698551,0.01776113088698551
79.5,0.017598057114451233,0.017598057114451233
79.54166666666666,0.017417335610853523,0.017417335610853523
79.58333333333333,0.017223358484871682,0.017223358484871682
79.625,0.01701959995808364,0.01701959995808364
79.66666666666666,0.016808807026974192,0.016808807026974192
79.70833333333333,0.016593149443794232,0.016593149443794232
79.75,0.016374338810987873,0.016374338810987873
79.79166666666666,0.016153723387594653,0.016153723387594653
79.83333333333333,0.01593236307553742,0.01593236307553742
79.875,0.015711089106701336,0.015711089106701336
79.91666666666666,0.015490551327629123,0.015490551327629123
79.95833333333333,0.015271255767446446,0.015271255767446446
80.0,0.01505359444564352,0.01505359444564352
80.04166666666666,0.01606601345949856,0.01606601345949856
80.08333333333333,0.016809265819463154,0.016809265819463154
80.125,0.017339785275813754,0.017339785275813754
80.16666666666666,0.017702309330352876,0.017702309330352876
80.20833333333333,0.01793235684383793,0.01793235684383793
80.25,0.018058075592373622,0.018058075592373622
80.29166666666666,0.018101835982475764,0.018101835982475764
80.33333333333333,0.018081353085062715,0.018081353085062715
80.375,0.01801069664872357,0.01801069664872357
80.41666666666666,0.017901012660577288,0.017901012660577288
80.45833333333333,0.017761130886987695,0.017761130886987695
80.5,0.01759805711445338,0.01759805711445338
80.54166666666666,0.017417335610855653,0.017417335610855653
80.58333333333333,0.0172233584848738,0.0172233584848738
80.625,0.01701959995808576,0.01701959995808576
80.66666666666666,0.016808807026976322,0.016808807026976322
80.70833333333333,0.01659314944379638,0.01659314944379638
80.75,0.01637433881099004,0.01637433881099004
80.79166666666666,0.016153723387596845,0.016153723387596845
80.83333333333333,0.015932363075539635,0.015932363075539635
80.875,0.01571108910670357,0.01571108910670357
80.91666666666666,0.015490551327631408,0.015490551327631408
80.95833333333333,0.015271255767448757,0.015271255767448757
81.0,0.015053594445645855,0.015053594445645855
81.04166666666666,0.016066013459500966,0.016066013459500966
81.08333333333333,0.01680926581946543,0.01680926581946543
81.125,0.01733978527581609,0.01733978527581609
81.16666666666666,0.017702309330354857,0.017702309330354857
81.20833333333333,0.017932356843840452,0.017932356843840452
81.25,0.018058075592376134,0.018058075592376134
81.29166666666666,0.018101835982478214,0.018101835982478214
81.33333333333333,0.01808135308506624,0.01808135308506624
81.375,0.01801069664872711,0.01801069664872711
81.41666666666666,0.017901012660580334,0.017901012660580334
81.45833333333333,0.01776113088699063,0.01776113088699063
81.5,0.017598057114455962,0.017598057114455962
81.54166666666666,0.01741733561085804,0.01741733561085804
81.58333333333333,0.017223358484875988,0.017223358484875988
81.625,0.017019599958087765,0.017019599958087765
81.66666666666666,0.01680880702697817,0.01680880702697817
81.70833333333333,0.016593149443798076,0.016593149443798076
81.75,0.016374338810991606,0.016374338810991606
81.79166666666666,0.01615372338759828,0.01615372338759828
81.83333333333333,0.015932363075540953,0.015932363075540953
81.875,0.015711089106704792,0.015711089106704792
81.91666666666666,0.015490551327632492,0.015490551327632492
81.95833333333333,0.015271255767449744,0.015271255767449744
82.0,0.015053594445646754,0.015053594445646754
82.04166666666666,0.01606601345950237,0.01606601345950237
82.08333333333333,0.01680926581946604,0.01680926581946604
82.125,0.017339785275816973,0.017339785275816973
82.16666666666666,0.017702309330355572,0.017702309330355572
82.20833333333333,0.017932356843842017,0.017932356843842017
82.25,0.018058075592377522,0.018058075592377522
82.29166666666666,0.01810183598247957,0.01810183598247957
82.33333333333333,0.018081353085069432,0.018081353085069432
82.375,0.018010696648730628,0.018010696648730628
82.41666666666666,0.01790101266058312,0.01790101266058312
82.45833333333333,0.01776113088699344,0.01776113088699344
82.5,0.017598057114458457,0.017598057114458457
82.54166666666666,0.017417335610860448,0.017417335610860448
82.58333333333333,0.017223358484878326,0.017223358484878326
82.625,0.017019599958090038,0.017019599958090038
82.66666666666666,0.016808807026980434,0.016808807026980434
82.70833333333333,0.016593149443800328,0.016593149443800328
82.75,0.016374338810993875,0.016374338810993875
82.79166666666666,0.01615372338760058,0.01615372338760058
82.83333333333333,0.01593236307554329,0.01593236307554329
82.875,0.015711089106707155,0.015711089106707155
82.91666666666666,0.015490551327634933,0.015490551327634933
82.95833333333333,0.015271255767452228,0.015271255767452228
83.0,0.01505359444564928,0.01505359444564928
83.04166666666666,0.01606601345950609,0.01606601345950609
83.08333333333333,0.016809265819469527,0.016809265819469527
83.125,0.01733978527582028,0.01733978527582028
83.16666666666666,0.017702309330358313,0.017702309330358313
83.20833333333333,0.017932356843844994,0.017932356843844994
83.25,0.01805807559238029,0.01805807559238029
83.29166666666666,0.018101835982482137,0.018101835982482137
83.33333333333333,0.018081353085072926,0.018081353085072926
83.375,0.018010696648734035,0.018010696648734035
83.41666666666666,0.01790101266058594,0.01790101266058594
83.45833333333333,0.017761130886996046,0.017761130886996046
83.5,0.017598057114460608,0.017598057114460608
83.54166666666666,0.017417335610862315,0.017417335610862315
83.58333333333333,0.017223358484879915,0.017223358484879915
83.625,0.01701959995809137,0.01701959995809137
83.66666666666666,0.016808807026981544,0.016808807026981544
83.70833333333333,0.01659314944380122,0.01659314944380122
83.75,0.016374338810994576,0.016374338810994576
83.79166666666666,0.016153723387601092,0.016153723387601092
83.83333333333333,0.015932363075543635,0.015932363075543635
83.875,0.015711089106707345,0.015711089106707345
83.91666666666666,0.01549055132763492,0.01549055132763492
83.95833333333333,0.015271255767452073,0.015271255767452073
84.0,0.015053594445648995,0.015053594445648995
84.04166666666666,0.0160660134595065,0.0160660134595065
84.08333333333333,0.01680926581946937,0.01680926581946937
84.125,0.017339785275820523,0.017339785275820523
84.16666666666666,0.01770230933035851,0.01770230933035851
84.20833333333333,0.017932356843845004,0.017932356843845004
84.25,0.018058075592380228,0.018058075592380228
84.29166666666666,0.01810183598248188,0.01810183598248188
84.33333333333333,0.018081353085072735,0.018081353085072735
84.375,0.01801069664873361,0.01801069664873361
84.41666666666666,0.01790101266058552,0.01790101266058552
84.45833333333333,0.017761130886995668,0.017761130886995668
84.5,0.01759805711446034,0.01759805711446034
84.54166666666666,0.01741733561086215,0.01741733561086215
84.58333333333333,0.01722335848487986,0.01722335848487986
84.625,0.01701959995809143,0.01701959995809143
84.66666666666666,0.016808807026981724,0.016808807026981724
84.70833333333333,0.016593149443801528,0.016593149443801528
84.75,0.016374338810995002,0.016374338810995002
84.79166666666666,0.016153723387601644,0.016153723387601644
84.83333333333333,0.0159323630755443,0.0159323630755443
84.875,0.015711089106708133,0.015711089106708133
84.91666666666666,0.015490551327635882,0.015490551327635882
84.95833333333333,0.01527125576745315,0.01527125576745315
85.0,0.015053594445650182,0.015053594445650182
85.04166666666666,0.016066013459507502,0.016066013459507502
85.08333333333333,0.016809265819470426,0.016809265819470426
85.125,0.01733978527582195,0.01733978527582195
85.16666666666666,0.017702309330359694,0.017702309330359694
85.20833333333333,0.01793235684384695,0.01793235684384695
85.25,0.018058075592381963,0.018058075592381963
85.29166666666666,0.018101835982483536,0.018101835982483536
85.33333333333333,0.018081353085076076,0.018081353085076076
85.375,0.018010696648737196,0.018010696648737196
85.41666666666666,0.01790101266058832,0.01790101266058832
85.45833333333333,0.017761130886998384,0.017761130886998384
85.5,0.017598057114462617,0.017598057114462617
85.54166666666666,0.017417335610864233,0.017417335610864233
85.58333333333333,0.017223358484881757,0.017223358484881757
85.625,0.017019599958093153,0.017019599958093153
85.66666666666666,0.016808807026983334,0.016808807026983334
85.70833333333333,0.016593149443803027,0.016593149443803027
85.75,0.016374338810996415,0.016374338810996415
85.79166666666666,0.01615372338760298,0.01615372338760298
85.83333333333333,0.01593236307554558,0.01593236307554558
85.875,0.01571108910670936,0.01571108910670936
85.91666666666666,0.015490551327637056,0.015490551327637056
85.95833333333333,0.015271255767454283,0.015271255767454283
86.0,0.01505359444565128,0.01505359444565128
86.04166666666666,0.016066013459508595,0.016066013459508595
86.08333333333333,0.01680926581947129,0.01680926581947129
86.125,0.017339785275822903,0.017339785275822903
86.16666666666666,0.01770230933036044,0.01770230933036044
86.20833333333333,0.017932356843848155,0.017932356843848155
86.25,0.01805807559238318,0.01805807559238318
86.29166666666666,0.018101835982484757,0.018101835982484757
86.33333333333333,0.018081353085078296,0.018081353085078296
86.375,0.01801069664873945,0.01801069664873945
86.41666666666666,0.017901012660590132,0.017901012660590132
86.45833333333333,0.017761130887000053,0.017761130887000053
86.5,0.017598057114463883,0.017598057114463883
86.54166666666666,0.017417335610865253,0.017417335610865253
86.58333333333333,0.01722335848488253,0.01722335848488253
86.625,0.017019599958093684,0.017019599958093684
86.66666666666666,0.016808807026983646,0.016808807026983646
86.70833333333333,0.016593149443803124,0.016593149443803124
86.75,0.016374338810996317,0.016374338810996317
86.79166666666666,0.01615372338760269,0.01615372338760269
86.83333333333333,0.01593236307554511,0.01593236307554511
86.875,0.01571108910670872,0.01571108910670872
86.91666666666666,0.015490551327636182,0.015490551327636182
86.95833333333333,0.015271255767453258,0.015271255767453258
87.0,0.015053594445650109,0.015053594445650109
87.04166666666666,0.016066013459508813,0.016066013459508813
87.08333333333333,0.016809265819471043,0.016809265819471043
87.125,0.01733978527582255,0.01733978527582255
87.16666666666666,0.017702309330359812,0.017702309330359812
87.20833333333333,0.017932356843847263,0.017932356843847263
87.25,0.018058075592382237,0.018058075592382237
87.29166666666666,0.018101835982483654,0.018101835982483654
87.33333333333333,0.018081353085077186,0.018081353085077186
87.375,0.018010696648738115,0.018010696648738115
87.41666666666666,0.017901012660588838,0.017901012660588838
87.45833333333333,0.017761130886998787,0.017761130886998787
87.5,0.017598057114462724,0.017598057114462724
87.54166666666666,0.01741733561086418,0.01741733561086418
87.58333333333333,0.017223358484881542,0.017223358484881542
87.625,0.017019599958092796,0.017019599958092796
87.66666666666666,0.01680880702698286,0.01680880702698286
87.70833333333333,0.016593149443802437,0.016593149443802437
87.75,0.016374338810995735,0.016374338810995735
87.79166666666666,0.016153723387602216,0.016153723387602216
87.83333333333333,0.015932363075544742,0.015932363075544742
87.875,0.015711089106708452,0.015711089106708452
87.91666666666666,0.015490551327636059,0.015490551327636059
87.95833333333333,0.01527125576745323,0.01527125576745323
88.0,0.015053594445650175,0.015053594445650175
88.04166666666666,0.016066013459509476,0.016066013459509476
88.08333333333333,0.016809265819470873,0.016809265819470873
88.125,0.017339785275822424,0.017339785275822424
88.16666666666666,0.01770230933035938,0.01770230933035938
88.20833333333333,0.017932356843847884,0.017932356843847884
88.25,0.018058075592382823,0.018058075592382823
88.29166666666666,0.018101835982484257,0.018101835982484257
88.33333333333333,0.01808135308507948,0.01808135308507948
88.375,0.018010696648740675,0.018010696648740675
88.41666666666666,0.017901012660590614,0.017901012660590614
88.45833333333333,0.017761130887000445,0.017761130887000445
88.5,0.01759805711446387,0.01759805711446387
88.54166666666666,0.017417335610865073,0.017417335610865073
88.58333333333333,0.017223358484882188,0.017223358484882188
88.625,0.0170195999580932,0.0170195999580932
88.66666666666666,0.01680880702698307,0.01680880702698307
88.70833333333333,0.01659314944380246,0.01659314944380246
88.75,0.016374338810995606,0.016374338810995606
88.79166666666666,0.016153723387601945,0.016153723387601945
88.83333333333333,0.01593236307554434,0.01593236307554434
88.875,0.01571108910670793,0.01571108910670793
88.91666666666666,0.015490551327635384,0.015490551327635384
88.95833333333333,0.015271255767452455,0.015271255767452455
89.0,0.015053594445649304,0.015053594445649304
89.04166666666666,0.016066013459508702,0.016066013459508702
89.08333333333333,0.016809265819470207,0.016809265819470207
89.125,0.017339785275822275,0.017339785275822275
89.16666666666666,0.017702309330359177,0.017702309330359177
89.20833333333333,0.017932356843847728,0.017932356843847728
89.25,0.01805807559238243,0.01805807559238243
89.29166666666666,0.01810183598248367,0.01810183598248367
89.33333333333333,0.018081353085079563,0.018081353085079563
89.375,0.018010696648740727,0.018010696648740727
89.41666666666666,0.017901012660590333,0.017901012660590333
89.45833333333333,0.017761130887000143,0.017761130887000143
89.5,0.017598057114463442,0.017598057114463442
89.54166666666666,0.01741733561086462,0.01741733561086462
89.58333333333333,0.017223358484881716,0.017223358484881716
89.625,0.017019599958092727,0.017019599958092727
89.66666666666666,0.01680880702698263,0.01680880702698263
89.70833333333333,0.016593149443802052,0.016593149443802052
89.75,0.01637433881099523,0.01637433881099523
89.79166666666666,0.016153723387601623,0.016153723387601623
89.83333333333333,0.015932363075544072,0.015932363075544072
89.875,0.015711089106707724,0.015711089106707724
89.91666666666666,0.01549055132763526,0.01549055132763526
89.95833333333333,0.015271255767452389,0.015271255767452389
90.0,0.015053594445649297,0.015053594445649297
90.04166666666666,0.01606601345950846,0.01606601345950846
90.08333333333333,0.016809265819469805,0.016809265819469805
90.125,0.017339785275821962,0.017339785275821962
90.16666666666666,0.017702309330358726,0.017702309330358726
90.20833333333333,0.017932356843847315,0.017932356843847315
90.25,0.01805807559238226,0.01805807559238226
90.29166666666666,0.01810183598248359,0.01810183598248359
90.33333333333333,0.018081353085079587,0.018081353085079587
90.375,0.018010696648740644,0.018010696648740644
90.41666666666666,0.017901012660590392,0.017901012660590392
90.45833333333333,0.017761130887000248,0.017761130887000248
90.5,0.017598057114463612,0.017598057114463612
90.54166666666666,0.017417335610864816,0.017417335610864816
90.58333333333333,0.017223358484881938,0.017223358484881938
90.625,0.017019599958092966,0.017019599958092966
90.66666666666666,0.01680880702698287,0.01680880702698287
90.70833333333333,0.01659314944380229,0.01659314944380229
90.75,0.01637433881099547,0.01637433881099547
90.79166666666666,0.016153723387601845,0.016153723387601845
90.83333333333333,0.015932363075544277,0.015932363075544277
90.875,0.015711089106707914,0.015711089106707914
90.91666666666666,0.01549055132763543,0.01549055132763543
90.95833333333333,0.015271255767452545,0.015271255767452545
91.0,0.015053594445649443,0.015053594445649443
91.04166666666666,0.016066013459509153,0.016066013459509153
91.08333333333333,0.016809265819470436,0.016809265819470436
91.125,0.017339785275822795,0.017339785275822795
91.16666666666666,0.01770230933035932,0.01770230933035932
91.20833333333333,0.017932356843848436,0.017932356843848436
91.25,0.01805807559238305,0.01805807559238305
91.29166666666666,0.018101835982484247,0.018101835982484247
91.33333333333333,0.018081353085081773,0.018081353085081773
91.375,0.018010696648743066,0.018010696648743066
91.41666666666666,0.017901012660592075,0.017901012660592075
91.45833333333333,0.017761130887001843,0.017761130887001843
91.5,0.017598057114464785,0.017598057114464785
91.54166666666666,0.017417335610865805,0.017417335610865805
91.58333333333333,0.01722335848488275,0.01722335848488275
91.625,0.01701959995809361,0.01701959995809361
91.66666666666666,0.016808807026983407,0.016808807026983407
91.70833333333333,0.016593149443802732,0.016593149443802732
91.75,0.016374338810995835,0.016374338810995835
91.79166666666666,0.01615372338760214,0.01615372338760214
91.83333333333333,0.015932363075544517,0.015932363075544517
91.875,0.015711089106708105,0.015711089106708105
91.91666666666666,0.015490551327635566,0.015490551327635566
91.95833333333333,0.015271255767452646,0.015271255767452646
92.0,0.015053594445649512,0.015053594445649512
92.04166666666666,0.016066013459511055,0.016066013459511055
92.08333333333333,0.016809265819471515,0.016809265819471515
92.125,0.01733978527582345,0.01733978527582345
92.16666666666666,0.017702309330359493,0.017702309330359493
92.20833333333333,0.017932356843848817,0.017932356843848817
92.25,0.018058075592383354,0.018058075592383354
92.29166666666666,0.01810183598248449,0.01810183598248449
92.33333333333333,0.01808135308508274,0.01808135308508274
92.375,0.01801069664874409,0.01801069664874409
92.41666666666666,0.017901012660592845,0.017901012660592845
92.45833333333333,0.017761130887002628,0.017761130887002628
92.5,0.01759805711446548,0.01759805711446548
92.54166666666666,0.017417335610866492,0.017417335610866492
92.58333333333333,0.01722335848488343,0.01722335848488343
92.625,0.017019599958094288,0.017019599958094288
92.66666666666666,0.0168088070269841,0.0168088070269841
92.70833333333333,0.01659314944380344,0.01659314944380344
92.75,0.01637433881099657,0.01637433881099657
92.79166666666666,0.016153723387602917,0.016153723387602917
92.83333333333333,0.015932363075545335,0.015932363075545335
92.875,0.015711089106708962,0.015711089106708962
92.91666666666666,0.015490551327636487,0.015490551327636487
92.95833333333333,0.015271255767453603,0.015271255767453603
93.0,0.015053594445650504,0.015053594445650504
93.04166666666666,0.01606601345951098,0.01606601345951098
93.08333333333333,0.016809265819471026,0.016809265819471026
93.125,0.017339785275823374,0.017339785275823374
93.16666666666666,0.01770230933035958,0.01770230933035958
93.20833333333333,0.017932356843849136,0.017932356843849136
93.25,0.018058075592384034,0.018058075592384034
93.29166666666666,0.01810183598248534,0.01810183598248534
93.33333333333333,0.018081353085083754,0.018081353085083754
93.375,0.018010696648745057,0.018010696648745057
93.41666666666666,0.017901012660593987,0.017901012660593987
93.45833333333333,0.01776113088700385,0.01776113088700385
93.5,0.01759805711446679,0.01759805711446679
93.54166666666666,0.01741733561086786,0.01741733561086786
93.58333333333333,0.01722335848488483,0.01722335848488483
93.625,0.01701959995809573,0.01701959995809573
93.66666666666666,0.016808807026985565,0.016808807026985565
93.70833333333333,0.01659314944380492,0.01659314944380492
93.75,0.016374338810998063,0.016374338810998063
93.79166666666666,0.016153723387604416,0.016153723387604416
93.83333333333333,0.015932363075546834,0.015932363075546834
93.875,0.01571108910671046,0.01571108910671046
93.91666666666666,0.015490551327637988,0.015490551327637988
93.95833333333333,0.015271255767455102,0.015271255767455102
94.0,0.015053594445651996,0.015053594445651996
94.04166666666666,0.016066013459514205,0.016066013459514205
94.08333333333333,0.01680926581947393,0.01680926581947393
94.125,0.017339785275825987,0.017339785275825987
94.16666666666666,0.017702309330361723,0.017702309330361723
94.20833333333333,0.017932356843851343,0.017932356843851343
94.25,0.01805807559238596,0.01805807559238596
94.29166666666666,0.018101835982486957,0.018101835982486957
94.33333333333333,0.018081353085085763,0.018081353085085763
94.375,0.018010696648746844,0.018010696648746844
94.41666666666666,0.017901012660595274,0.017901012660595274
94.45833333333333,0.0177611308870049,0.0177611308870049
94.5,0.01759805711446747,0.01759805711446747
94.54166666666666,0.017417335610868296,0.017417335610868296
94.58333333333333,0.01722335848488505,0.01722335848488505
94.625,0.017019599958095745,0.017019599958095745
94.66666666666666,0.016808807026985405,0.016808807026985405
94.70833333333333,0.016593149443804606,0.016593149443804606
94.75,0.0163743388109976,0.0163743388109976
94.79166666666666,0.01615372338760383,0.01615372338760383
94.83333333333333,0.015932363075546133,0.015932363075546133
94.875,0.01571108910670966,0.01571108910670966
94.91666666666666,0.015490551327637051,0.015490551327637051
94.95833333333333,0.015271255767454077,0.015271255767454077
95.0,0.01505359444565089,0.01505359444565089
95.04166666666666,0.01606601345951319,0.01606601345951319
95.08333333333333,0.016809265819472622,0.016809265819472622
95.125,0.017339785275825206,0.017339785275825206
95.16666666666666,0.017702309330360978,0.017702309330360978
95.20833333333333,0.017932356843850698,0.017932356843850698
95.25,0.018058075592385182,0.018058075592385182
95.29166666666666,0.0181018359824861,0.0181018359824861
95.33333333333333,0.018081353085085544,0.018081353085085544
95.375,0.018010696648746684,0.018010696648746684
95.41666666666666,0.017901012660594916,0.017901012660594916
95.45833333333333,0.017761130887004598,0.017761130887004598
95.5,0.01759805711446714,0.01759805711446714
95.54166666666666,0.01741733561086801,0.01741733561086801
95.58333333333333,0.017223358484884814,0.017223358484884814
95.625,0.017019599958095558,0.017019599958095558
95.66666666666666,0.01680880702698529,0.01680880702698529
95.70833333333333,0.01659314944380456,0.01659314944380456
95.75,0.016374338810997632,0.016374338810997632
95.79166666666666,0.016153723387603923,0.016153723387603923
95.83333333333333,0.01593236307554631,0.01593236307554631
95.875,0.015711089106709906,0.015711089106709906
95.91666666666666,0.01549055132763741,0.01549055132763741
95.95833333333333,0.015271255767454509,0.015271255767454509
96.0,0.015053594445651396,0.015053594445651396
96.04166666666666,0.016066013459513133,0.016066013459513133
96.08333333333333,0.0168092658194724,0.0168092658194724
96.125,0.017339785275825362,0.017339785275825362
96.16666666666666,0.01770230933036113,0.01770230933036113
96.20833333333333,0.017932356843851645,0.017932356843851645
96.25,0.018058075592386046,0.018058075592386046
96.29166666666666,0.018101835982486995,0.018101835982486995
96.33333333333333,0.01808135308508793,0.01808135308508793
96.375,0.018010696648749366,0.018010696648749366
96.41666666666666,0.017901012660596974,0.017901012660596974
96.45833333333333,0.017761130887006617,0.017761130887006617
96.5,0.017598057114468806,0.017598057114468806
96.54166666666666,0.017417335610869528,0.017417335610869528
96.58333333333333,0.017223358484886184,0.017223358484886184
96.625,0.01701959995809679,0.01701959995809679
96.66666666666666,0.01680880702698643,0.01680880702698643
96.70833333333333,0.0165931494438056,0.0165931494438056
96.75,0.016374338810998604,0.016374338810998604
96.79166666666666,0.016153723387604832,0.016153723387604832
96.83333333333333,0.015932363075547157,0.015932363075547157
96.875,0.015711089106710707,0.015711089106710707
96.91666666666666,0.015490551327638156,0.015490551327638156
96.95833333333333,0.015271255767455215,0.015271255767455215
97.0,0.015053594445652066,0.015053594445652066
97.04166666666666,0.016066013459513744,0.016066013459513744
97.08333333333333,0.016809265819473316,0.016809265819473316
97.125,0.017339785275826216,0.017339785275826216
97.16666666666666,0.017702309330361765,0.017702309330361765
97.20833333333333,0.017932356843852106,0.017932356843852106
97.25,0.018058075592386598,0.018058075592386598
97.29166666666666,0.018101835982487494,0.018101835982487494
97.33333333333333,0.018081353085088268,0.018081353085088268
97.375,0.018010696648749488,0.018010696648749488
97.41666666666666,0.0179010126605972,0.0179010126605972
97.45833333333333,0.01776113088700681,0.01776113088700681
97.5,0.017598057114469032,0.017598057114469032
97.54166666666666,0.01741733561086974,0.01741733561086974
97.58333333333333,0.01722335848488638,0.01722335848488638
97.625,0.017019599958096977,0.017019599958096977
97.66666666666666,0.0168088070269866,0.0168088070269866
97.70833333333333,0.01659314944380575,0.01659314944380575
97.75,0.01637433881099874,0.01637433881099874
97.79166666666666,0.016153723387604953,0.016153723387604953
97.83333333333333,0.01593236307554726,0.01593236307554726
97.875,0.015711089106710794,0.015711089106710794
97.91666666666666,0.015490551327638217,0.015490551327638217
97.95833333333333,0.015271255767455257,0.015271255767455257
98.0,0.01505359444565209,0.01505359444565209
98.04166666666666,0.016066013459514448,0.016066013459514448
98.08333333333333,0.016809265819473375,0.016809265819473375
98.125,0.017339785275826514,0.017339785275826514
98.16666666666666,0.01770230933036203,0.01770230933036203
98.20833333333333,0.01793235684385257,0.01793235684385257
98.25,0.018058075592386955,0.018058075592386955
98.29166666666666,0.018101835982487734,0.018101835982487734
98.33333333333333,0.018081353085089034,0.018081353085089034
98.375,0.018010696648750227,0.018010696648750227
98.41666666666666,0.01790101266059765,0.01790101266059765
98.45833333333333,0.01776113088700723,0.01776113088700723
98.5,0.017598057114469327,0.017598057114469327
98.54166666666666,0.017417335610869993,0.017417335610869993
98.58333333333333,0.0172233584848866,0.0172233584848866
98.625,0.01701959995809717,0.01701959995809717
98.66666666666666,0.016808807026986793,0.016808807026986793
98.70833333333333,0.016593149443805952,0.016593149443805952
98.75,0.016374338810998947,0.016374338810998947
98.79166666666666,0.016153723387605175,0.016153723387605175
98.83333333333333,0.015932363075547504,0.015932363075547504
98.875,0.01571108910671106,0.01571108910671106
98.91666666666666,0.015490551327638526,0.015490551327638526
98.95833333333333,0.015271255767455593,0.015271255767455593
99.0,0.015053594445652454,0.015053594445652454
99.04166666666666,0.01606601345951474,0.01606601345951474
99.08333333333333,0.016809265819473566,0.016809265819473566
99.125,0.0173397852758269,0.0173397852758269
99.16666666666666,0.017702309330362286,0.017702309330362286
99.20833333333333,0.01793235684385351,0.01793235684385351
99.25,0.018058075592387746,0.018058075592387746
99.29166666666666,0.018101835982488497,0.018101835982488497
99.33333333333333,0.018081353085091175,0.018081353085091175
99.375,0.018010696648752638,0.018010696648752638
99.41666666666666,0.017901012660599458,0.017901012660599458
99.45833333333333,0.01776113088700901,0.01776113088700901
99.5,0.017598057114470784,0.017598057114470784
99.54166666666666,0.01741733561087133,0.01741733561087133
99.58333333333333,0.01722335848488782,0.01722335848488782
99.625,0.01701959995809828,0.01701959995809828
99.66666666666666,0.01680880702698784,0.01680880702698784
99.70833333333333,0.016593149443806934,0.016593149443806934
99.75,0.016374338810999884,0.016374338810999884
99.79166666666666,0.016153723387606074,0.016153723387606074
99.83333333333333,0.015932363075548378,0.015932363075548378
99.875,0.015711089106711915,0.015711089106711915
99.91666666666666,0.015490551327639367,0.015490551327639367
99.95833333333333,0.01527125576745642,0.01527125576745642
100.0,0.015053594445653271,0.015053594445653271
